challenge_id	master_id	public_id	pool	tier	tier_basis	total_length	in_draw	ms1190_status	ms1190_seq
ac-v1-00001	INTLB-b4-604-0	ACP-038258	interleaved_b	T2_medium	100k	27	true		
ac-v1-00002	MS-n6-wXXYYYxyxY	ACP-000603	ms_expanded	T4_frontier	100k	25	true		
ac-v1-00003	MS-n3-wXYYYYYxYY	ACP-019402	ms_expanded	T1_easy	10k_final	19	true		
ac-v1-00004	MS-n6-wYYYYYYXyxY	ACP-023309	ms_expanded	T2_medium	100k	26	true		
ac-v1-00005	INTLB-b4-1251-1	ACP-039764	interleaved_b	T1_easy	10k_final	29	true		
ac-v1-00006	INTLB-b4-2095-1	ACP-037486	interleaved_b	T1_easy	10k_final	32	true		
ac-v1-00007	MS-n4-wXXXYYxxyxy	ACP-027921	ms_expanded	T4_frontier	100k	22	true		
ac-v1-00008	AUTH-16_6-k0-0	ACP-017808	aut_hard	T5_moonshot	100k	16	true		
ac-v1-00009	INTLB-b4-1491-1	ACP-041190	interleaved_b	T1_easy	10k_final	22	true		
ac-v1-00010	INTLB-b4-3144-1	ACP-045605	interleaved_b	T2_medium	100k	31	true		
ac-v1-00011	INTLB-b4-1829-1	ACP-038472	interleaved_b	T3_hard_solvable	100k	27	true		
ac-v1-00012	INTLB-b4-1239-0	ACP-040312	interleaved_b	T1_easy	10k_final	26	true		
ac-v1-00013	INTLB-b4-1342-1	ACP-040849	interleaved_b	T2_medium	100k	34	true		
ac-v1-00014	MS-n10-wXyxyyy	ACP-010164	ms_expanded	T4_frontier	100k	30	true		
ac-v1-00015	INTLB-b4-96-0	ACP-037931	interleaved_b	T3_hard_solvable	100k	21	true		
ac-v1-00016	MS-n5-wYxyyXyy	ACP-023989	ms_expanded	T2_medium	100k	21	true	uncertified	733
ac-v1-00017	INTLB-b3t-300-0	ACP-037736	interleaved_b	T1_easy	10k_final	27	true		
ac-v1-00018	INTLB-b4-169-0	ACP-042629	interleaved_b	T1_easy	10k_final	23	true		
ac-v1-00019	MS-n10-wYXYxyy	ACP-028704	ms_expanded	T4_frontier	100k	30	true		
ac-v1-00020	INTLB-b3t-143-1	ACP-044525	interleaved_b	T1_easy	10k_final	32	true		
ac-v1-00021	INTLB-b4-1192-0	ACP-045639	interleaved_b	T1_easy	10k_final	33	true		
ac-v1-00022	INTL-b2-84-0	ACP-036406	interleaved	T1_easy	10k_final	23	true		
ac-v1-00023	INTLB-b3t-493-1	ACP-046306	interleaved_b	T1_easy	10k_final	31	true		
ac-v1-00024	INTLB-b4-63-1	ACP-044001	interleaved_b	T2_medium	100k	27	true		
ac-v1-00025	MS-n10-wyXyxY	ACP-008346	ms_expanded	T4_frontier	100k	29	true		
ac-v1-00026	MS-n5-wXXXYxyxyxY	ACP-001962	ms_expanded	T4_frontier	100k	24	true		
ac-v1-00027	INTLB-b4-44-0	ACP-043561	interleaved_b	T2_medium	100k	33	true		
ac-v1-00028	MS-n3-wXYxYYY	ACP-037148	ms_expanded	T1_easy	10k_final	16	true	uncertified	486
ac-v1-00029	INTLB-b4-1646-1	ACP-039186	interleaved_b	T1_easy	10k_final	33	true		
ac-v1-00030	INTLB-b4-2044-0	ACP-042443	interleaved_b	T2_medium	100k	21	true		
ac-v1-00031	INTLB-b4-2924-0	ACP-037471	interleaved_b	T2_medium	100k	33	true		
ac-v1-00032	INTLB-b3t-822-1	ACP-045926	interleaved_b	T1_easy	10k_final	25	true		
ac-v1-00033	INTL-b4-138-0	ACP-000228	interleaved	T1_easy	10k_final	31	true		
ac-v1-00034	INTLB-b3t-186-1	ACP-045587	interleaved_b	T1_easy	10k_final	25	true		
ac-v1-00035	AUTH-19_34-k1-0	ACP-026711	aut_hard	T5_moonshot	100k	19	true		
ac-v1-00036	MS-n5-wXXXYYxYxxy	ACP-018119	ms_expanded	T4_frontier	100k	24	true		
ac-v1-00037	INTLB-b4-1030-0	ACP-041193	interleaved_b	T1_easy	10k_final	31	true		
ac-v1-00038	MS-n6-wyyXyyxyyyy	ACP-022706	ms_expanded	T2_medium	100k	26	true		
ac-v1-00039	AUTH-21_21-k1-3	ACP-023403	aut_hard	T5_moonshot	100k	21	true		
ac-v1-00040	MS-n7-wXyxxyXy	ACP-021851	ms_expanded	T5_moonshot	100k	25	false	open	770
ac-v1-00041	INTLB-b4-1975-0	ACP-043932	interleaved_b	T1_easy	10k_final	19	true		
ac-v1-00042	MS-n3-wXYYYYYxyyy	ACP-016145	ms_expanded	T1_easy	10k_final	20	true		
ac-v1-00043	INTLB-b4-1700-0	ACP-043604	interleaved_b	T2_medium	100k	21	true		
ac-v1-00044	MS-n5-wXXyyxyxY	ACP-025981	ms_expanded	T4_frontier	100k	22	true		
ac-v1-00045	MS-n3-wXyxxyXY	ACP-005936	ms_expanded	T5_moonshot	100k	17	false	open	990
ac-v1-00046	MS-n5-wYYXYxYYYY	ACP-022187	ms_expanded	T2_medium	100k	23	true		
ac-v1-00047	INTLB-b3t-652-1	ACP-044592	interleaved_b	T1_easy	10k_final	34	true		
ac-v1-00048	INTLB-b3t-323-1	ACP-045377	interleaved_b	T1_easy	10k_final	34	true		
ac-v1-00049	MS-n3-wXYXyxxyyyy	ACP-023393	ms_expanded	T1_easy	10k_final	20	true		
ac-v1-00050	INTLB-b4-1977-1	ACP-042783	interleaved_b	T1_easy	10k_final	26	true		
ac-v1-00051	MS-n6-wXXYYxYYxy	ACP-017665	ms_expanded	T4_frontier	100k	25	true		
ac-v1-00052	INTLB-b4-1470-0	ACP-041465	interleaved_b	T1_easy	10k_final	28	true		
ac-v1-00053	MS-n3-wXXyyxxYY	ACP-020731	ms_expanded	T4_frontier	100k	18	true		
ac-v1-00054	MS-n7-wXXYxxy	ACP-029964	ms_expanded	T5_moonshot	100k	24	true	open	364
ac-v1-00055	INTLB-b4-3968-0	ACP-040262	interleaved_b	T3_hard_solvable	100k	28	true		
ac-v1-00056	MS-n3-wXXyxxy	ACP-015405	ms_expanded	T4_frontier	100k	16	true	open	367
ac-v1-00057	INTLB-b3t-485-1	ACP-043894	interleaved_b	T1_easy	10k_final	30	true		
ac-v1-00058	INTL-b3-118-0	ACP-020588	interleaved	T1_easy	10k_final	28	true		
ac-v1-00059	INTLB-b3t-306-0	ACP-046831	interleaved_b	T1_easy	10k_final	31	true		
ac-v1-00060	MS-n10-wXXYxyxy	ACP-000638	ms_expanded	T4_frontier	100k	31	true		
ac-v1-00061	INTLB-b4-1693-0	ACP-041977	interleaved_b	T1_easy	10k_final	30	true		
ac-v1-00062	INTLB-b3t-419-0	ACP-044850	interleaved_b	T3_hard_solvable	100k	32	true		
ac-v1-00063	AUTH-23_11-k1-0	ACP-017548	aut_hard	T5_moonshot	100k	35	true		
ac-v1-00064	INTLB-b4-1860-1	ACP-042902	interleaved_b	T1_easy	10k_final	26	true		
ac-v1-00065	INTLB-b4-1669-1	ACP-045912	interleaved_b	T1_easy	10k_final	33	true		
ac-v1-00066	AUTH-16_4-k1-1	ACP-013229	aut_hard	T5_moonshot	100k	16	true		
ac-v1-00067	AUTH-19_4-k1-3	ACP-015247	aut_hard	T5_moonshot	100k	27	true		
ac-v1-00068	INTLB-b4-255-0	ACP-041176	interleaved_b	T2_medium	100k	29	true		
ac-v1-00069	INTLB-b4-2619-1	ACP-045241	interleaved_b	T3_hard_solvable	100k	34	true		
ac-v1-00070	INTL-b2-100-1	ACP-012827	interleaved	T1_easy	10k_final	29	true		
ac-v1-00071	MS-n7-wYYxyyyyXyy	ACP-024595	ms_expanded	T1_easy	10k_final	28	true		
ac-v1-00072	MS-n9-wXXYxyxy	ACP-028606	ms_expanded	T4_frontier	100k	29	true		
ac-v1-00073	INTLB-b3t-489-1	ACP-046826	interleaved_b	T1_easy	10k_final	25	true		
ac-v1-00074	INTLB-b4-2962-1	ACP-041527	interleaved_b	T3_hard_solvable	100k	35	true		
ac-v1-00075	INTLB-b4-1239-1	ACP-040282	interleaved_b	T1_easy	10k_final	35	true		
ac-v1-00076	INTLB-b3t-585-1	ACP-041197	interleaved_b	T1_easy	10k_final	24	true		
ac-v1-00077	INTLB-b4-2024-1	ACP-046219	interleaved_b	T2_medium	100k	33	true		
ac-v1-00078	MS-n5-wYxyyXyyyyy	ACP-016314	ms_expanded	T2_medium	100k	24	true		
ac-v1-00079	INTLB-b4-3072-0	ACP-037282	interleaved_b	T3_hard_solvable	100k	32	true		
ac-v1-00080	AUTH-22_14-k12-0	ACP-017493	aut_hard	T5_moonshot	100k	24	true		
ac-v1-00081	INTLB-b4-652-0	ACP-047208	interleaved_b	T2_medium	100k	33	true		
ac-v1-00082	MS-n10-wXyyyyyxYY	ACP-003986	ms_expanded	T1_easy	10k_final	33	true		
ac-v1-00083	MS-n3-wYYXYxYY	ACP-022476	ms_expanded	T1_easy	10k_final	17	true	uncertified	962
ac-v1-00084	AUTH-16_2-k0-0	ACP-001743	aut_hard	T5_moonshot	100k	16	true		
ac-v1-00085	MS-n6-wXyxyy	ACP-015549	ms_expanded	T4_frontier	100k	21	true	open	174
ac-v1-00086	INTL-b4-101-1	ACP-007447	interleaved	T1_easy	10k_final	19	true		
ac-v1-00087	INTLB-b3t-641-0	ACP-043355	interleaved_b	T1_easy	10k_final	29	true		
ac-v1-00088	INTLB-b4-2092-0	ACP-038381	interleaved_b	T1_easy	10k_final	33	true		
ac-v1-00089	MS-n8-wXXXYxxyyxY	ACP-016378	ms_expanded	T4_frontier	100k	30	true		
ac-v1-00090	INTLB-b4-3568-0	ACP-041051	interleaved_b	T2_medium	100k	25	true		
ac-v1-00091	INTLB-b4-2846-0	ACP-040429	interleaved_b	T2_medium	100k	28	true		
ac-v1-00092	INTLB-b3t-888-1	ACP-043044	interleaved_b	T1_easy	10k_final	35	true		
ac-v1-00093	INTLB-b4-2778-1	ACP-045517	interleaved_b	T2_medium	100k	31	true		
ac-v1-00094	MS-n6-wXYYYxYYYYY	ACP-020362	ms_expanded	T1_easy	10k_final	26	true		
ac-v1-00095	AUTH-17_35-k0-0	ACP-007448	aut_hard	T5_moonshot	100k	17	true		
ac-v1-00096	MS-n7-wYYXyxYYYY	ACP-003430	ms_expanded	T1_easy	10k_final	27	true		
ac-v1-00097	INTLB-b3t-543-0	ACP-039910	interleaved_b	T1_easy	10k_final	27	true		
ac-v1-00098	INTLB-b4-1975-1	ACP-041838	interleaved_b	T1_easy	10k_final	25	true		
ac-v1-00099	MS-n7-wyXyxy	ACP-007753	ms_expanded	T5_moonshot	100k	23	true	open	112
ac-v1-00100	INTLB-b3t-811-1	ACP-044138	interleaved_b	T1_easy	10k_final	33	true		
ac-v1-00101	MS-n3-wyxyyXyy	ACP-014304	ms_expanded	T1_easy	10k_final	17	true	uncertified	542
ac-v1-00102	INTLB-b3t-835-1	ACP-042684	interleaved_b	T1_easy	10k_final	29	true		
ac-v1-00103	INTLB-b4-1723-1	ACP-045088	interleaved_b	T1_easy	10k_final	33	true		
ac-v1-00104	MS-n2-wXYxY	ACP-005966	ms_expanded	T0_warmup	10k_final	12	true	uncertified	58
ac-v1-00105	AUTH-19_4-k1-1	ACP-024865	aut_hard	T5_moonshot	100k	19	true		
ac-v1-00106	MS-n10-wXyxY	ACP-029325	ms_expanded	T4_frontier	100k	28	true		
ac-v1-00107	MS-n3-wXXYYxyyxy	ACP-026933	ms_expanded	T4_frontier	100k	19	true		
ac-v1-00108	MS-n8-wXYYYYxYYYY	ACP-030974	ms_expanded	T1_easy	10k_final	30	true		
ac-v1-00109	MS-n5-wXXXXYxxxxY	ACP-029869	ms_expanded	T4_frontier	100k	24	true		
ac-v1-00110	INTLB-b4-203-1	ACP-046206	interleaved_b	T1_easy	10k_final	28	true		
ac-v1-00111	INTLB-b4-1612-1	ACP-045726	interleaved_b	T3_hard_solvable	100k	30	true		
ac-v1-00112	INTLB-b3t-572-0	ACP-039795	interleaved_b	T1_easy	10k_final	19	true		
ac-v1-00113	INTLB-b3t-56-1	ACP-039106	interleaved_b	T2_medium	100k	34	true		
ac-v1-00114	MS-n7-wYYXYxyy	ACP-019462	ms_expanded	T4_frontier	100k	25	true	open	987
ac-v1-00115	INTLB-b4-2545-0	ACP-038808	interleaved_b	T3_hard_solvable	100k	29	true		
ac-v1-00116	MS-n2-wXXXYYxxxyy	ACP-025805	ms_expanded	T4_frontier	100k	18	true		
ac-v1-00117	INTLB-b4-1426-0	ACP-039354	interleaved_b	T1_easy	10k_final	29	true		
ac-v1-00118	MS-n6-wXXyxYxYY	ACP-009943	ms_expanded	T4_frontier	100k	24	true		
ac-v1-00119	INTLB-b4-3296-0	ACP-044145	interleaved_b	T3_hard_solvable	100k	24	true		
ac-v1-00120	INTLB-b4-1974-0	ACP-038900	interleaved_b	T1_easy	10k_final	25	true		
ac-v1-00121	INTLB-b3t-579-1	ACP-039843	interleaved_b	T1_easy	10k_final	26	true		
ac-v1-00122	INTLB-b4-1562-1	ACP-045995	interleaved_b	T1_easy	10k_final	32	true		
ac-v1-00123	INTLB-b4-1282-1	ACP-040235	interleaved_b	T1_easy	10k_final	31	true		
ac-v1-00124	INTLB-b4-3943-1	ACP-043500	interleaved_b	T3_hard_solvable	100k	33	true		
ac-v1-00125	INTLB-b4-2683-1	ACP-045463	interleaved_b	T2_medium	100k	29	true		
ac-v1-00126	INTL-b2-166-0	ACP-030971	interleaved	T1_easy	10k_final	34	true		
ac-v1-00127	INTLB-b4-2191-0	ACP-044085	interleaved_b	T2_medium	100k	33	true		
ac-v1-00128	INTLB-b4-1607-0	ACP-046028	interleaved_b	T2_medium	100k	34	true		
ac-v1-00129	MS-n6-wyyXyyyyyxy	ACP-013111	ms_expanded	T2_medium	100k	26	true		
ac-v1-00130	INTLB-b4-313-0	ACP-038847	interleaved_b	T2_medium	100k	30	true		
ac-v1-00131	INTLB-b4-1323-0	ACP-039636	interleaved_b	T1_easy	10k_final	29	true		
ac-v1-00132	MS-n4-wYXYxyyy	ACP-028900	ms_expanded	T4_frontier	100k	19	true	open	1173
ac-v1-00133	INTLB-b4-2972-1	ACP-044671	interleaved_b	T3_hard_solvable	100k	29	true		
ac-v1-00134	MS-n4-wXXYXyxxxy	ACP-020410	ms_expanded	T4_frontier	100k	21	true		
ac-v1-00135	INTLB-b3t-677-0	ACP-041042	interleaved_b	T1_easy	10k_final	16	true		
ac-v1-00136	INTLB-b3t-324-0	ACP-042826	interleaved_b	T1_easy	10k_final	28	true		
ac-v1-00137	AUTH-AK(3)-k1-0	ACP-024512	aut_hard	T5_moonshot	10k_final	16	true		
ac-v1-00138	MS-n10-wyXyxy	ACP-018311	ms_expanded	T4_frontier	100k	29	true		
ac-v1-00139	MS-n5-wYXYxYYYY	ACP-036316	ms_expanded	T2_medium	100k	22	true		
ac-v1-00140	MS-n9-wXXXYxxYxy	ACP-036711	ms_expanded	T4_frontier	100k	31	true		
ac-v1-00141	MS-n3-wXXYYxxYYY	ACP-002244	ms_expanded	T4_frontier	100k	19	true		
ac-v1-00142	INTLB-b3t-410-1	ACP-045567	interleaved_b	T1_easy	10k_final	24	true		
ac-v1-00143	INTLB-b3t-647-0	ACP-044296	interleaved_b	T1_easy	10k_final	33	true		
ac-v1-00144	INTLB-b4-469-0	ACP-044907	interleaved_b	T2_medium	100k	28	true		
ac-v1-00145	MS-n1-wXyyyxxyXy	ACP-007648	ms_expanded	T1_easy	10k_final	15	true		
ac-v1-00146	MS-n6-wXYYYYxy	ACP-012820	ms_expanded	T4_frontier	100k	23	true	open	888
ac-v1-00147	MS-n2-wXyyxxyXy	ACP-007877	ms_expanded	T1_easy	10k_final	16	true		
ac-v1-00148	INTLB-b4-1471-1	ACP-046935	interleaved_b	T2_medium	100k	33	true		
ac-v1-00149	INTLB-b4-10-0	ACP-042999	interleaved_b	T2_medium	100k	33	true		
ac-v1-00150	INTLB-b4-1171-0	ACP-045574	interleaved_b	T1_easy	10k_final	28	true		
ac-v1-00151	INTLB-b4-2049-1	ACP-045652	interleaved_b	T3_hard_solvable	100k	32	true		
ac-v1-00152	INTLB-b4-1895-1	ACP-043414	interleaved_b	T2_medium	100k	25	true		
ac-v1-00153	INTLB-b4-1762-0	ACP-044237	interleaved_b	T3_hard_solvable	100k	31	true		
ac-v1-00154	INTL-b2-31-0	ACP-004481	interleaved	T1_easy	10k_final	19	true		
ac-v1-00155	INTLB-b4-1755-1	ACP-044492	interleaved_b	T3_hard_solvable	100k	22	true		
ac-v1-00156	INTLB-b4-197-0	ACP-037780	interleaved_b	T2_medium	100k	27	true		
ac-v1-00157	INTLB-b4-312-0	ACP-039559	interleaved_b	T2_medium	100k	22	true		
ac-v1-00158	INTLB-b4-1093-1	ACP-041081	interleaved_b	T2_medium	100k	34	true		
ac-v1-00159	INTLB-b3t-82-1	ACP-046927	interleaved_b	T1_easy	10k_final	31	true		
ac-v1-00160	INTLB-b4-246-1	ACP-041672	interleaved_b	T3_hard_solvable	100k	33	true		
ac-v1-00161	INTLB-b4-2374-0	ACP-042056	interleaved_b	T2_medium	100k	35	true		
ac-v1-00162	INTLB-b3t-645-0	ACP-037299	interleaved_b	T1_easy	10k_final	19	true		
ac-v1-00163	INTLB-b4-1194-0	ACP-046928	interleaved_b	T1_easy	10k_final	31	true		
ac-v1-00164	MS-n3-wXyXyxxy	ACP-033329	ms_expanded	T5_moonshot	100k	17	false	open	997
ac-v1-00165	INTLB-b4-2030-0	ACP-037555	interleaved_b	T3_hard_solvable	100k	29	true		
ac-v1-00166	INTLB-b3t-4-0	ACP-044430	interleaved_b	T1_easy	10k_final	32	true		
ac-v1-00167	INTLB-b4-307-1	ACP-041618	interleaved_b	T2_medium	100k	27	true		
ac-v1-00168	INTL-b4-204-0	ACP-013988	interleaved	T3_hard_solvable	100k	21	true		
ac-v1-00169	INTLB-b3t-912-0	ACP-037854	interleaved_b	T1_easy	10k_final	34	true		
ac-v1-00170	INTLB-b4-1812-1	ACP-045326	interleaved_b	T1_easy	10k_final	29	true		
ac-v1-00171	INTL-b3-14-1	ACP-008942	interleaved	T1_easy	10k_final	17	true		
ac-v1-00172	INTLB-b4-1099-1	ACP-037690	interleaved_b	T1_easy	10k_final	29	true		
ac-v1-00173	INTLB-b4-1403-0	ACP-044391	interleaved_b	T1_easy	10k_final	31	true		
ac-v1-00174	MS-n3-wyyXyyxy	ACP-009197	ms_expanded	T1_easy	10k_final	17	true	uncertified	675
ac-v1-00175	INTLB-b4-127-0	ACP-044883	interleaved_b	T3_hard_solvable	100k	21	true		
ac-v1-00176	INTLB-b4-1151-0	ACP-042158	interleaved_b	T2_medium	100k	35	true		
ac-v1-00177	INTLB-b4-1567-0	ACP-038523	interleaved_b	T1_easy	10k_final	33	true		
ac-v1-00178	MS-n8-wXXYxYxy	ACP-030640	ms_expanded	T4_frontier	100k	27	true		
ac-v1-00179	MS-n6-wXXXYxxYxY	ACP-033563	ms_expanded	T4_frontier	100k	25	true		
ac-v1-00180	INTLB-b4-202-1	ACP-042775	interleaved_b	T1_easy	10k_final	31	true		
ac-v1-00181	INTL-b4-123-1	ACP-026884	interleaved	T1_easy	10k_final	19	true		
ac-v1-00182	INTLB-b4-1490-1	ACP-042303	interleaved_b	T1_easy	10k_final	35	true		
ac-v1-00183	MS-n3-wXYYxY	ACP-018988	ms_expanded	T1_easy	10k_final	15	true	uncertified	164
ac-v1-00184	INTLB-b4-2166-1	ACP-039067	interleaved_b	T1_easy	10k_final	31	true		
ac-v1-00185	AUTH-19_7-k1-0	ACP-003653	aut_hard	T5_moonshot	100k	25	true		
ac-v1-00186	INTLB-b4-3977-1	ACP-042961	interleaved_b	T2_medium	100k	29	true		
ac-v1-00187	INTLB-b4-2520-0	ACP-040354	interleaved_b	T2_medium	100k	35	true		
ac-v1-00188	INTLB-b4-539-0	ACP-040421	interleaved_b	T2_medium	100k	28	true		
ac-v1-00189	MS-n4-wXXXYxYYxxy	ACP-031072	ms_expanded	T4_frontier	100k	22	true		
ac-v1-00190	INTLB-b4-196-0	ACP-047111	interleaved_b	T1_easy	10k_final	25	true		
ac-v1-00191	MS-n7-wXXYxYxYY	ACP-008461	ms_expanded	T4_frontier	100k	26	true		
ac-v1-00192	INTLB-b4-3287-0	ACP-041985	interleaved_b	T3_hard_solvable	100k	25	true		
ac-v1-00193	INTLB-b4-682-0	ACP-044780	interleaved_b	T2_medium	100k	26	true		
ac-v1-00194	INTLB-b4-3997-0	ACP-038673	interleaved_b	T3_hard_solvable	100k	27	true		
ac-v1-00195	INTLB-b3t-136-1	ACP-039461	interleaved_b	T1_easy	10k_final	19	true		
ac-v1-00196	INTLB-b3t-802-1	ACP-046184	interleaved_b	T1_easy	10k_final	27	true		
ac-v1-00197	INTL-b3-175-1	ACP-011504	interleaved	T1_easy	10k_final	29	true		
ac-v1-00198	INTLB-b4-580-1	ACP-043049	interleaved_b	T3_hard_solvable	100k	34	true		
ac-v1-00199	INTLB-b4-1775-1	ACP-046471	interleaved_b	T3_hard_solvable	100k	32	true		
ac-v1-00200	INTLB-b4-2293-0	ACP-041636	interleaved_b	T2_medium	100k	24	true		
ac-v1-00201	MS-n6-wYYYxyXyy	ACP-028132	ms_expanded	T1_easy	10k_final	24	true		
ac-v1-00202	MS-n7-wXXXYxyxxYY	ACP-025653	ms_expanded	T4_frontier	100k	28	true		
ac-v1-00203	INTLB-b4-2416-0	ACP-044701	interleaved_b	T2_medium	100k	29	true		
ac-v1-00204	MS-n7-wYXyyyxyyyy	ACP-032091	ms_expanded	T1_easy	10k_final	28	true		
ac-v1-00205	MS-n7-wXXXyxxxyy	ACP-014836	ms_expanded	T4_frontier	100k	27	true		
ac-v1-00206	MS-n4-wXXXYxYxxyy	ACP-034799	ms_expanded	T4_frontier	100k	22	true		
ac-v1-00207	MS-n8-wYXYYYxyyy	ACP-023068	ms_expanded	T1_easy	10k_final	29	true		
ac-v1-00208	AUTH-20_3-k12-0	ACP-003384	aut_hard	T5_moonshot	100k	29	true		
ac-v1-00209	INTLB-b4-2106-0	ACP-040001	interleaved_b	T3_hard_solvable	100k	33	true		
ac-v1-00210	INTLB-b4-1022-1	ACP-046128	interleaved_b	T1_easy	10k_final	33	true		
ac-v1-00211	INTLB-b4-1754-0	ACP-040913	interleaved_b	T1_easy	10k_final	35	true		
ac-v1-00212	INTL-b2-124-1	ACP-023505	interleaved	T1_easy	10k_final	33	true		
ac-v1-00213	INTL-b3-124-0	ACP-031340	interleaved	T1_easy	10k_final	27	true		
ac-v1-00214	AUTH-22_1-k1-0	ACP-030606	aut_hard	T5_moonshot	100k	33	true		
ac-v1-00215	INTLB-b4-309-0	ACP-039177	interleaved_b	T3_hard_solvable	100k	19	true		
ac-v1-00216	INTLB-b4-133-1	ACP-041358	interleaved_b	T1_easy	10k_final	29	true		
ac-v1-00217	MS-n2-wXXyxyyxyyy	ACP-007897	ms_expanded	T1_easy	10k_final	18	true		
ac-v1-00218	INTLB-b4-553-0	ACP-039108	interleaved_b	T2_medium	100k	24	true		
ac-v1-00219	INTLB-b3t-802-0	ACP-040359	interleaved_b	T1_easy	10k_final	24	true		
ac-v1-00220	INTLB-b4-1569-1	ACP-043021	interleaved_b	T1_easy	10k_final	26	true		
ac-v1-00221	INTLB-b3t-799-0	ACP-046627	interleaved_b	T1_easy	10k_final	31	true		
ac-v1-00222	INTLB-b4-1007-0	ACP-045958	interleaved_b	T2_medium	100k	31	true		
ac-v1-00223	INTLB-b3t-861-1	ACP-046295	interleaved_b	T1_easy	10k_final	27	true		
ac-v1-00224	INTLB-b4-1599-0	ACP-045247	interleaved_b	T3_hard_solvable	100k	23	true		
ac-v1-00225	INTLB-b4-176-1	ACP-038639	interleaved_b	T2_medium	100k	34	true		
ac-v1-00226	INTLB-b4-1288-0	ACP-045784	interleaved_b	T1_easy	10k_final	29	true		
ac-v1-00227	INTLB-b3t-63-1	ACP-040492	interleaved_b	T1_easy	10k_final	31	true		
ac-v1-00228	INTLB-b4-304-0	ACP-042354	interleaved_b	T3_hard_solvable	100k	31	true		
ac-v1-00229	MS-n6-wXXyxxYYY	ACP-027672	ms_expanded	T4_frontier	100k	24	true		
ac-v1-00230	MS-n8-wyXyxY	ACP-035056	ms_expanded	T2_medium	100k	25	true		
ac-v1-00231	MS-n6-wyyyxYXyyyy	ACP-007964	ms_expanded	T2_medium	100k	26	true		
ac-v1-00232	INTLB-b4-2081-0	ACP-037260	interleaved_b	T1_easy	10k_final	33	true		
ac-v1-00233	INTLB-b3t-771-1	ACP-041409	interleaved_b	T1_easy	10k_final	34	true		
ac-v1-00234	INTLB-b3t-883-1	ACP-044576	interleaved_b	T1_easy	10k_final	29	true		
ac-v1-00235	INTLB-b4-1365-0	ACP-046634	interleaved_b	T1_easy	10k_final	25	true		
ac-v1-00236	MS-n9-wYYY	ACP-006471	ms_expanded	T0_warmup	10k_final	25	true		
ac-v1-00237	MS-n3-wXXXYYYxxxy	ACP-012076	ms_expanded	T4_frontier	100k	20	true		
ac-v1-00238	AUTH-17_4-k1-2	ACP-032830	aut_hard	T5_moonshot	100k	17	true		
ac-v1-00239	INTLB-b4-1391-0	ACP-043006	interleaved_b	T1_easy	10k_final	33	true		
ac-v1-00240	INTLB-b4-1332-0	ACP-046409	interleaved_b	T3_hard_solvable	100k	33	true		
ac-v1-00241	INTLB-b4-102-0	ACP-041088	interleaved_b	T1_easy	10k_final	28	true		
ac-v1-00242	INTLB-b4-1275-0	ACP-040731	interleaved_b	T1_easy	10k_final	29	true		
ac-v1-00243	INTLB-b3t-484-1	ACP-042281	interleaved_b	T1_easy	10k_final	36	true		
ac-v1-00244	INTL-b4-44-0	ACP-000358	interleaved	T3_hard_solvable	100k	35	true		
ac-v1-00245	INTLB-b4-2304-1	ACP-042172	interleaved_b	T2_medium	100k	35	true		
ac-v1-00246	INTLB-b4-1393-1	ACP-040707	interleaved_b	T3_hard_solvable	100k	31	true		
ac-v1-00247	MS-n5-wXXXyyxxxy	ACP-001382	ms_expanded	T4_frontier	100k	23	true		
ac-v1-00248	MS-n4-wXXYXYxxxY	ACP-035433	ms_expanded	T4_frontier	100k	21	true		
ac-v1-00249	INTLB-b4-1479-1	ACP-037469	interleaved_b	T2_medium	100k	35	true		
ac-v1-00250	INTLB-b4-1264-0	ACP-046864	interleaved_b	T1_easy	10k_final	35	true		
ac-v1-00251	MS-n6-wYXYYYxY	ACP-026582	ms_expanded	T1_easy	10k_final	23	true	uncertified	825
ac-v1-00252	INTLB-b4-2087-0	ACP-046435	interleaved_b	T1_easy	10k_final	29	true		
ac-v1-00253	INTLB-b4-1129-1	ACP-046143	interleaved_b	T1_easy	10k_final	29	true		
ac-v1-00254	MS-n2-wXXXYxxxY	ACP-017071	ms_expanded	T4_frontier	100k	16	true		
ac-v1-00255	MS-n6-wXXYxYYxY	ACP-018032	ms_expanded	T4_frontier	100k	24	true		
ac-v1-00256	MS-n2-wXXXYxxYxY	ACP-037084	ms_expanded	T4_frontier	100k	17	true		
ac-v1-00257	INTLB-b4-1809-1	ACP-038853	interleaved_b	T3_hard_solvable	100k	27	true		
ac-v1-00258	MS-n7-wYxYYYXy	ACP-004206	ms_expanded	T4_frontier	100k	25	true	open	1127
ac-v1-00259	INTLB-b4-1259-0	ACP-046465	interleaved_b	T1_easy	10k_final	28	true		
ac-v1-00260	AUTH-25_30-k1-1	ACP-022049	aut_hard	T5_moonshot	100k	25	true		
ac-v1-00261	INTLB-b4-1699-1	ACP-043975	interleaved_b	T1_easy	10k_final	27	true		
ac-v1-00262	MS-n7-wYYxyyXyyy	ACP-004411	ms_expanded	T1_easy	10k_final	27	true		
ac-v1-00263	MS-n8-wXyXYxxY	ACP-023781	ms_expanded	T4_frontier	100k	27	true		
ac-v1-00264	INTLB-b4-1382-0	ACP-045839	interleaved_b	T1_easy	10k_final	22	true		
ac-v1-00265	MS-n8-wXXXyxxyxy	ACP-012525	ms_expanded	T4_frontier	100k	29	true		
ac-v1-00266	MS-n5-wYXYYxy	ACP-000877	ms_expanded	T4_frontier	100k	20	true	open	474
ac-v1-00267	INTLB-b3t-64-1	ACP-042970	interleaved_b	T1_easy	10k_final	35	true		
ac-v1-00268	INTLB-b4-2538-0	ACP-042093	interleaved_b	T2_medium	100k	29	true		
ac-v1-00269	MS-n3-wXXXYxYxxYY	ACP-002020	ms_expanded	T4_frontier	100k	20	true		
ac-v1-00270	INTLB-b4-1535-0	ACP-043266	interleaved_b	T1_easy	10k_final	23	true		
ac-v1-00271	MS-n5-wXXyxYxy	ACP-027179	ms_expanded	T5_moonshot	100k	21	false	open	1048
ac-v1-00272	INTLB-b3t-446-0	ACP-038506	interleaved_b	T1_easy	10k_final	19	true		
ac-v1-00273	MS-n4-wyxyXyy	ACP-033749	ms_expanded	T5_moonshot	10k_final	18	false	open	375
ac-v1-00274	INTLB-b4-1333-0	ACP-045888	interleaved_b	T2_medium	100k	30	true		
ac-v1-00275	MS-n7-wXyyyyxyyyy	ACP-027437	ms_expanded	T1_easy	10k_final	28	true		
ac-v1-00276	INTLB-b4-1004-1	ACP-042892	interleaved_b	T0_warmup	10k_final	31	true		
ac-v1-00277	MS-n10-wYXYYYYYxyy	ACP-035227	ms_expanded	T1_easy	10k_final	34	true		
ac-v1-00278	INTLB-b3t-252-1	ACP-040378	interleaved_b	T1_easy	10k_final	25	true		
ac-v1-00279	INTLB-b4-1373-1	ACP-047207	interleaved_b	T1_easy	10k_final	27	true		
ac-v1-00280	MS-n10-wXXyxxYYY	ACP-030819	ms_expanded	T4_frontier	100k	32	true		
ac-v1-00281	INTLB-b3t-240-0	ACP-041739	interleaved_b	T1_easy	10k_final	31	true		
ac-v1-00282	INTLB-b3t-182-1	ACP-043252	interleaved_b	T1_easy	10k_final	35	true		
ac-v1-00283	AUTH-21_14-k1-0	ACP-012117	aut_hard	T5_moonshot	100k	21	true		
ac-v1-00284	AUTH-22_8-k0-0	ACP-030517	aut_hard	T5_moonshot	100k	22	true		
ac-v1-00285	MS-n10-wXXYxxy	ACP-030865	ms_expanded	T4_frontier	100k	30	true		
ac-v1-00286	MS-n2-wYYXYxY	ACP-030948	ms_expanded	T1_easy	10k_final	14	true	uncertified	233
ac-v1-00287	INTLB-b4-2848-1	ACP-038379	interleaved_b	T2_medium	100k	29	true		
ac-v1-00288	INTL-b3-133-1	ACP-032108	interleaved	T1_easy	10k_final	29	true		
ac-v1-00289	MS-n6-wXyyyxyyyy	ACP-031627	ms_expanded	T1_easy	10k_final	25	true		
ac-v1-00290	INTLB-b4-642-0	ACP-039903	interleaved_b	T2_medium	100k	23	true		
ac-v1-00291	INTL-b4-184-1	ACP-022054	interleaved	T1_easy	10k_final	30	true		
ac-v1-00292	MS-n7-wyXyyxy	ACP-033047	ms_expanded	T4_frontier	100k	24	true	open	497
ac-v1-00293	MS-n3-wXXXYxxYxY	ACP-024886	ms_expanded	T4_frontier	100k	19	true		
ac-v1-00294	AUTH-25_22-k0-0	ACP-016066	aut_hard	T5_moonshot	100k	25	true		
ac-v1-00295	INTLB-b4-1985-1	ACP-046810	interleaved_b	T1_easy	10k_final	27	true		
ac-v1-00296	INTLB-b4-306-1	ACP-038534	interleaved_b	T3_hard_solvable	100k	35	true		
ac-v1-00297	INTL-b4-185-0	ACP-031582	interleaved	T2_medium	100k	33	true		
ac-v1-00298	INTLB-b3t-439-1	ACP-044172	interleaved_b	T3_hard_solvable	100k	35	true		
ac-v1-00299	AUTH-19_45-k0-0	ACP-019560	aut_hard	T5_moonshot	100k	19	true		
ac-v1-00300	INTLB-b4-220-1	ACP-045723	interleaved_b	T1_easy	10k_final	31	true		
ac-v1-00301	MS-n5-wXyxxyXY	ACP-009633	ms_expanded	T5_moonshot	100k	21	false	open	992
ac-v1-00302	INTLB-b4-1793-0	ACP-041091	interleaved_b	T1_easy	10k_final	23	true		
ac-v1-00303	INTLB-b4-1386-0	ACP-039927	interleaved_b	T1_easy	10k_final	36	true		
ac-v1-00304	INTLB-b4-1044-0	ACP-039650	interleaved_b	T1_easy	10k_final	24	true		
ac-v1-00305	INTLB-b4-2450-0	ACP-039692	interleaved_b	T2_medium	100k	20	true		
ac-v1-00306	INTLB-b4-3312-0	ACP-044361	interleaved_b	T3_hard_solvable	100k	24	true		
ac-v1-00307	MS-n10-wXXXyxxxy	ACP-036923	ms_expanded	T4_frontier	100k	32	true		
ac-v1-00308	MS-n6-wyxYXyyy	ACP-013401	ms_expanded	T2_medium	100k	23	true	uncertified	762
ac-v1-00309	AUTH-25_24-k12-1	ACP-000978	aut_hard	T5_moonshot	100k	35	true		
ac-v1-00310	MS-n5-wXXYxYxy	ACP-027226	ms_expanded	T5_moonshot	100k	21	false	open	943
ac-v1-00311	INTLB-b4-732-0	ACP-044831	interleaved_b	T2_medium	100k	31	true		
ac-v1-00312	INTLB-b4-1341-1	ACP-038840	interleaved_b	T3_hard_solvable	100k	24	true		
ac-v1-00313	INTLB-b3t-206-0	ACP-040183	interleaved_b	T1_easy	10k_final	29	true		
ac-v1-00314	INTLB-b4-1404-0	ACP-043593	interleaved_b	T3_hard_solvable	100k	32	true		
ac-v1-00315	INTLB-b3t-944-0	ACP-037365	interleaved_b	T1_easy	10k_final	34	true		
ac-v1-00316	MS-n6-wyXyyxYYY	ACP-014117	ms_expanded	T1_easy	10k_final	24	true		
ac-v1-00317	INTLB-b3t-426-1	ACP-043033	interleaved_b	T1_easy	10k_final	19	true		
ac-v1-00318	INTLB-b4-1532-0	ACP-041120	interleaved_b	T1_easy	10k_final	35	true		
ac-v1-00319	INTLB-b4-1327-0	ACP-046323	interleaved_b	T3_hard_solvable	100k	34	true		
ac-v1-00320	MS-n3-wYYYXyxy	ACP-000504	ms_expanded	T5_moonshot	10k_final	17	false	open	507
ac-v1-00321	MS-n5-wXXYxyyxy	ACP-034790	ms_expanded	T4_frontier	100k	22	true		
ac-v1-00322	INTLB-b4-2040-1	ACP-042137	interleaved_b	T1_easy	10k_final	27	true		
ac-v1-00323	MS-n9-wXYYYxY	ACP-009210	ms_expanded	T4_frontier	100k	28	true		
ac-v1-00324	MS-n8-wXYYxY	ACP-015641	ms_expanded	T4_frontier	100k	25	true		
ac-v1-00325	INTLB-b4-3328-0	ACP-043261	interleaved_b	T3_hard_solvable	100k	31	true		
ac-v1-00326	INTLB-b4-1739-0	ACP-040328	interleaved_b	T1_easy	10k_final	25	true		
ac-v1-00327	INTLB-b4-846-1	ACP-038975	interleaved_b	T2_medium	100k	33	true		
ac-v1-00328	INTLB-b4-1235-1	ACP-040101	interleaved_b	T1_easy	10k_final	31	true		
ac-v1-00329	INTLB-b3t-1-0	ACP-038480	interleaved_b	T1_easy	10k_final	35	true		
ac-v1-00330	INTL-b4-61-0	ACP-036683	interleaved	T2_medium	100k	33	true		
ac-v1-00331	INTLB-b3t-902-0	ACP-040067	interleaved_b	T1_easy	10k_final	21	true		
ac-v1-00332	INTLB-b3t-717-1	ACP-044434	interleaved_b	T1_easy	10k_final	31	true		
ac-v1-00333	INTLB-b3t-416-0	ACP-038212	interleaved_b	T1_easy	10k_final	35	true		
ac-v1-00334	INTLB-b3t-695-0	ACP-044076	interleaved_b	T1_easy	10k_final	31	true		
ac-v1-00335	MS-n9-wXXXYxYxxyy	ACP-013490	ms_expanded	T4_frontier	100k	32	true		
ac-v1-00336	INTLB-b4-2509-0	ACP-047109	interleaved_b	T3_hard_solvable	100k	35	true		
ac-v1-00337	INTL-b1-101-0	ACP-031297	interleaved	T0_warmup	10k_final	33	true		
ac-v1-00338	INTL-b2-157-0	ACP-029476	interleaved	T1_easy	10k_final	17	true		
ac-v1-00339	MS-n4-wXXXYxxYxYY	ACP-011183	ms_expanded	T4_frontier	100k	22	true		
ac-v1-00340	INTLB-b4-2312-0	ACP-047210	interleaved_b	T2_medium	100k	35	true		
ac-v1-00341	INTLB-b4-2474-1	ACP-045288	interleaved_b	T2_medium	100k	33	true		
ac-v1-00342	INTLB-b4-164-1	ACP-039920	interleaved_b	T1_easy	10k_final	29	true		
ac-v1-00343	MS-n9-wYYYYYYYYYY	ACP-031650	ms_expanded	T0_warmup	10k_final	32	true		
ac-v1-00344	INTL-b2-292-0	ACP-024573	interleaved	T1_easy	10k_final	35	true		
ac-v1-00345	MS-n4-wXyyxyyy	ACP-024588	ms_expanded	T1_easy	10k_final	19	true	uncertified	655
ac-v1-00346	INTLB-b4-1858-0	ACP-043813	interleaved_b	T1_easy	10k_final	33	true		
ac-v1-00347	MS-n10-wYxyyXy	ACP-032088	ms_expanded	T4_frontier	100k	30	true		
ac-v1-00348	INTLB-b4-1600-0	ACP-043843	interleaved_b	T3_hard_solvable	100k	31	true		
ac-v1-00349	INTLB-b4-827-0	ACP-045532	interleaved_b	T2_medium	100k	27	true		
ac-v1-00350	INTLB-b3t-841-1	ACP-040912	interleaved_b	T1_easy	10k_final	34	true		
ac-v1-00351	MS-n10-wXXYYYxyxY	ACP-005704	ms_expanded	T4_frontier	100k	33	true		
ac-v1-00352	MS-n6-wXXXYYYxxxY	ACP-021203	ms_expanded	T4_frontier	100k	26	true		
ac-v1-00353	MS-n10-wXXyyyxxy	ACP-033573	ms_expanded	T4_frontier	100k	32	true		
ac-v1-00354	MS-n6-wYYXyxYY	ACP-021771	ms_expanded	T4_frontier	100k	23	true	open	1091
ac-v1-00355	INTL-b4-156-0	ACP-004985	interleaved	T1_easy	10k_final	21	true		
ac-v1-00356	INTL-b2-40-1	ACP-007069	interleaved	T1_easy	10k_final	24	true		
ac-v1-00357	MS-n4-wXXYxYxyy	ACP-028650	ms_expanded	T4_frontier	100k	20	true		
ac-v1-00358	INTLB-b4-1982-1	ACP-037646	interleaved_b	T1_easy	10k_final	30	true		
ac-v1-00359	INTLB-b4-3437-0	ACP-045233	interleaved_b	T2_medium	100k	33	true		
ac-v1-00360	INTLB-b4-2804-1	ACP-044385	interleaved_b	T3_hard_solvable	100k	24	true		
ac-v1-00361	MS-n6-wyxyXyyy	ACP-026860	ms_expanded	T4_frontier	100k	23	false	open	559
ac-v1-00362	INTLB-b4-1410-0	ACP-039815	interleaved_b	T1_easy	10k_final	31	true		
ac-v1-00363	AUTH-17_28-k1-3	ACP-025247	aut_hard	T5_moonshot	100k	17	true		
ac-v1-00364	MS-n9-wYYXYYYxyyy	ACP-020801	ms_expanded	T1_easy	10k_final	32	true		
ac-v1-00365	INTLB-b4-2465-1	ACP-042181	interleaved_b	T2_medium	100k	29	true		
ac-v1-00366	AUTH-25_25-k1-1	ACP-026528	aut_hard	T5_moonshot	100k	37	true		
ac-v1-00367	INTLB-b4-1213-0	ACP-041997	interleaved_b	T1_easy	10k_final	21	true		
ac-v1-00368	MS-n4-wXXyxyxyy	ACP-006889	ms_expanded	T4_frontier	100k	20	true		
ac-v1-00369	INTLB-b4-1523-1	ACP-038986	interleaved_b	T1_easy	10k_final	33	true		
ac-v1-00370	INTLB-b3t-623-0	ACP-037724	interleaved_b	T1_easy	10k_final	32	true		
ac-v1-00371	INTLB-b3t-450-0	ACP-041752	interleaved_b	T1_easy	10k_final	29	true		
ac-v1-00372	MS-n7-wYXYYYYYxYY	ACP-034017	ms_expanded	T2_medium	100k	28	true		
ac-v1-00373	MS-n4-wXXXYYxxxyy	ACP-035595	ms_expanded	T4_frontier	100k	22	true		
ac-v1-00374	INTLB-b4-2793-0	ACP-045398	interleaved_b	T2_medium	100k	27	true		
ac-v1-00375	INTLB-b4-103-1	ACP-042277	interleaved_b	T2_medium	100k	29	true		
ac-v1-00376	INTLB-b3t-303-1	ACP-039978	interleaved_b	T1_easy	10k_final	29	true		
ac-v1-00377	INTL-b2-102-0	ACP-006866	interleaved	T1_easy	10k_final	25	true		
ac-v1-00378	INTLB-b4-3298-1	ACP-041397	interleaved_b	T3_hard_solvable	100k	29	true		
ac-v1-00379	INTLB-b4-2044-1	ACP-040745	interleaved_b	T2_medium	100k	33	true		
ac-v1-00380	INTL-b2-29-1	ACP-012097	interleaved	T1_easy	10k_final	32	true		
ac-v1-00381	INTLB-b4-1717-1	ACP-041157	interleaved_b	T1_easy	10k_final	26	true		
ac-v1-00382	INTLB-b4-1483-1	ACP-042085	interleaved_b	T1_easy	10k_final	32	true		
ac-v1-00383	INTLB-b3t-18-0	ACP-044018	interleaved_b	T1_easy	10k_final	26	true		
ac-v1-00384	INTLB-b4-197-1	ACP-043025	interleaved_b	T1_easy	10k_final	32	true		
ac-v1-00385	INTLB-b4-1891-1	ACP-041324	interleaved_b	T1_easy	10k_final	25	true		
ac-v1-00386	INTLB-b3t-412-1	ACP-037546	interleaved_b	T3_hard_solvable	100k	23	true		
ac-v1-00387	INTLB-b4-2911-1	ACP-043871	interleaved_b	T3_hard_solvable	100k	31	true		
ac-v1-00388	INTLB-b4-257-1	ACP-044186	interleaved_b	T3_hard_solvable	100k	31	true		
ac-v1-00389	INTLB-b3t-926-1	ACP-042428	interleaved_b	T1_easy	10k_final	21	true		
ac-v1-00390	INTLB-b3t-26-0	ACP-041681	interleaved_b	T1_easy	10k_final	29	true		
ac-v1-00391	INTLB-b3t-499-0	ACP-041330	interleaved_b	T1_easy	10k_final	31	true		
ac-v1-00392	MS-n2-wXyXYxxYY	ACP-017021	ms_expanded	T4_frontier	100k	16	true		
ac-v1-00393	INTLB-b3t-810-0	ACP-040627	interleaved_b	T1_easy	10k_final	25	true		
ac-v1-00394	AUTH-25_8-k1-1	ACP-001531	aut_hard	T5_moonshot	100k	39	true		
ac-v1-00395	INTLB-b4-1141-1	ACP-039834	interleaved_b	T2_medium	100k	34	true		
ac-v1-00396	INTLB-b3t-796-1	ACP-046880	interleaved_b	T1_easy	10k_final	30	true		
ac-v1-00397	MS-n6-wXXXyxxxy	ACP-030320	ms_expanded	T4_frontier	100k	24	true		
ac-v1-00398	INTLB-b4-1756-0	ACP-046711	interleaved_b	T2_medium	100k	31	true		
ac-v1-00399	AUTH-AK(3)-k0-0	ACP-031085	aut_hard	T5_moonshot	10k_final	13	true		
ac-v1-00400	INTLB-b3t-318-0	ACP-038509	interleaved_b	T1_easy	10k_final	22	true		
ac-v1-00401	INTLB-b4-1526-0	ACP-042564	interleaved_b	T2_medium	100k	35	true		
ac-v1-00402	AUTH-21_42-k0-0	ACP-030030	aut_hard	T5_moonshot	100k	21	true		
ac-v1-00403	INTL-b4-102-1	ACP-002776	interleaved	T1_easy	10k_final	33	true		
ac-v1-00404	INTL-b4-43-0	ACP-013077	interleaved	T2_medium	100k	31	true		
ac-v1-00405	INTLB-b4-1311-0	ACP-040375	interleaved_b	T1_easy	10k_final	30	true		
ac-v1-00406	MS-n10-wXyXyxxy	ACP-025428	ms_expanded	T4_frontier	100k	31	true		
ac-v1-00407	MS-n6-wXXYxyyxY	ACP-010381	ms_expanded	T4_frontier	100k	24	true		
ac-v1-00408	INTLB-b4-3951-0	ACP-041135	interleaved_b	T2_medium	100k	30	true		
ac-v1-00409	MS-n3-wXXXyxYxxy	ACP-034319	ms_expanded	T4_frontier	100k	19	true		
ac-v1-00410	AUTH-23_13-k12-0	ACP-015315	aut_hard	T5_moonshot	100k	26	true		
ac-v1-00411	INTLB-b4-3961-0	ACP-039333	interleaved_b	T2_medium	100k	32	true		
ac-v1-00412	MS-n7-wXXYYxxYY	ACP-004879	ms_expanded	T4_frontier	100k	26	true		
ac-v1-00413	MS-n2-wXXyxxY	ACP-034749	ms_expanded	T5_moonshot	10k_final	14	true	open	415
ac-v1-00414	INTLB-b4-1602-1	ACP-040568	interleaved_b	T1_easy	10k_final	20	true		
ac-v1-00415	INTL-b3-125-1	ACP-021889	interleaved	T1_easy	10k_final	31	true		
ac-v1-00416	INTL-b3-175-0	ACP-023721	interleaved	T1_easy	10k_final	25	true		
ac-v1-00417	INTLB-b4-2289-0	ACP-041524	interleaved_b	T3_hard_solvable	100k	29	true		
ac-v1-00418	INTLB-b3t-409-1	ACP-046604	interleaved_b	T1_easy	10k_final	34	true		
ac-v1-00419	AUTH-24_1-k1-1	ACP-017061	aut_hard	T5_moonshot	100k	37	true		
ac-v1-00420	INTLB-b3t-52-0	ACP-039551	interleaved_b	T1_easy	10k_final	31	true		
ac-v1-00421	AUTH-19_21-k1-2	ACP-036741	aut_hard	T5_moonshot	100k	19	true		
ac-v1-00422	INTLB-b4-1541-1	ACP-041507	interleaved_b	T1_easy	10k_final	27	true		
ac-v1-00423	MS-n5-wXXXyxYxxY	ACP-027866	ms_expanded	T4_frontier	100k	23	true		
ac-v1-00424	INTLB-b4-1677-1	ACP-041598	interleaved_b	T1_easy	10k_final	24	true		
ac-v1-00425	INTLB-b4-3030-0	ACP-037986	interleaved_b	T2_medium	100k	29	true		
ac-v1-00426	AUTH-25_14-k1-0	ACP-027178	aut_hard	T5_moonshot	100k	37	true		
ac-v1-00427	INTLB-b3t-177-1	ACP-043085	interleaved_b	T3_hard_solvable	100k	29	true		
ac-v1-00428	INTL-b2-268-0	ACP-018195	interleaved	T1_easy	10k_final	24	true		
ac-v1-00429	INTLB-b4-672-0	ACP-040940	interleaved_b	T3_hard_solvable	100k	27	true		
ac-v1-00430	INTLB-b3t-120-0	ACP-044669	interleaved_b	T1_easy	10k_final	19	true		
ac-v1-00431	INTLB-b4-2022-0	ACP-039038	interleaved_b	T2_medium	100k	33	true		
ac-v1-00432	INTLB-b3t-60-1	ACP-042247	interleaved_b	T3_hard_solvable	100k	22	true		
ac-v1-00433	INTLB-b4-3339-1	ACP-040033	interleaved_b	T3_hard_solvable	100k	31	true		
ac-v1-00434	MS-n7-wyXyxYYY	ACP-009654	ms_expanded	T4_frontier	100k	25	false	open	1071
ac-v1-00435	INTLB-b3t-586-1	ACP-037792	interleaved_b	T1_easy	10k_final	35	true		
ac-v1-00436	INTLB-b4-3963-0	ACP-041268	interleaved_b	T2_medium	100k	25	true		
ac-v1-00437	MS-n5-wXXXYxYYxxY	ACP-021533	ms_expanded	T4_frontier	100k	24	true		
ac-v1-00438	INTLB-b4-2131-0	ACP-045095	interleaved_b	T3_hard_solvable	100k	22	true		
ac-v1-00439	INTL-b4-160-0	ACP-018866	interleaved	T2_medium	100k	33	true		
ac-v1-00440	MS-n3-wXXXYxyxxY	ACP-016979	ms_expanded	T4_frontier	100k	19	true		
ac-v1-00441	INTLB-b4-1167-0	ACP-040077	interleaved_b	T1_easy	10k_final	33	true		
ac-v1-00442	INTL-b1-18-1	ACP-010917	interleaved	T1_easy	10k_final	21	true		
ac-v1-00443	MS-n4-wXXXYxyxyxy	ACP-002115	ms_expanded	T4_frontier	100k	22	true		
ac-v1-00444	MS-n5-wYXyyyyyyxY	ACP-008290	ms_expanded	T2_medium	100k	24	true		
ac-v1-00445	MS-n10-wYYXYxY	ACP-021163	ms_expanded	T4_frontier	100k	30	true		
ac-v1-00446	MS-n10-wXYXYxxy	ACP-023875	ms_expanded	T4_frontier	100k	31	true		
ac-v1-00447	INTLB-b3t-733-0	ACP-037422	interleaved_b	T1_easy	10k_final	29	true		
ac-v1-00448	MS-n9-wXYYxyyy	ACP-022741	ms_expanded	T4_frontier	100k	29	true		
ac-v1-00449	AUTH-AK(5)-k1-0	ACP-032924	aut_hard	T5_moonshot	100k	17	true		
ac-v1-00450	INTLB-b4-582-0	ACP-039793	interleaved_b	T2_medium	100k	21	true		
ac-v1-00451	INTLB-b3t-21-0	ACP-046447	interleaved_b	T1_easy	10k_final	30	true		
ac-v1-00452	INTLB-b3t-868-0	ACP-046802	interleaved_b	T1_easy	10k_final	19	true		
ac-v1-00453	INTLB-b3t-174-1	ACP-038677	interleaved_b	T1_easy	10k_final	36	true		
ac-v1-00454	AUTH-17_10-k1-1	ACP-013649	aut_hard	T5_moonshot	100k	17	true		
ac-v1-00455	INTLB-b4-1951-0	ACP-038387	interleaved_b	T1_easy	10k_final	31	true		
ac-v1-00456	MS-n6-wYXYYxYY	ACP-031015	ms_expanded	T4_frontier	100k	23	true	open	811
ac-v1-00457	MS-n5-wXXXYYYxxxy	ACP-027000	ms_expanded	T4_frontier	100k	24	true		
ac-v1-00458	MS-n6-wXXXYYYxxxy	ACP-018837	ms_expanded	T4_frontier	100k	26	true		
ac-v1-00459	INTLB-b4-2992-1	ACP-038551	interleaved_b	T2_medium	100k	31	true		
ac-v1-00460	INTLB-b3t-343-1	ACP-044121	interleaved_b	T1_easy	10k_final	31	true		
ac-v1-00461	INTLB-b4-2013-1	ACP-037518	interleaved_b	T1_easy	10k_final	29	true		
ac-v1-00462	INTLB-b4-2016-0	ACP-045981	interleaved_b	T1_easy	10k_final	31	true		
ac-v1-00463	INTLB-b4-1376-1	ACP-044475	interleaved_b	T1_easy	10k_final	33	true		
ac-v1-00464	INTLB-b4-448-1	ACP-043185	interleaved_b	T2_medium	100k	28	true		
ac-v1-00465	INTLB-b3t-299-0	ACP-044902	interleaved_b	T1_easy	10k_final	25	true		
ac-v1-00466	MS-n6-wYYYXYYYxy	ACP-004963	ms_expanded	T1_easy	10k_final	25	true		
ac-v1-00467	INTLB-b4-2224-0	ACP-038143	interleaved_b	T1_easy	10k_final	31	true		
ac-v1-00468	INTLB-b3t-440-0	ACP-044714	interleaved_b	T1_easy	10k_final	33	true		
ac-v1-00469	MS-n10-wXYxxYXY	ACP-023697	ms_expanded	T4_frontier	100k	31	true		
ac-v1-00470	INTLB-b4-1399-0	ACP-044042	interleaved_b	T2_medium	100k	32	true		
ac-v1-00471	MS-n9-wXYYxyyyyy	ACP-001039	ms_expanded	T1_easy	10k_final	31	true		
ac-v1-00472	AUTH-AK(4)-k0-0	ACP-001227	aut_hard	T5_moonshot	10k_final	15	true		
ac-v1-00473	INTLB-b4-2170-1	ACP-044888	interleaved_b	T1_easy	10k_final	36	true		
ac-v1-00474	MS-n4-wYXyxYY	ACP-001591	ms_expanded	T4_frontier	100k	18	true	open	326
ac-v1-00475	MS-n7-wyXyyxyy	ACP-035239	ms_expanded	T4_frontier	100k	25	false	open	665
ac-v1-00476	INTLB-b4-3055-1	ACP-042856	interleaved_b	T3_hard_solvable	100k	33	true		
ac-v1-00477	AUTH-17_25-k1-3	ACP-033831	aut_hard	T5_moonshot	100k	17	true		
ac-v1-00478	INTLB-b4-1132-0	ACP-042757	interleaved_b	T1_easy	10k_final	27	true		
ac-v1-00479	INTLB-b4-1961-1	ACP-040553	interleaved_b	T1_easy	10k_final	25	true		
ac-v1-00480	MS-n5-wYXyyyxY	ACP-005577	ms_expanded	T4_frontier	100k	21	true	open	635
ac-v1-00481	MS-n3-wXXYXyxxxY	ACP-014465	ms_expanded	T4_frontier	100k	19	true		
ac-v1-00482	INTLB-b4-1473-0	ACP-042784	interleaved_b	T1_easy	10k_final	30	true		
ac-v1-00483	MS-n2-wXXyyxxyyyy	ACP-006020	ms_expanded	T1_easy	10k_final	18	true		
ac-v1-00484	INTL-b3-186-0	ACP-010706	interleaved	T0_warmup	10k_final	28	true		
ac-v1-00485	INTLB-b4-2188-0	ACP-040686	interleaved_b	T2_medium	100k	33	true		
ac-v1-00486	INTLB-b3t-243-1	ACP-041400	interleaved_b	T1_easy	10k_final	31	true		
ac-v1-00487	INTL-b2-50-1	ACP-000145	interleaved	T1_easy	10k_final	25	true		
ac-v1-00488	MS-n6-wXYYYYYYxy	ACP-018770	ms_expanded	T0_warmup	10k_final	25	true		
ac-v1-00489	MS-n6-wYYXyyyyxyy	ACP-020117	ms_expanded	T1_easy	10k_final	26	true		
ac-v1-00490	INTLB-b4-1297-0	ACP-044086	interleaved_b	T1_easy	10k_final	22	true		
ac-v1-00491	AUTH-16_7-k0-0	ACP-003464	aut_hard	T5_moonshot	100k	16	true		
ac-v1-00492	AUTH-21_7-k0-0	ACP-015898	aut_hard	T5_moonshot	100k	21	true		
ac-v1-00493	INTLB-b4-2902-0	ACP-038238	interleaved_b	T2_medium	100k	35	true		
ac-v1-00494	INTLB-b3t-138-1	ACP-039395	interleaved_b	T1_easy	10k_final	33	true		
ac-v1-00495	INTL-b4-23-0	ACP-015279	interleaved	T3_hard_solvable	100k	31	true		
ac-v1-00496	INTLB-b3t-246-1	ACP-037927	interleaved_b	T1_easy	10k_final	29	true		
ac-v1-00497	MS-n5-wXXYxYxYY	ACP-006810	ms_expanded	T4_frontier	100k	22	true		
ac-v1-00498	MS-n5-wyXyxyyyyy	ACP-020574	ms_expanded	T2_medium	100k	23	true		
ac-v1-00499	INTLB-b4-2848-0	ACP-040335	interleaved_b	T2_medium	100k	21	true		
ac-v1-00500	INTLB-b4-1966-1	ACP-039899	interleaved_b	T1_easy	10k_final	24	true		
ac-v1-00501	AUTH-20_8-k1-0	ACP-002887	aut_hard	T5_moonshot	100k	31	true		
ac-v1-00502	MS-n7-wYXyxyyyy	ACP-014414	ms_expanded	T1_easy	10k_final	26	true		
ac-v1-00503	MS-n2-wXXYxxyyyy	ACP-028718	ms_expanded	T4_frontier	100k	17	true		
ac-v1-00504	INTLB-b4-2709-0	ACP-046811	interleaved_b	T2_medium	100k	33	true		
ac-v1-00505	INTLB-b4-1302-0	ACP-044467	interleaved_b	T1_easy	10k_final	29	true		
ac-v1-00506	INTLB-b4-1728-1	ACP-038135	interleaved_b	T1_easy	10k_final	24	true		
ac-v1-00507	AUTH-19_29-k1-1	ACP-006767	aut_hard	T5_moonshot	100k	19	true		
ac-v1-00508	INTLB-b4-2113-1	ACP-037876	interleaved_b	T3_hard_solvable	100k	24	true		
ac-v1-00509	INTLB-b4-1295-1	ACP-045389	interleaved_b	T1_easy	10k_final	30	true		
ac-v1-00510	INTLB-b4-1263-1	ACP-037699	interleaved_b	T1_easy	10k_final	31	true		
ac-v1-00511	INTLB-b3t-268-1	ACP-037818	interleaved_b	T1_easy	10k_final	33	true		
ac-v1-00512	INTLB-b4-1558-1	ACP-041821	interleaved_b	T2_medium	100k	36	true		
ac-v1-00513	MS-n2-wYYYYXYxY	ACP-027236	ms_expanded	T1_easy	10k_final	16	true		
ac-v1-00514	INTLB-b3t-759-0	ACP-043679	interleaved_b	T1_easy	10k_final	33	true		
ac-v1-00515	INTLB-b4-1500-0	ACP-037371	interleaved_b	T2_medium	100k	29	true		
ac-v1-00516	INTL-b2-114-0	ACP-020627	interleaved	T1_easy	10k_final	25	true		
ac-v1-00517	MS-n4-wXXXYxYxYxy	ACP-013351	ms_expanded	T4_frontier	100k	22	true		
ac-v1-00518	INTLB-b4-2093-1	ACP-041296	interleaved_b	T1_easy	10k_final	29	true		
ac-v1-00519	INTLB-b4-1449-1	ACP-045634	interleaved_b	T2_medium	100k	33	true		
ac-v1-00520	INTL-b4-49-1	ACP-020662	interleaved	T3_hard_solvable	100k	22	true		
ac-v1-00521	INTL-triv-0-6	ACP-001084	interleaved	T1_easy	10k_final	34	true		
ac-v1-00522	INTLB-b4-644-0	ACP-046982	interleaved_b	T3_hard_solvable	100k	29	true		
ac-v1-00523	INTLB-b4-1740-0	ACP-038060	interleaved_b	T3_hard_solvable	100k	35	true		
ac-v1-00524	MS-n8-wXXyxYxy	ACP-006851	ms_expanded	T4_frontier	100k	27	true		
ac-v1-00525	MS-n8-wXyyxYY	ACP-029650	ms_expanded	T1_easy	10k_final	26	true		
ac-v1-00526	MS-n8-wYYYYxyXy	ACP-003597	ms_expanded	T1_easy	10k_final	28	true		
ac-v1-00527	AUTH-25_11-k1-2	ACP-013182	aut_hard	T5_moonshot	100k	25	true		
ac-v1-00528	INTLB-b3t-822-0	ACP-042297	interleaved_b	T1_easy	10k_final	35	true		
ac-v1-00529	MS-n6-wYYXYYYxYYY	ACP-017543	ms_expanded	T1_easy	10k_final	26	true		
ac-v1-00530	INTLB-b4-1272-0	ACP-040401	interleaved_b	T1_easy	10k_final	27	true		
ac-v1-00531	INTLB-b4-3950-0	ACP-042540	interleaved_b	T2_medium	100k	32	true		
ac-v1-00532	MS-n6-wXYYYYxY	ACP-036471	ms_expanded	T4_frontier	100k	23	true	open	895
ac-v1-00533	INTLB-b4-2385-1	ACP-042548	interleaved_b	T2_medium	100k	34	true		
ac-v1-00534	INTLB-b3t-373-0	ACP-038728	interleaved_b	T1_easy	10k_final	33	true		
ac-v1-00535	INTLB-b4-2183-1	ACP-038016	interleaved_b	T1_easy	10k_final	32	true		
ac-v1-00536	INTLB-b3t-260-0	ACP-037826	interleaved_b	T1_easy	10k_final	25	true		
ac-v1-00537	INTLB-b3t-176-1	ACP-043199	interleaved_b	T3_hard_solvable	100k	36	true		
ac-v1-00538	INTLB-b4-2148-1	ACP-040142	interleaved_b	T1_easy	10k_final	33	true		
ac-v1-00539	INTLB-b4-2548-1	ACP-041180	interleaved_b	T2_medium	100k	27	true		
ac-v1-00540	INTLB-b4-1943-1	ACP-039989	interleaved_b	T1_easy	10k_final	29	true		
ac-v1-00541	INTL-b1-67-0	ACP-018698	interleaved	T1_easy	10k_final	30	true		
ac-v1-00542	INTLB-b4-1516-1	ACP-042126	interleaved_b	T1_easy	10k_final	27	true		
ac-v1-00543	INTLB-b3t-764-1	ACP-041800	interleaved_b	T3_hard_solvable	100k	35	true		
ac-v1-00544	INTL-b3-123-1	ACP-025138	interleaved	T1_easy	10k_final	27	true		
ac-v1-00545	INTLB-b3t-154-1	ACP-039546	interleaved_b	T1_easy	10k_final	32	true		
ac-v1-00546	INTLB-b4-1952-1	ACP-045158	interleaved_b	T2_medium	100k	32	true		
ac-v1-00547	INTLB-b3t-511-0	ACP-046516	interleaved_b	T1_easy	10k_final	29	true		
ac-v1-00548	INTLB-b4-1344-0	ACP-044357	interleaved_b	T2_medium	100k	31	true		
ac-v1-00549	INTLB-b3t-19-1	ACP-044284	interleaved_b	T1_easy	10k_final	25	true		
ac-v1-00550	INTL-b3-11-1	ACP-017488	interleaved	T1_easy	10k_final	36	true		
ac-v1-00551	INTLB-b3t-878-1	ACP-045358	interleaved_b	T1_easy	10k_final	27	true		
ac-v1-00552	INTLB-b3t-329-0	ACP-043699	interleaved_b	T1_easy	10k_final	27	true		
ac-v1-00553	MS-n6-wXXYxyxYY	ACP-033496	ms_expanded	T4_frontier	100k	24	true		
ac-v1-00554	INTL-b4-231-1	ACP-018341	interleaved	T1_easy	10k_final	28	true		
ac-v1-00555	INTLB-b4-1351-1	ACP-045842	interleaved_b	T1_easy	10k_final	34	true		
ac-v1-00556	MS-n4-wXXXYxxYxY	ACP-031622	ms_expanded	T4_frontier	100k	21	true		
ac-v1-00557	INTLB-b3t-163-1	ACP-037534	interleaved_b	T1_easy	10k_final	29	true		
ac-v1-00558	INTL-b4-170-0	ACP-021918	interleaved	T1_easy	10k_final	33	true		
ac-v1-00559	INTL-b2-45-1	ACP-007443	interleaved	T1_easy	10k_final	24	true		
ac-v1-00560	INTLB-b4-1643-1	ACP-041786	interleaved_b	T1_easy	10k_final	30	true		
ac-v1-00561	MS-n8-wYYXyyyyxy	ACP-007678	ms_expanded	T1_easy	10k_final	29	true		
ac-v1-00562	AUTH-23_18-k1-2	ACP-014571	aut_hard	T5_moonshot	100k	35	true		
ac-v1-00563	MS-n8-wXXXYYxxyxy	ACP-017511	ms_expanded	T4_frontier	100k	30	true		
ac-v1-00564	INTLB-b3t-294-1	ACP-037567	interleaved_b	T1_easy	10k_final	31	true		
ac-v1-00565	MS-n6-wXXXYxYxxy	ACP-019814	ms_expanded	T4_frontier	100k	25	true		
ac-v1-00566	MS-n9-wXXXYYxxxY	ACP-012960	ms_expanded	T4_frontier	100k	31	true		
ac-v1-00567	INTLB-b3t-579-0	ACP-040759	interleaved_b	T1_easy	10k_final	21	true		
ac-v1-00568	AUTH-15_9-k0-0	ACP-023080	aut_hard	T5_moonshot	100k	15	true		
ac-v1-00569	INTLB-b4-1530-0	ACP-045644	interleaved_b	T1_easy	10k_final	34	true		
ac-v1-00570	INTLB-b3t-284-0	ACP-045082	interleaved_b	T1_easy	10k_final	29	true		
ac-v1-00571	MS-n9-wXyXYxxy	ACP-010778	ms_expanded	T4_frontier	100k	29	true		
ac-v1-00572	INTL-b2-110-1	ACP-035033	interleaved	T1_easy	10k_final	29	true		
ac-v1-00573	MS-n5-wYYXYxYYYYY	ACP-035466	ms_expanded	T2_medium	100k	24	true		
ac-v1-00574	MS-n7-wXXXYxyxyxy	ACP-034556	ms_expanded	T4_frontier	100k	28	true		
ac-v1-00575	INTLB-b4-1207-1	ACP-043083	interleaved_b	T1_easy	10k_final	29	true		
ac-v1-00576	MS-n1-wXXyyyxyxy	ACP-000633	ms_expanded	T1_easy	10k_final	15	true		
ac-v1-00577	MS-n3-wXXXyxYxxY	ACP-009837	ms_expanded	T4_frontier	100k	19	true		
ac-v1-00578	MS-n6-wXyxxyXY	ACP-036697	ms_expanded	T5_moonshot	100k	23	false	open	993
ac-v1-00579	MS-n9-wyXyyyxYYYY	ACP-010461	ms_expanded	T1_easy	10k_final	32	true		
ac-v1-00580	INTLB-b4-146-1	ACP-044280	interleaved_b	T1_easy	10k_final	28	true		
ac-v1-00581	INTLB-b3t-677-1	ACP-044206	interleaved_b	T1_easy	10k_final	30	true		
ac-v1-00582	INTLB-b3t-609-1	ACP-045024	interleaved_b	T1_easy	10k_final	23	true		
ac-v1-00583	INTLB-b4-1429-1	ACP-038868	interleaved_b	T3_hard_solvable	100k	35	true		
ac-v1-00584	MS-n8-wXXXyxxxYY	ACP-003344	ms_expanded	T4_frontier	100k	29	true		
ac-v1-00585	MS-n10-wXXyxxy	ACP-012381	ms_expanded	T4_frontier	100k	30	true		
ac-v1-00586	INTL-b4-53-0	ACP-025751	interleaved	T2_medium	100k	35	true		
ac-v1-00587	INTL-b2-260-0	ACP-014712	interleaved	T1_easy	10k_final	28	true		
ac-v1-00588	MS-n9-wXyxxyXy	ACP-033655	ms_expanded	T4_frontier	100k	29	true		
ac-v1-00589	INTL-b4-53-1	ACP-033730	interleaved	T3_hard_solvable	100k	29	true		
ac-v1-00590	INTL-b4-288-1	ACP-036946	interleaved	T3_hard_solvable	100k	36	true		
ac-v1-00591	MS-n10-wXXXYxYxYxy	ACP-002099	ms_expanded	T4_frontier	100k	34	true		
ac-v1-00592	MS-n8-wXXyxYxY	ACP-000967	ms_expanded	T4_frontier	100k	27	true		
ac-v1-00593	INTL-b3-165-1	ACP-004856	interleaved	T1_easy	10k_final	23	true		
ac-v1-00594	INTLB-b4-1786-1	ACP-041588	interleaved_b	T1_easy	10k_final	24	true		
ac-v1-00595	AUTH-17_1-k1-0	ACP-004133	aut_hard	T5_moonshot	100k	21	true		
ac-v1-00596	AUTH-19_7-k12-0	ACP-005312	aut_hard	T5_moonshot	100k	38	true		
ac-v1-00597	MS-n3-wXXXYYxYxxy	ACP-006212	ms_expanded	T4_frontier	100k	20	true		
ac-v1-00598	MS-n8-wXXYYxxYY	ACP-037208	ms_expanded	T4_frontier	100k	28	true		
ac-v1-00599	INTLB-b4-245-0	ACP-037674	interleaved_b	T2_medium	100k	24	true		
ac-v1-00600	INTLB-b4-141-1	ACP-037915	interleaved_b	T1_easy	10k_final	33	true		
ac-v1-00601	INTLB-b4-2803-0	ACP-041238	interleaved_b	T2_medium	100k	23	true		
ac-v1-00602	INTLB-b4-1474-0	ACP-038553	interleaved_b	T1_easy	10k_final	32	true		
ac-v1-00603	INTLB-b4-2336-0	ACP-045448	interleaved_b	T2_medium	100k	29	true		
ac-v1-00604	INTLB-b4-1351-0	ACP-041519	interleaved_b	T1_easy	10k_final	21	true		
ac-v1-00605	INTLB-b4-3317-1	ACP-047203	interleaved_b	T3_hard_solvable	100k	33	true		
ac-v1-00606	INTL-b3-149-1	ACP-009758	interleaved	T1_easy	10k_final	24	true		
ac-v1-00607	INTLB-b3t-69-0	ACP-042719	interleaved_b	T1_easy	10k_final	31	true		
ac-v1-00608	INTLB-b3t-198-1	ACP-040029	interleaved_b	T1_easy	10k_final	28	true		
ac-v1-00609	INTL-b4-182-1	ACP-032721	interleaved	T1_easy	10k_final	29	true		
ac-v1-00610	INTLB-b3t-885-1	ACP-041781	interleaved_b	T1_easy	10k_final	29	true		
ac-v1-00611	INTLB-b3t-321-0	ACP-039491	interleaved_b	T1_easy	10k_final	29	true		
ac-v1-00612	AUTH-25_21-k1-0	ACP-000081	aut_hard	T5_moonshot	100k	25	true		
ac-v1-00613	MS-n5-wyxyyyyXyyy	ACP-001726	ms_expanded	T2_medium	100k	24	true		
ac-v1-00614	INTLB-b4-1069-0	ACP-042382	interleaved_b	T1_easy	10k_final	20	true		
ac-v1-00615	MS-n7-wXyyxyyy	ACP-019889	ms_expanded	T4_frontier	100k	25	true	open	658
ac-v1-00616	MS-n9-wXyyxyy	ACP-025387	ms_expanded	T4_frontier	100k	28	true		
ac-v1-00617	MS-n5-wYYYxYYXy	ACP-030603	ms_expanded	T1_easy	10k_final	22	true		
ac-v1-00618	INTLB-b4-3024-1	ACP-039370	interleaved_b	T3_hard_solvable	100k	28	true		
ac-v1-00619	INTL-b4-219-1	ACP-033040	interleaved	T2_medium	100k	35	true		
ac-v1-00620	INTLB-b3t-930-1	ACP-038232	interleaved_b	T1_easy	10k_final	27	true		
ac-v1-00621	INTL-b4-230-1	ACP-006497	interleaved	T1_easy	10k_final	31	true		
ac-v1-00622	INTLB-b4-1385-0	ACP-044839	interleaved_b	T3_hard_solvable	100k	27	true		
ac-v1-00623	INTLB-b4-1504-0	ACP-038670	interleaved_b	T1_easy	10k_final	28	true		
ac-v1-00624	MS-n7-wYxYXyy	ACP-023211	ms_expanded	T5_moonshot	100k	24	false	open	266
ac-v1-00625	MS-n2-wXXYxxxYXY	ACP-001616	ms_expanded	T4_frontier	100k	17	true		
ac-v1-00626	INTL-b4-241-1	ACP-022457	interleaved	T1_easy	10k_final	16	true		
ac-v1-00627	INTLB-b3t-644-1	ACP-042805	interleaved_b	T2_medium	100k	35	true		
ac-v1-00628	MS-n9-wXXXYxxxYY	ACP-026199	ms_expanded	T4_frontier	100k	31	true		
ac-v1-00629	INTLB-b3t-25-0	ACP-038960	interleaved_b	T1_easy	10k_final	25	true		
ac-v1-00630	MS-n7-wXXYxyxYY	ACP-025236	ms_expanded	T4_frontier	100k	26	true		
ac-v1-00631	MS-n4-wYXyyyyyxY	ACP-026720	ms_expanded	T1_easy	10k_final	21	true		
ac-v1-00632	INTLB-b4-1445-1	ACP-037717	interleaved_b	T1_easy	10k_final	31	true		
ac-v1-00633	AUTH-17_31-k0-0	ACP-006905	aut_hard	T5_moonshot	100k	17	true		
ac-v1-00634	INTLB-b4-1809-0	ACP-044579	interleaved_b	T1_easy	10k_final	22	true		
ac-v1-00635	MS-n6-wYXYXyxyxY	ACP-004760	ms_expanded	T5_moonshot	100k	25	true		
ac-v1-00636	MS-n8-wXXXXyxxxxY	ACP-007136	ms_expanded	T4_frontier	100k	30	true		
ac-v1-00637	INTL-b3-129-1	ACP-019335	interleaved	T1_easy	10k_final	17	true		
ac-v1-00638	MS-n8-wYYXyxY	ACP-003954	ms_expanded	T4_frontier	100k	26	true		
ac-v1-00639	MS-n8-wXXYXyxxxy	ACP-015093	ms_expanded	T4_frontier	100k	29	true		
ac-v1-00640	MS-n4-wXXyxxyyyyy	ACP-025458	ms_expanded	T1_easy	10k_final	22	true		
ac-v1-00641	INTLB-b3t-123-0	ACP-037820	interleaved_b	T1_easy	10k_final	35	true		
ac-v1-00642	INTL-b3-227-1	ACP-011264	interleaved	T3_hard_solvable	100k	33	true		
ac-v1-00643	INTLB-b4-2024-0	ACP-038257	interleaved_b	T3_hard_solvable	100k	34	true		
ac-v1-00644	INTLB-b3t-600-1	ACP-042704	interleaved_b	T2_medium	100k	32	true		
ac-v1-00645	INTLB-b4-2372-0	ACP-042521	interleaved_b	T2_medium	100k	21	true		
ac-v1-00646	INTLB-b3t-38-1	ACP-046014	interleaved_b	T1_easy	10k_final	33	true		
ac-v1-00647	INTLB-b3t-825-1	ACP-045478	interleaved_b	T1_easy	10k_final	28	true		
ac-v1-00648	INTLB-b4-1439-0	ACP-038209	interleaved_b	T1_easy	10k_final	31	true		
ac-v1-00649	AUTH-AK(6)-k1-0	ACP-013183	aut_hard	T5_moonshot	100k	25	true		
ac-v1-00650	INTL-b2-282-0	ACP-032276	interleaved	T1_easy	10k_final	36	true		
ac-v1-00651	MS-n6-wXYYxYYYYY	ACP-020370	ms_expanded	T1_easy	10k_final	25	true		
ac-v1-00652	INTLB-b4-1381-0	ACP-044063	interleaved_b	T1_easy	10k_final	33	true		
ac-v1-00653	INTLB-b4-2181-1	ACP-046207	interleaved_b	T1_easy	10k_final	33	true		
ac-v1-00654	INTLB-b4-1407-1	ACP-043586	interleaved_b	T1_easy	10k_final	32	true		
ac-v1-00655	MS-n9-wYXyyxYYYYY	ACP-001730	ms_expanded	T1_easy	10k_final	32	true		
ac-v1-00656	INTLB-b3t-831-0	ACP-042852	interleaved_b	T1_easy	10k_final	25	true		
ac-v1-00657	INTLB-b4-29-0	ACP-045730	interleaved_b	T2_medium	100k	36	true		
ac-v1-00658	INTLB-b3t-618-0	ACP-043430	interleaved_b	T1_easy	10k_final	29	true		
ac-v1-00659	INTLB-b4-791-0	ACP-046107	interleaved_b	T2_medium	100k	33	true		
ac-v1-00660	MS-n7-wXXYxYxyy	ACP-012394	ms_expanded	T4_frontier	100k	26	true		
ac-v1-00661	MS-n9-wXXXyxyxxY	ACP-009519	ms_expanded	T4_frontier	100k	31	true		
ac-v1-00662	INTLB-b4-232-0	ACP-046285	interleaved_b	T3_hard_solvable	100k	28	true		
ac-v1-00663	INTLB-b4-417-1	ACP-037613	interleaved_b	T2_medium	100k	34	true		
ac-v1-00664	INTLB-b4-1555-1	ACP-041014	interleaved_b	T1_easy	10k_final	32	true		
ac-v1-00665	MS-n10-wXyxYYY	ACP-028863	ms_expanded	T4_frontier	100k	30	true		
ac-v1-00666	INTLB-b3t-515-0	ACP-040833	interleaved_b	T1_easy	10k_final	33	true		
ac-v1-00667	INTLB-b4-1208-1	ACP-039476	interleaved_b	T1_easy	10k_final	32	true		
ac-v1-00668	INTLB-b4-1152-0	ACP-045688	interleaved_b	T1_easy	10k_final	28	true		
ac-v1-00669	INTLB-b3t-672-1	ACP-040652	interleaved_b	T1_easy	10k_final	29	true		
ac-v1-00670	MS-n7-wXXyxyyxy	ACP-022160	ms_expanded	T4_frontier	100k	26	true		
ac-v1-00671	MS-n5-wXXYxyyxY	ACP-021487	ms_expanded	T4_frontier	100k	22	true		
ac-v1-00672	INTLB-b4-3049-0	ACP-037258	interleaved_b	T2_medium	100k	30	true		
ac-v1-00673	INTL-b2-74-0	ACP-025096	interleaved	T1_easy	10k_final	29	true		
ac-v1-00674	INTLB-b3t-41-0	ACP-043645	interleaved_b	T1_easy	10k_final	27	true		
ac-v1-00675	MS-n4-wYxYYXy	ACP-022225	ms_expanded	T4_frontier	100k	18	true	open	242
ac-v1-00676	MS-n7-wXYxy	ACP-018845	ms_expanded	T2_medium	100k	22	true	uncertified	56
ac-v1-00677	MS-n7-wXyyxYY	ACP-007833	ms_expanded	T1_easy	10k_final	24	true	uncertified	252
ac-v1-00678	INTL-b2-270-1	ACP-010318	interleaved	T1_easy	10k_final	35	true		
ac-v1-00679	INTLB-b4-1112-0	ACP-044627	interleaved_b	T1_easy	10k_final	21	true		
ac-v1-00680	INTL-b4-150-0	ACP-018025	interleaved	T3_hard_solvable	100k	24	true		
ac-v1-00681	INTLB-b4-1560-0	ACP-039996	interleaved_b	T3_hard_solvable	100k	29	true		
ac-v1-00682	INTLB-b4-2736-0	ACP-045162	interleaved_b	T2_medium	100k	31	true		
ac-v1-00683	INTLB-b4-1412-1	ACP-046159	interleaved_b	T1_easy	10k_final	29	true		
ac-v1-00684	INTLB-b3t-626-1	ACP-042242	interleaved_b	T1_easy	10k_final	29	true		
ac-v1-00685	INTLB-b3t-216-1	ACP-039816	interleaved_b	T1_easy	10k_final	22	true		
ac-v1-00686	MS-n4-wXXYYxYYxY	ACP-004311	ms_expanded	T4_frontier	100k	21	true		
ac-v1-00687	MS-n6-wXXYxxyyy	ACP-032348	ms_expanded	T4_frontier	100k	24	true		
ac-v1-00688	INTLB-b3t-581-0	ACP-041620	interleaved_b	T1_easy	10k_final	33	true		
ac-v1-00689	INTLB-b3t-455-1	ACP-039578	interleaved_b	T1_easy	10k_final	33	true		
ac-v1-00690	INTLB-b4-683-0	ACP-039444	interleaved_b	T2_medium	100k	21	true		
ac-v1-00691	INTLB-b4-62-0	ACP-037664	interleaved_b	T3_hard_solvable	100k	33	true		
ac-v1-00692	MS-n3-wYYXYxY	ACP-027303	ms_expanded	T5_moonshot	10k_final	16	false	open	234
ac-v1-00693	INTLB-b4-1531-1	ACP-046932	interleaved_b	T1_easy	10k_final	30	true		
ac-v1-00694	INTLB-b4-1632-0	ACP-046966	interleaved_b	T3_hard_solvable	100k	35	true		
ac-v1-00695	INTLB-b4-3154-0	ACP-043131	interleaved_b	T2_medium	100k	23	true		
ac-v1-00696	INTLB-b4-3099-0	ACP-042488	interleaved_b	T2_medium	100k	33	true		
ac-v1-00697	AUTH-AK(2)-k12-2	ACP-023950	aut_hard	T1_easy	10k_final	26	true		
ac-v1-00698	MS-n9-wXXyxxYYY	ACP-020860	ms_expanded	T4_frontier	100k	30	true		
ac-v1-00699	INTLB-b3t-190-1	ACP-046856	interleaved_b	T1_easy	10k_final	34	true		
ac-v1-00700	MS-n4-wXYxYYYY	ACP-012732	ms_expanded	T1_easy	10k_final	19	true	uncertified	851
ac-v1-00701	MS-n4-wXXyxYxy	ACP-013878	ms_expanded	T5_moonshot	100k	19	false	open	1047
ac-v1-00702	INTLB-b4-1610-0	ACP-037862	interleaved_b	T3_hard_solvable	100k	30	true		
ac-v1-00703	INTLB-b3t-158-1	ACP-044756	interleaved_b	T1_easy	10k_final	29	true		
ac-v1-00704	MS-n9-wXXYYxYxY	ACP-014702	ms_expanded	T4_frontier	100k	30	true		
ac-v1-00705	INTL-b1-104-0	ACP-023534	interleaved	T0_warmup	10k_final	31	true		
ac-v1-00706	INTLB-b4-2710-0	ACP-037614	interleaved_b	T2_medium	100k	21	true		
ac-v1-00707	INTLB-b4-475-0	ACP-043469	interleaved_b	T3_hard_solvable	100k	33	true		
ac-v1-00708	MS-n5-wXXXYxxxY	ACP-003529	ms_expanded	T4_frontier	100k	22	true		
ac-v1-00709	MS-n10-wXXYxYYxY	ACP-017964	ms_expanded	T4_frontier	100k	32	true		
ac-v1-00710	INTLB-b3t-646-0	ACP-043384	interleaved_b	T1_easy	10k_final	33	true		
ac-v1-00711	INTLB-b4-1949-0	ACP-044620	interleaved_b	T1_easy	10k_final	24	true		
ac-v1-00712	INTLB-b3t-621-1	ACP-045359	interleaved_b	T1_easy	10k_final	27	true		
ac-v1-00713	MS-n3-wXXyyyxYYxy	ACP-019999	ms_expanded	T1_easy	10k_final	20	true		
ac-v1-00714	INTLB-b4-2218-0	ACP-037616	interleaved_b	T2_medium	100k	22	true		
ac-v1-00715	INTLB-b4-1094-0	ACP-042534	interleaved_b	T1_easy	10k_final	33	true		
ac-v1-00716	INTLB-b4-1360-1	ACP-045682	interleaved_b	T1_easy	10k_final	29	true		
ac-v1-00717	MS-n4-wXXXyxyxxY	ACP-017386	ms_expanded	T4_frontier	100k	21	true		
ac-v1-00718	MS-n8-wyyyXyyyyxY	ACP-013868	ms_expanded	T2_medium	100k	30	true		
ac-v1-00719	AUTH-15_4-k1-3	ACP-028574	aut_hard	T5_moonshot	100k	15	true		
ac-v1-00720	INTLB-b4-2507-0	ACP-037317	interleaved_b	T2_medium	100k	27	true		
ac-v1-00721	INTLB-b3t-742-1	ACP-041471	interleaved_b	T1_easy	10k_final	32	true		
ac-v1-00722	INTLB-b3t-604-1	ACP-044720	interleaved_b	T1_easy	10k_final	31	true		
ac-v1-00723	INTLB-b4-2854-1	ACP-040724	interleaved_b	T2_medium	100k	35	true		
ac-v1-00724	MS-n3-wXYYYYxY	ACP-028264	ms_expanded	T5_moonshot	10k_final	17	false	open	892
ac-v1-00725	MS-n3-wXXyyyxxyy	ACP-011536	ms_expanded	T1_easy	10k_final	19	true		
ac-v1-00726	MS-n2-wXXYxYxyy	ACP-020334	ms_expanded	T4_frontier	100k	16	true		
ac-v1-00727	MS-n8-wYxyyXy	ACP-023219	ms_expanded	T4_frontier	100k	26	true		
ac-v1-00728	MS-n9-wXXyyyxxY	ACP-010492	ms_expanded	T4_frontier	100k	30	true		
ac-v1-00729	INTLB-b4-1460-0	ACP-047136	interleaved_b	T1_easy	10k_final	27	true		
ac-v1-00730	INTLB-b4-85-0	ACP-043823	interleaved_b	T3_hard_solvable	100k	33	true		
ac-v1-00731	INTLB-b3t-208-0	ACP-041286	interleaved_b	T1_easy	10k_final	27	true		
ac-v1-00732	INTLB-b3t-853-0	ACP-044088	interleaved_b	T1_easy	10k_final	35	true		
ac-v1-00733	MS-n10-wXYYYYYxYYY	ACP-028338	ms_expanded	T2_medium	100k	34	true		
ac-v1-00734	MS-n7-wXXyxyxyy	ACP-013887	ms_expanded	T4_frontier	100k	26	true		
ac-v1-00735	INTLB-b3t-781-0	ACP-042013	interleaved_b	T1_easy	10k_final	33	true		
ac-v1-00736	INTLB-b3t-542-1	ACP-041245	interleaved_b	T1_easy	10k_final	31	true		
ac-v1-00737	INTLB-b4-162-0	ACP-039338	interleaved_b	T1_easy	10k_final	21	true		
ac-v1-00738	AUTH-15_12-k0-0	ACP-005538	aut_hard	T5_moonshot	100k	15	true		
ac-v1-00739	INTL-b4-245-1	ACP-029488	interleaved	T1_easy	10k_final	32	true		
ac-v1-00740	INTLB-b3t-289-1	ACP-039356	interleaved_b	T1_easy	10k_final	28	true		
ac-v1-00741	AUTH-20_11-k1-0	ACP-005398	aut_hard	T5_moonshot	100k	29	true		
ac-v1-00742	INTL-triv-0-10	ACP-003376	interleaved	T0_warmup	10k_final	17	true		
ac-v1-00743	INTLB-b4-1313-1	ACP-045196	interleaved_b	T1_easy	10k_final	31	true		
ac-v1-00744	INTLB-b3t-527-1	ACP-040024	interleaved_b	T1_easy	10k_final	32	true		
ac-v1-00745	MS-n5-wXXYYYxxY	ACP-025024	ms_expanded	T4_frontier	100k	22	true		
ac-v1-00746	INTLB-b4-1453-0	ACP-037482	interleaved_b	T2_medium	100k	27	true		
ac-v1-00747	INTLB-b3t-238-1	ACP-042276	interleaved_b	T1_easy	10k_final	31	true		
ac-v1-00748	INTLB-b4-2214-0	ACP-042750	interleaved_b	T2_medium	100k	31	true		
ac-v1-00749	INTLB-b4-1915-0	ACP-046316	interleaved_b	T1_easy	10k_final	33	true		
ac-v1-00750	MS-n8-wYXYYYYxYY	ACP-027392	ms_expanded	T2_medium	100k	29	true		
ac-v1-00751	INTLB-b3t-70-1	ACP-043821	interleaved_b	T1_easy	10k_final	34	true		
ac-v1-00752	MS-n9-wyxYYYYYXyy	ACP-000980	ms_expanded	T1_easy	10k_final	32	true		
ac-v1-00753	INTLB-b4-1900-0	ACP-042380	interleaved_b	T1_easy	10k_final	24	true		
ac-v1-00754	INTLB-b4-1774-0	ACP-041795	interleaved_b	T1_easy	10k_final	31	true		
ac-v1-00755	MS-n7-wXXYYYxxyy	ACP-020985	ms_expanded	T4_frontier	100k	27	true		
ac-v1-00756	INTLB-b4-245-1	ACP-045290	interleaved_b	T2_medium	100k	33	true		
ac-v1-00757	INTLB-b3t-673-1	ACP-044992	interleaved_b	T1_easy	10k_final	30	true		
ac-v1-00758	AUTH-17_28-k1-2	ACP-023977	aut_hard	T5_moonshot	100k	23	true		
ac-v1-00759	INTLB-b4-2319-1	ACP-040860	interleaved_b	T2_medium	100k	31	true		
ac-v1-00760	INTLB-b3t-821-1	ACP-039802	interleaved_b	T1_easy	10k_final	26	true		
ac-v1-00761	INTLB-b4-2464-0	ACP-043878	interleaved_b	T2_medium	100k	35	true		
ac-v1-00762	MS-n5-wXXXYxyxxY	ACP-004820	ms_expanded	T4_frontier	100k	23	true		
ac-v1-00763	INTLB-b4-1423-0	ACP-040870	interleaved_b	T1_easy	10k_final	29	true		
ac-v1-00764	MS-n3-wXXyyxxy	ACP-016161	ms_expanded	T4_frontier	100k	17	true	open	689
ac-v1-00765	MS-n9-wXXXYxxxY	ACP-032219	ms_expanded	T4_frontier	100k	30	true		
ac-v1-00766	MS-n2-wXXyyxxy	ACP-034796	ms_expanded	T1_easy	10k_final	15	true	uncertified	688
ac-v1-00767	INTLB-b4-2572-1	ACP-038270	interleaved_b	T2_medium	100k	28	true		
ac-v1-00768	INTLB-b4-325-0	ACP-039260	interleaved_b	T3_hard_solvable	100k	30	true		
ac-v1-00769	AUTH-21_18-k1-2	ACP-005707	aut_hard	T5_moonshot	100k	21	true		
ac-v1-00770	INTLB-b4-2506-1	ACP-037744	interleaved_b	T2_medium	100k	35	true		
ac-v1-00771	MS-n8-wXXYXYxxxy	ACP-037063	ms_expanded	T4_frontier	100k	29	true		
ac-v1-00772	MS-n9-wXyxyy	ACP-018909	ms_expanded	T4_frontier	100k	27	true		
ac-v1-00773	MS-n3-wXXyxyxY	ACP-020508	ms_expanded	T5_moonshot	100k	17	false	open	528
ac-v1-00774	INTLB-b4-2103-0	ACP-040411	interleaved_b	T3_hard_solvable	100k	28	true		
ac-v1-00775	MS-n5-wYXYYYxY	ACP-025003	ms_expanded	T4_frontier	100k	21	true	open	824
ac-v1-00776	INTLB-b4-675-0	ACP-042230	interleaved_b	T2_medium	100k	31	true		
ac-v1-00777	INTLB-b4-2186-0	ACP-042103	interleaved_b	T3_hard_solvable	100k	25	true		
ac-v1-00778	INTLB-b4-2467-1	ACP-043941	interleaved_b	T2_medium	100k	30	true		
ac-v1-00779	INTLB-b4-2955-0	ACP-039953	interleaved_b	T2_medium	100k	32	true		
ac-v1-00780	INTLB-b3t-320-1	ACP-041276	interleaved_b	T1_easy	10k_final	28	true		
ac-v1-00781	INTLB-b4-2569-0	ACP-043698	interleaved_b	T3_hard_solvable	100k	23	true		
ac-v1-00782	INTLB-b4-1741-1	ACP-046720	interleaved_b	T1_easy	10k_final	33	true		
ac-v1-00783	MS-n8-wXYYYYYxYYY	ACP-011740	ms_expanded	T2_medium	100k	30	true		
ac-v1-00784	INTLB-b4-1646-0	ACP-043655	interleaved_b	T3_hard_solvable	100k	30	true		
ac-v1-00785	INTLB-b4-2241-0	ACP-037812	interleaved_b	T2_medium	100k	31	true		
ac-v1-00786	INTLB-b4-1066-0	ACP-043046	interleaved_b	T1_easy	10k_final	31	true		
ac-v1-00787	INTLB-b4-1074-1	ACP-044348	interleaved_b	T1_easy	10k_final	33	true		
ac-v1-00788	AUTH-22_6-k1-0	ACP-002380	aut_hard	T5_moonshot	100k	22	true		
ac-v1-00789	MS-n4-wXXyxYxyy	ACP-036143	ms_expanded	T4_frontier	100k	20	true		
ac-v1-00790	INTLB-b4-215-1	ACP-038651	interleaved_b	T3_hard_solvable	100k	25	true		
ac-v1-00791	INTL-b4-152-1	ACP-018566	interleaved	T1_easy	10k_final	27	true		
ac-v1-00792	MS-n5-wYYXyyyyxyy	ACP-029723	ms_expanded	T2_medium	100k	24	true		
ac-v1-00793	INTLB-b4-1791-1	ACP-040761	interleaved_b	T3_hard_solvable	100k	27	true		
ac-v1-00794	INTLB-b3t-251-1	ACP-042338	interleaved_b	T1_easy	10k_final	30	true		
ac-v1-00795	INTL-b4-138-1	ACP-018818	interleaved	T1_easy	10k_final	27	true		
ac-v1-00796	INTL-b3-150-0	ACP-033684	interleaved	T1_easy	10k_final	20	true		
ac-v1-00797	MS-n5-wYYXyyyxyyy	ACP-006364	ms_expanded	T1_easy	10k_final	24	true		
ac-v1-00798	MS-n9-wXXyxxyyy	ACP-026264	ms_expanded	T4_frontier	100k	30	true		
ac-v1-00799	INTLB-b4-378-1	ACP-041379	interleaved_b	T3_hard_solvable	100k	30	true		
ac-v1-00800	MS-n6-wXXYXYxxxy	ACP-034484	ms_expanded	T4_frontier	100k	25	true		
ac-v1-00801	INTLB-b3t-399-1	ACP-038869	interleaved_b	T1_easy	10k_final	33	true		
ac-v1-00802	MS-n9-wXXXYxxYxYY	ACP-001125	ms_expanded	T4_frontier	100k	32	true		
ac-v1-00803	INTLB-b4-1771-0	ACP-041621	interleaved_b	T3_hard_solvable	100k	25	true		
ac-v1-00804	INTLB-b4-471-0	ACP-042394	interleaved_b	T2_medium	100k	33	true		
ac-v1-00805	MS-n8-wYYYXYYxyy	ACP-036121	ms_expanded	T2_medium	100k	29	true		
ac-v1-00806	MS-n6-wXXYXYxxxY	ACP-019660	ms_expanded	T4_frontier	100k	25	true		
ac-v1-00807	MS-n8-wyyyyy	ACP-013278	ms_expanded	T0_warmup	10k_final	25	true		
ac-v1-00808	MS-n7-wyyxYYXyyy	ACP-017423	ms_expanded	T2_medium	100k	27	true		
ac-v1-00809	INTLB-b4-1084-0	ACP-040446	interleaved_b	T2_medium	100k	25	true		
ac-v1-00810	INTLB-b3t-40-1	ACP-045594	interleaved_b	T1_easy	10k_final	32	true		
ac-v1-00811	INTLB-b4-2244-1	ACP-046117	interleaved_b	T2_medium	100k	24	true		
ac-v1-00812	INTLB-b4-1484-0	ACP-038214	interleaved_b	T1_easy	10k_final	28	true		
ac-v1-00813	INTLB-b4-2207-1	ACP-038720	interleaved_b	T2_medium	100k	31	true		
ac-v1-00814	INTLB-b4-1325-0	ACP-038860	interleaved_b	T2_medium	100k	34	true		
ac-v1-00815	AUTH-21_27-k1-2	ACP-026511	aut_hard	T5_moonshot	100k	21	true		
ac-v1-00816	AUTH-17_1-k0-0	ACP-001590	aut_hard	T5_moonshot	100k	17	true		
ac-v1-00817	INTL-b4-103-0	ACP-027893	interleaved	T1_easy	10k_final	33	true		
ac-v1-00818	INTLB-b4-1324-1	ACP-040939	interleaved_b	T1_easy	10k_final	31	true		
ac-v1-00819	INTLB-b4-3237-0	ACP-047216	interleaved_b	T2_medium	100k	28	true		
ac-v1-00820	INTLB-b3t-438-0	ACP-047066	interleaved_b	T1_easy	10k_final	25	true		
ac-v1-00821	AUTH-23_4-k12-0	ACP-020545	aut_hard	T5_moonshot	100k	29	true		
ac-v1-00822	INTLB-b4-1886-0	ACP-043174	interleaved_b	T3_hard_solvable	100k	28	true		
ac-v1-00823	MS-n5-wyXyyyyxyy	ACP-018040	ms_expanded	T2_medium	100k	23	true		
ac-v1-00824	INTLB-b4-1425-1	ACP-047074	interleaved_b	T1_easy	10k_final	31	true		
ac-v1-00825	AUTH-17_19-k1-0	ACP-017451	aut_hard	T5_moonshot	100k	23	true		
ac-v1-00826	INTLB-b4-1854-1	ACP-045586	interleaved_b	T1_easy	10k_final	30	true		
ac-v1-00827	INTL-b3-161-1	ACP-003885	interleaved	T1_easy	10k_final	34	true		
ac-v1-00828	MS-n2-wYXYYYxY	ACP-003770	ms_expanded	T1_easy	10k_final	15	true	uncertified	821
ac-v1-00829	MS-n6-wXXXYxyxxYY	ACP-004775	ms_expanded	T4_frontier	100k	26	true		
ac-v1-00830	AUTH-16_9-k1-0	ACP-015816	aut_hard	T5_moonshot	100k	21	true		
ac-v1-00831	INTLB-b4-15-1	ACP-043208	interleaved_b	T1_easy	10k_final	26	true		
ac-v1-00832	INTLB-b3t-932-0	ACP-038821	interleaved_b	T1_easy	10k_final	29	true		
ac-v1-00833	INTLB-b3t-20-1	ACP-046136	interleaved_b	T1_easy	10k_final	23	true		
ac-v1-00834	INTLB-b4-987-1	ACP-044307	interleaved_b	T2_medium	100k	30	true		
ac-v1-00835	MS-n10-wXXXYxxxyyy	ACP-000143	ms_expanded	T4_frontier	100k	34	true		
ac-v1-00836	MS-n3-wXXyyyxxY	ACP-004179	ms_expanded	T1_easy	10k_final	18	true		
ac-v1-00837	AUTH-20_2-k0-0	ACP-020163	aut_hard	T5_moonshot	100k	20	true		
ac-v1-00838	INTLB-b3t-23-0	ACP-038025	interleaved_b	T1_easy	10k_final	28	true		
ac-v1-00839	INTLB-b4-2016-1	ACP-046525	interleaved_b	T1_easy	10k_final	31	true		
ac-v1-00840	INTLB-b3t-37-0	ACP-037727	interleaved_b	T1_easy	10k_final	34	true		
ac-v1-00841	INTLB-b4-2375-0	ACP-044350	interleaved_b	T3_hard_solvable	100k	30	true		
ac-v1-00842	INTLB-b3t-55-1	ACP-038012	interleaved_b	T1_easy	10k_final	27	true		
ac-v1-00843	INTLB-b4-1238-1	ACP-042914	interleaved_b	T1_easy	10k_final	34	true		
ac-v1-00844	MS-n10-wYXyyyyyxyy	ACP-006341	ms_expanded	T2_medium	100k	34	true		
ac-v1-00845	MS-n2-wXyxYXYxY	ACP-008521	ms_expanded	T1_easy	10k_final	16	true		
ac-v1-00846	INTLB-b4-1613-1	ACP-039182	interleaved_b	T3_hard_solvable	100k	24	true		
ac-v1-00847	INTLB-b3t-31-1	ACP-045838	interleaved_b	T1_easy	10k_final	29	true		
ac-v1-00848	INTLB-b3t-348-0	ACP-040320	interleaved_b	T1_easy	10k_final	27	true		
ac-v1-00849	AUTH-17_20-k1-2	ACP-020294	aut_hard	T5_moonshot	100k	23	true		
ac-v1-00850	INTLB-b4-2383-1	ACP-043080	interleaved_b	T2_medium	100k	35	true		
ac-v1-00851	INTLB-b4-1518-0	ACP-038370	interleaved_b	T1_easy	10k_final	31	true		
ac-v1-00852	MS-n7-wXyyyyyxyy	ACP-030375	ms_expanded	T2_medium	100k	27	true		
ac-v1-00853	INTLB-b4-121-0	ACP-042850	interleaved_b	T1_easy	10k_final	17	true		
ac-v1-00854	INTLB-b4-1829-0	ACP-040448	interleaved_b	T1_easy	10k_final	33	true		
ac-v1-00855	INTLB-b4-2245-1	ACP-037659	interleaved_b	T3_hard_solvable	100k	35	true		
ac-v1-00856	INTLB-b4-684-0	ACP-040119	interleaved_b	T3_hard_solvable	100k	32	true		
ac-v1-00857	INTLB-b4-2403-0	ACP-038864	interleaved_b	T3_hard_solvable	100k	23	true		
ac-v1-00858	INTLB-b4-2195-0	ACP-045028	interleaved_b	T3_hard_solvable	100k	34	true		
ac-v1-00859	MS-n4-wXYXyxyxY	ACP-009219	ms_expanded	T5_moonshot	100k	20	true		
ac-v1-00860	INTLB-b4-1638-0	ACP-042810	interleaved_b	T3_hard_solvable	100k	31	true		
ac-v1-00861	AUTH-17_15-k12-0	ACP-027343	aut_hard	T5_moonshot	100k	18	true		
ac-v1-00862	MS-n1-wXXXyxyyxxY	ACP-022569	ms_expanded	T1_easy	10k_final	16	true		
ac-v1-00863	INTLB-b4-1136-1	ACP-038256	interleaved_b	T1_easy	10k_final	35	true		
ac-v1-00864	MS-n10-wXXXYYxxxYY	ACP-002430	ms_expanded	T4_frontier	100k	34	true		
ac-v1-00865	INTLB-b4-2058-1	ACP-045471	interleaved_b	T1_easy	10k_final	30	true		
ac-v1-00866	INTLB-b4-1772-0	ACP-041638	interleaved_b	T1_easy	10k_final	22	true		
ac-v1-00867	INTLB-b4-2124-1	ACP-038374	interleaved_b	T2_medium	100k	31	true		
ac-v1-00868	AUTH-19_20-k1-1	ACP-014767	aut_hard	T5_moonshot	100k	19	true		
ac-v1-00869	MS-n6-wXYYYxYY	ACP-019553	ms_expanded	T1_easy	10k_final	23	true	uncertified	881
ac-v1-00870	MS-n6-wYYXYYYYYxY	ACP-000251	ms_expanded	T2_medium	100k	26	true		
ac-v1-00871	INTLB-b3t-261-0	ACP-044628	interleaved_b	T1_easy	10k_final	29	true		
ac-v1-00872	AUTH-23_6-k1-2	ACP-027126	aut_hard	T5_moonshot	100k	23	true		
ac-v1-00873	INTLB-b4-619-1	ACP-046051	interleaved_b	T2_medium	100k	33	true		
ac-v1-00874	MS-n5-wyyXyyxy	ACP-024200	ms_expanded	T4_frontier	100k	21	true	open	677
ac-v1-00875	INTLB-b4-618-0	ACP-039819	interleaved_b	T2_medium	100k	25	true		
ac-v1-00876	MS-n6-wXXYYxyxY	ACP-014079	ms_expanded	T4_frontier	100k	24	true		
ac-v1-00877	INTLB-b3t-810-1	ACP-040246	interleaved_b	T1_easy	10k_final	20	true		
ac-v1-00878	INTLB-b4-1664-1	ACP-043292	interleaved_b	T1_easy	10k_final	27	true		
ac-v1-00879	INTLB-b3t-217-1	ACP-046314	interleaved_b	T1_easy	10k_final	32	true		
ac-v1-00880	INTLB-b3t-434-0	ACP-046697	interleaved_b	T1_easy	10k_final	33	true		
ac-v1-00881	INTLB-b4-1778-0	ACP-045294	interleaved_b	T3_hard_solvable	100k	23	true		
ac-v1-00882	MS-n7-wXYYxYYYY	ACP-026952	ms_expanded	T1_easy	10k_final	26	true		
ac-v1-00883	INTLB-b4-2990-1	ACP-037942	interleaved_b	T2_medium	100k	27	true		
ac-v1-00884	MS-n3-wXXXYxxYYxY	ACP-001688	ms_expanded	T4_frontier	100k	20	true		
ac-v1-00885	MS-n4-wXXXYYxxxYY	ACP-004015	ms_expanded	T4_frontier	100k	22	true		
ac-v1-00886	INTLB-b4-2523-1	ACP-039639	interleaved_b	T2_medium	100k	35	true		
ac-v1-00887	INTLB-b3t-926-0	ACP-039418	interleaved_b	T1_easy	10k_final	25	true		
ac-v1-00888	INTLB-b3t-562-0	ACP-044762	interleaved_b	T1_easy	10k_final	34	true		
ac-v1-00889	INTL-b3-62-0	ACP-028244	interleaved	T2_medium	100k	31	true		
ac-v1-00890	AUTH-25_5-k1-3	ACP-007345	aut_hard	T5_moonshot	100k	25	true		
ac-v1-00891	INTL-b3-139-0	ACP-023197	interleaved	T1_easy	10k_final	31	true		
ac-v1-00892	INTLB-b3t-774-0	ACP-041313	interleaved_b	T1_easy	10k_final	29	true		
ac-v1-00893	INTLB-b4-2005-0	ACP-037923	interleaved_b	T1_easy	10k_final	31	true		
ac-v1-00894	MS-n9-wyyyyy	ACP-013867	ms_expanded	T0_warmup	10k_final	27	true		
ac-v1-00895	MS-n7-wXXXYxYYxxY	ACP-034497	ms_expanded	T4_frontier	100k	28	true		
ac-v1-00896	MS-n7-wXXyyxxy	ACP-027295	ms_expanded	T5_moonshot	100k	25	false	open	693
ac-v1-00897	INTL-b2-139-1	ACP-033093	interleaved	T1_easy	10k_final	33	true		
ac-v1-00898	INTL-b3-141-1	ACP-000057	interleaved	T1_easy	10k_final	35	true		
ac-v1-00899	INTLB-b4-2027-0	ACP-041241	interleaved_b	T1_easy	10k_final	28	true		
ac-v1-00900	INTLB-b3t-189-1	ACP-040974	interleaved_b	T1_easy	10k_final	35	true		
ac-v1-00901	MS-n7-wXXyyxxyy	ACP-017926	ms_expanded	T4_frontier	100k	26	true		
ac-v1-00902	INTLB-b4-1989-0	ACP-044596	interleaved_b	T1_easy	10k_final	33	true		
ac-v1-00903	MS-n4-wXyyyyyyxy	ACP-005307	ms_expanded	T1_easy	10k_final	21	true		
ac-v1-00904	MS-n6-wYYYYxYYXy	ACP-019644	ms_expanded	T1_easy	10k_final	25	true		
ac-v1-00905	INTLB-b4-1056-0	ACP-039348	interleaved_b	T1_easy	10k_final	22	true		
ac-v1-00906	INTLB-b3t-363-0	ACP-040409	interleaved_b	T1_easy	10k_final	36	true		
ac-v1-00907	INTLB-b4-2243-1	ACP-042274	interleaved_b	T2_medium	100k	26	true		
ac-v1-00908	INTLB-b3t-157-1	ACP-042986	interleaved_b	T1_easy	10k_final	32	true		
ac-v1-00909	MS-n8-wXyXyxxY	ACP-029258	ms_expanded	T4_frontier	100k	27	true		
ac-v1-00910	INTLB-b4-1655-0	ACP-040356	interleaved_b	T3_hard_solvable	100k	31	true		
ac-v1-00911	INTLB-b4-419-1	ACP-042134	interleaved_b	T2_medium	100k	33	true		
ac-v1-00912	MS-n3-wXXYxyxY	ACP-033587	ms_expanded	T5_moonshot	100k	17	false	open	920
ac-v1-00913	MS-n2-wXYxYXYxY	ACP-008956	ms_expanded	T1_easy	10k_final	16	true		
ac-v1-00914	INTLB-b3t-872-0	ACP-038067	interleaved_b	T1_easy	10k_final	31	true		
ac-v1-00915	MS-n5-wXXYYYYYxxy	ACP-008917	ms_expanded	T2_medium	100k	24	true		
ac-v1-00916	INTLB-b4-123-1	ACP-042406	interleaved_b	T1_easy	10k_final	29	true		
ac-v1-00917	INTL-b4-104-1	ACP-030431	interleaved	T3_hard_solvable	100k	29	true		
ac-v1-00918	INTLB-b3t-847-1	ACP-041970	interleaved_b	T1_easy	10k_final	19	true		
ac-v1-00919	INTLB-b4-1292-1	ACP-042078	interleaved_b	T1_easy	10k_final	33	true		
ac-v1-00920	INTLB-b4-1571-0	ACP-041943	interleaved_b	T2_medium	100k	36	true		
ac-v1-00921	INTLB-b3t-34-1	ACP-039539	interleaved_b	T1_easy	10k_final	29	true		
ac-v1-00922	MS-n2-wXXXYxYxyxy	ACP-016806	ms_expanded	T4_frontier	100k	18	true		
ac-v1-00923	INTLB-b4-3001-1	ACP-041619	interleaved_b	T2_medium	100k	31	true		
ac-v1-00924	INTL-b4-47-1	ACP-009411	interleaved	T2_medium	100k	23	true		
ac-v1-00925	INTLB-b3t-211-0	ACP-044309	interleaved_b	T1_easy	10k_final	36	true		
ac-v1-00926	INTLB-b3t-302-0	ACP-046889	interleaved_b	T1_easy	10k_final	34	true		
ac-v1-00927	MS-n2-wXyXYxyxy	ACP-010093	ms_expanded	T4_frontier	100k	16	true		
ac-v1-00928	INTLB-b4-3996-0	ACP-046945	interleaved_b	T2_medium	100k	19	true		
ac-v1-00929	MS-n3-wXXXYxxyxy	ACP-036102	ms_expanded	T4_frontier	100k	19	true		
ac-v1-00930	INTLB-b4-17-1	ACP-043669	interleaved_b	T1_easy	10k_final	27	true		
ac-v1-00931	INTLB-b4-745-0	ACP-039678	interleaved_b	T3_hard_solvable	100k	33	true		
ac-v1-00932	INTLB-b3t-595-1	ACP-046214	interleaved_b	T1_easy	10k_final	32	true		
ac-v1-00933	MS-n6-wXXyyxyxY	ACP-026978	ms_expanded	T4_frontier	100k	24	true		
ac-v1-00934	INTL-b3-103-1	ACP-019843	interleaved	T1_easy	10k_final	19	true		
ac-v1-00935	INTL-b2-295-0	ACP-007378	interleaved	T1_easy	10k_final	31	true		
ac-v1-00936	MS-n5-wXyyxyy	ACP-006472	ms_expanded	T4_frontier	100k	20	true	open	467
ac-v1-00937	INTLB-b4-2994-1	ACP-037805	interleaved_b	T2_medium	100k	31	true		
ac-v1-00938	INTLB-b3t-808-0	ACP-039034	interleaved_b	T1_easy	10k_final	25	true		
ac-v1-00939	INTLB-b4-1553-0	ACP-039661	interleaved_b	T2_medium	100k	30	true		
ac-v1-00940	AUTH-21_4-k1-1	ACP-033457	aut_hard	T5_moonshot	100k	29	true		
ac-v1-00941	AUTH-21_3-k1-3	ACP-006697	aut_hard	T5_moonshot	100k	31	true		
ac-v1-00942	INTLB-b4-1452-0	ACP-039084	interleaved_b	T1_easy	10k_final	32	true		
ac-v1-00943	INTL-b4-212-0	ACP-037176	interleaved	T3_hard_solvable	100k	21	true		
ac-v1-00944	MS-n5-wXXyxyxY	ACP-005682	ms_expanded	T5_moonshot	100k	21	false	open	530
ac-v1-00945	AUTH-22_14-k1-1	ACP-014576	aut_hard	T5_moonshot	100k	22	true		
ac-v1-00946	INTLB-b4-1023-0	ACP-041040	interleaved_b	T1_easy	10k_final	29	true		
ac-v1-00947	INTLB-b4-277-1	ACP-039556	interleaved_b	T3_hard_solvable	100k	27	true		
ac-v1-00948	INTLB-b4-3037-1	ACP-040667	interleaved_b	T2_medium	100k	31	true		
ac-v1-00949	INTLB-b4-2189-0	ACP-041815	interleaved_b	T1_easy	10k_final	36	true		
ac-v1-00950	INTLB-b3t-713-1	ACP-039254	interleaved_b	T1_easy	10k_final	27	true		
ac-v1-00951	INTLB-b4-120-1	ACP-038791	interleaved_b	T1_easy	10k_final	24	true		
ac-v1-00952	MS-n5-wXXYYYxxyy	ACP-028808	ms_expanded	T4_frontier	100k	23	true		
ac-v1-00953	MS-n3-wXXYxYxy	ACP-008303	ms_expanded	T5_moonshot	100k	17	true	open	941
ac-v1-00954	MS-n9-wYYxyyyyyXy	ACP-020235	ms_expanded	T1_easy	10k_final	32	true		
ac-v1-00955	MS-n6-wXyyxy	ACP-004439	ms_expanded	T4_frontier	100k	21	true	open	153
ac-v1-00956	MS-n4-wYYXyxyyyy	ACP-021249	ms_expanded	T1_easy	10k_final	21	true		
ac-v1-00957	INTL-b4-162-1	ACP-012486	interleaved	T1_easy	10k_final	29	true		
ac-v1-00958	AUTH-18_11-k1-0	ACP-014808	aut_hard	T5_moonshot	100k	21	true		
ac-v1-00959	INTLB-b4-1343-0	ACP-041160	interleaved_b	T2_medium	100k	25	true		
ac-v1-00960	INTL-b3-17-0	ACP-032931	interleaved	T1_easy	10k_final	25	true		
ac-v1-00961	AUTH-18_8-k1-0	ACP-023312	aut_hard	T5_moonshot	100k	21	true		
ac-v1-00962	INTLB-b3t-427-1	ACP-046761	interleaved_b	T1_easy	10k_final	30	true		
ac-v1-00963	MS-n3-wXYYxYYYYY	ACP-021637	ms_expanded	T1_easy	10k_final	19	true		
ac-v1-00964	MS-n4-wXXyxxyyy	ACP-007465	ms_expanded	T4_frontier	100k	20	true		
ac-v1-00965	MS-n4-wXXXYxYxYxY	ACP-027713	ms_expanded	T4_frontier	100k	22	true		
ac-v1-00966	MS-n4-wXXyxYYxY	ACP-021114	ms_expanded	T4_frontier	100k	20	true		
ac-v1-00967	AUTH-22_9-k1-0	ACP-000927	aut_hard	T5_moonshot	100k	27	true		
ac-v1-00968	MS-n10-wXXXyxYxxY	ACP-016773	ms_expanded	T4_frontier	100k	33	true		
ac-v1-00969	AUTH-18_9-k1-0	ACP-023711	aut_hard	T5_moonshot	100k	19	true		
ac-v1-00970	INTLB-b4-1728-0	ACP-043890	interleaved_b	T1_easy	10k_final	31	true		
ac-v1-00971	INTLB-b4-14-0	ACP-045047	interleaved_b	T3_hard_solvable	100k	28	true		
ac-v1-00972	INTLB-b4-1750-1	ACP-045176	interleaved_b	T1_easy	10k_final	35	true		
ac-v1-00973	MS-n2-wXXXYxxYYxY	ACP-008574	ms_expanded	T4_frontier	100k	18	true		
ac-v1-00974	MS-n2-wyXyxy	ACP-000959	ms_expanded	T1_easy	10k_final	13	true	uncertified	107
ac-v1-00975	INTLB-b4-1049-1	ACP-043784	interleaved_b	T1_easy	10k_final	31	true		
ac-v1-00976	INTLB-b4-2194-1	ACP-037878	interleaved_b	T1_easy	10k_final	29	true		
ac-v1-00977	MS-n4-wXYYYYxYY	ACP-007367	ms_expanded	T0_warmup	10k_final	20	true		
ac-v1-00978	INTLB-b4-140-0	ACP-038885	interleaved_b	T1_easy	10k_final	31	true		
ac-v1-00979	MS-n8-wXXYxxY	ACP-006042	ms_expanded	T4_frontier	100k	26	true		
ac-v1-00980	MS-n3-wYYXyxyyy	ACP-004673	ms_expanded	T1_easy	10k_final	18	true		
ac-v1-00981	MS-n5-wXXXYxYxxy	ACP-027048	ms_expanded	T4_frontier	100k	23	true		
ac-v1-00982	INTLB-b3t-870-1	ACP-045627	interleaved_b	T1_easy	10k_final	33	true		
ac-v1-00983	INTLB-b4-1798-0	ACP-042853	interleaved_b	T3_hard_solvable	100k	31	true		
ac-v1-00984	AUTH-20_10-k1-0	ACP-018827	aut_hard	T5_moonshot	100k	29	true		
ac-v1-00985	INTLB-b3t-621-0	ACP-046523	interleaved_b	T1_easy	10k_final	31	true		
ac-v1-00986	INTLB-b3t-689-1	ACP-046712	interleaved_b	T1_easy	10k_final	29	true		
ac-v1-00987	INTLB-b4-2025-1	ACP-045547	interleaved_b	T2_medium	100k	30	true		
ac-v1-00988	INTLB-b3t-683-1	ACP-037400	interleaved_b	T1_easy	10k_final	27	true		
ac-v1-00989	INTLB-b4-1302-1	ACP-042333	interleaved_b	T1_easy	10k_final	28	true		
ac-v1-00990	INTLB-b3t-593-1	ACP-042409	interleaved_b	T1_easy	10k_final	27	true		
ac-v1-00991	INTLB-b4-1629-0	ACP-038622	interleaved_b	T1_easy	10k_final	26	true		
ac-v1-00992	MS-n7-wXXXYYxxxyy	ACP-015695	ms_expanded	T4_frontier	100k	28	true		
ac-v1-00993	MS-n6-wYxYYYXy	ACP-000501	ms_expanded	T4_frontier	100k	23	false	open	1126
ac-v1-00994	INTLB-b4-2134-0	ACP-043380	interleaved_b	T2_medium	100k	32	true		
ac-v1-00995	INTLB-b4-1368-0	ACP-042224	interleaved_b	T1_easy	10k_final	26	true		
ac-v1-00996	MS-n6-wXYYxyyy	ACP-004921	ms_expanded	T4_frontier	100k	23	true	uncertified	860
ac-v1-00997	AUTH-17_19-k1-1	ACP-001367	aut_hard	T5_moonshot	100k	17	true		
ac-v1-00998	AUTH-18_5-k0-0	ACP-002494	aut_hard	T5_moonshot	100k	18	true		
ac-v1-00999	MS-n6-wYXYXYxyxYY	ACP-036952	ms_expanded	T5_moonshot	100k	26	true		
ac-v1-01000	MS-n7-wYxYXyyy	ACP-029977	ms_expanded	T5_moonshot	100k	25	false	open	651
ac-v1-01001	INTLB-b4-366-0	ACP-045468	interleaved_b	T3_hard_solvable	100k	32	true		
ac-v1-01002	AUTH-19_2-k0-0	ACP-031771	aut_hard	T5_moonshot	100k	19	true		
ac-v1-01003	INTLB-b4-600-1	ACP-045271	interleaved_b	T3_hard_solvable	100k	29	true		
ac-v1-01004	INTLB-b3t-599-0	ACP-041444	interleaved_b	T1_easy	10k_final	30	true		
ac-v1-01005	MS-n2-wXXXyxxYxY	ACP-014143	ms_expanded	T4_frontier	100k	17	true		
ac-v1-01006	INTLB-b4-2135-0	ACP-042165	interleaved_b	T1_easy	10k_final	27	true		
ac-v1-01007	MS-n8-wXXXYxyxxYY	ACP-026336	ms_expanded	T4_frontier	100k	30	true		
ac-v1-01008	INTLB-b3t-798-1	ACP-041485	interleaved_b	T1_easy	10k_final	25	true		
ac-v1-01009	INTLB-b4-1312-0	ACP-037414	interleaved_b	T2_medium	100k	35	true		
ac-v1-01010	INTLB-b4-1381-1	ACP-040240	interleaved_b	T1_easy	10k_final	31	true		
ac-v1-01011	INTLB-b4-1881-0	ACP-044188	interleaved_b	T1_easy	10k_final	31	true		
ac-v1-01012	INTLB-b3t-282-0	ACP-044024	interleaved_b	T1_easy	10k_final	28	true		
ac-v1-01013	INTLB-b4-407-1	ACP-041747	interleaved_b	T3_hard_solvable	100k	33	true		
ac-v1-01014	INTLB-b4-1286-0	ACP-038261	interleaved_b	T1_easy	10k_final	31	true		
ac-v1-01015	INTLB-b4-293-0	ACP-041147	interleaved_b	T3_hard_solvable	100k	33	true		
ac-v1-01016	MS-n3-wXXYYxxyy	ACP-032510	ms_expanded	T4_frontier	100k	18	true		
ac-v1-01017	MS-n7-wXyXyxxY	ACP-011436	ms_expanded	T5_moonshot	100k	25	false	open	1036
ac-v1-01018	INTLB-b4-2165-0	ACP-043301	interleaved_b	T1_easy	10k_final	27	true		
ac-v1-01019	INTLB-b4-2073-1	ACP-045085	interleaved_b	T1_easy	10k_final	34	true		
ac-v1-01020	AUTH-17_13-k1-0	ACP-021827	aut_hard	T5_moonshot	100k	21	true		
ac-v1-01021	MS-n5-wYYXyxyyyyy	ACP-019445	ms_expanded	T2_medium	100k	24	true		
ac-v1-01022	INTLB-b4-1021-0	ACP-039576	interleaved_b	T1_easy	10k_final	35	true		
ac-v1-01023	MS-n9-wXXYYxyxy	ACP-001273	ms_expanded	T4_frontier	100k	30	true		
ac-v1-01024	AUTH-25_18-k12-0	ACP-003172	aut_hard	T5_moonshot	100k	37	true		
ac-v1-01025	MS-n6-wYXyyyxy	ACP-008419	ms_expanded	T1_easy	10k_final	23	true	uncertified	615
ac-v1-01026	MS-n6-wXYXyxxY	ACP-006795	ms_expanded	T4_frontier	100k	23	true	open	1042
ac-v1-01027	INTLB-b4-297-0	ACP-042903	interleaved_b	T3_hard_solvable	100k	33	true		
ac-v1-01028	INTLB-b4-209-1	ACP-045442	interleaved_b	T1_easy	10k_final	30	true		
ac-v1-01029	INTLB-b3t-610-0	ACP-046602	interleaved_b	T1_easy	10k_final	31	true		
ac-v1-01030	INTLB-b3t-5-0	ACP-045841	interleaved_b	T1_easy	10k_final	29	true		
ac-v1-01031	INTLB-b4-1297-1	ACP-039113	interleaved_b	T1_easy	10k_final	33	true		
ac-v1-01032	MS-n3-wyxYXyyy	ACP-033307	ms_expanded	T1_easy	10k_final	17	true	uncertified	759
ac-v1-01033	AUTH-21_17-k1-1	ACP-013782	aut_hard	T5_moonshot	100k	29	true		
ac-v1-01034	INTLB-b4-2157-1	ACP-038586	interleaved_b	T2_medium	100k	31	true		
ac-v1-01035	MS-n6-wYYYXyxY	ACP-024867	ms_expanded	T2_medium	100k	23	true	uncertified	1098
ac-v1-01036	AUTH-19_31-k1-1	ACP-032904	aut_hard	T5_moonshot	100k	19	true		
ac-v1-01037	MS-n4-wXXXYxxYYxY	ACP-010123	ms_expanded	T4_frontier	100k	22	true		
ac-v1-01038	MS-n5-wYXyyxy	ACP-008673	ms_expanded	T4_frontier	100k	20	true	open	334
ac-v1-01039	INTLB-b3t-734-0	ACP-045097	interleaved_b	T1_easy	10k_final	25	true		
ac-v1-01040	INTLB-b4-1499-0	ACP-047043	interleaved_b	T1_easy	10k_final	32	true		
ac-v1-01041	INTLB-b4-3252-0	ACP-039033	interleaved_b	T2_medium	100k	27	true		
ac-v1-01042	MS-n9-wYxYYYYYXy	ACP-036051	ms_expanded	T1_easy	10k_final	31	true		
ac-v1-01043	INTLB-b4-1588-0	ACP-045840	interleaved_b	T1_easy	10k_final	29	true		
ac-v1-01044	INTLB-b4-1683-1	ACP-044132	interleaved_b	T1_easy	10k_final	30	true		
ac-v1-01045	INTLB-b4-1784-1	ACP-045983	interleaved_b	T2_medium	100k	31	true		
ac-v1-01046	MS-n8-wXXYxyxY	ACP-014181	ms_expanded	T4_frontier	100k	27	true		
ac-v1-01047	INTLB-b4-3982-0	ACP-046956	interleaved_b	T3_hard_solvable	100k	27	true		
ac-v1-01048	INTL-b4-144-0	ACP-016172	interleaved	T2_medium	100k	28	true		
ac-v1-01049	INTLB-b4-2222-1	ACP-041070	interleaved_b	T1_easy	10k_final	29	true		
ac-v1-01050	INTLB-b4-2172-1	ACP-040737	interleaved_b	T1_easy	10k_final	30	true		
ac-v1-01051	INTL-b4-189-1	ACP-036083	interleaved	T1_easy	10k_final	31	true		
ac-v1-01052	INTLB-b3t-102-1	ACP-044936	interleaved_b	T1_easy	10k_final	31	true		
ac-v1-01053	MS-n7-wXyyxyy	ACP-003492	ms_expanded	T4_frontier	100k	24	true	open	469
ac-v1-01054	INTLB-b3t-143-0	ACP-044610	interleaved_b	T1_easy	10k_final	33	true		
ac-v1-01055	INTLB-b3t-918-0	ACP-046013	interleaved_b	T1_easy	10k_final	34	true		
ac-v1-01056	INTLB-b4-1020-1	ACP-041910	interleaved_b	T1_easy	10k_final	35	true		
ac-v1-01057	MS-n5-wYYXyyyxyy	ACP-022098	ms_expanded	T1_easy	10k_final	23	true		
ac-v1-01058	INTL-b2-184-0	ACP-011974	interleaved	T1_easy	10k_final	34	true		
ac-v1-01059	INTL-b2-145-1	ACP-018925	interleaved	T1_easy	10k_final	19	true		
ac-v1-01060	INTLB-b3t-418-1	ACP-039852	interleaved_b	T1_easy	10k_final	29	true		
ac-v1-01061	MS-n7-wYXYYxyy	ACP-024997	ms_expanded	T2_medium	100k	25	true	uncertified	805
ac-v1-01062	INTLB-b3t-873-1	ACP-042038	interleaved_b	T1_easy	10k_final	28	true		
ac-v1-01063	MS-n6-wXXYxYxY	ACP-009150	ms_expanded	T5_moonshot	100k	23	true	open	951
ac-v1-01064	INTLB-b4-2372-1	ACP-040810	interleaved_b	T2_medium	100k	33	true		
ac-v1-01065	INTLB-b4-3147-1	ACP-040391	interleaved_b	T2_medium	100k	29	true		
ac-v1-01066	MS-n7-wyxyXyy	ACP-007376	ms_expanded	T5_moonshot	100k	24	false	open	378
ac-v1-01067	INTLB-b4-2082-0	ACP-041572	interleaved_b	T1_easy	10k_final	33	true		
ac-v1-01068	INTLB-b3t-74-0	ACP-042501	interleaved_b	T1_easy	10k_final	35	true		
ac-v1-01069	INTLB-b3t-948-0	ACP-040115	interleaved_b	T1_easy	10k_final	29	true		
ac-v1-01070	INTLB-b3t-326-0	ACP-042221	interleaved_b	T1_easy	10k_final	32	true		
ac-v1-01071	INTLB-b4-775-0	ACP-047056	interleaved_b	T3_hard_solvable	100k	31	true		
ac-v1-01072	INTLB-b4-1787-1	ACP-040106	interleaved_b	T2_medium	100k	28	true		
ac-v1-01073	INTLB-b4-3094-1	ACP-045379	interleaved_b	T3_hard_solvable	100k	29	true		
ac-v1-01074	AUTH-19_24-k1-2	ACP-020096	aut_hard	T5_moonshot	100k	27	true		
ac-v1-01075	INTL-b2-106-1	ACP-009785	interleaved	T1_easy	10k_final	35	true		
ac-v1-01076	MS-n8-wXXyxYxYY	ACP-004313	ms_expanded	T4_frontier	100k	28	true		
ac-v1-01077	INTLB-b4-1276-0	ACP-037470	interleaved_b	T1_easy	10k_final	25	true		
ac-v1-01078	INTLB-b4-1639-0	ACP-040011	interleaved_b	T1_easy	10k_final	24	true		
ac-v1-01079	INTL-b2-136-1	ACP-031058	interleaved	T1_easy	10k_final	19	true		
ac-v1-01080	INTLB-b4-527-1	ACP-040645	interleaved_b	T3_hard_solvable	100k	35	true		
ac-v1-01081	INTLB-b4-1104-1	ACP-044602	interleaved_b	T1_easy	10k_final	33	true		
ac-v1-01082	INTL-b2-294-0	ACP-035669	interleaved	T1_easy	10k_final	29	true		
ac-v1-01083	MS-n3-wyXyxy	ACP-016079	ms_expanded	T5_moonshot	10k_final	15	false	open	108
ac-v1-01084	MS-n3-wXXYxxYYYY	ACP-007086	ms_expanded	T1_easy	10k_final	19	true		
ac-v1-01085	INTLB-b4-1270-0	ACP-042727	interleaved_b	T1_easy	10k_final	30	true		
ac-v1-01086	INTLB-b3t-790-0	ACP-045143	interleaved_b	T1_easy	10k_final	31	true		
ac-v1-01087	INTLB-b3t-937-0	ACP-044218	interleaved_b	T1_easy	10k_final	35	true		
ac-v1-01088	INTLB-b4-391-1	ACP-038846	interleaved_b	T3_hard_solvable	100k	31	true		
ac-v1-01089	INTL-b3-13-0	ACP-001420	interleaved	T1_easy	10k_final	34	true		
ac-v1-01090	MS-n5-wXXXYYxYxxY	ACP-015441	ms_expanded	T4_frontier	100k	24	true		
ac-v1-01091	INTLB-b4-2129-1	ACP-038150	interleaved_b	T1_easy	10k_final	35	true		
ac-v1-01092	MS-n8-wXXYYxYxy	ACP-036895	ms_expanded	T4_frontier	100k	28	true		
ac-v1-01093	MS-n5-wYYYYYYxyXy	ACP-032638	ms_expanded	T2_medium	100k	24	true		
ac-v1-01094	INTLB-b4-2195-1	ACP-045295	interleaved_b	T1_easy	10k_final	31	true		
ac-v1-01095	INTL-b2-178-1	ACP-016864	interleaved	T1_easy	10k_final	29	true		
ac-v1-01096	MS-n2-wXXYxyxYY	ACP-009484	ms_expanded	T4_frontier	100k	16	true		
ac-v1-01097	INTLB-b4-2339-1	ACP-041185	interleaved_b	T2_medium	100k	30	true		
ac-v1-01098	MS-n4-wYXYxy	ACP-036429	ms_expanded	T1_easy	10k_final	17	true	uncertified	144
ac-v1-01099	INTL-b3-184-1	ACP-027621	interleaved	T1_easy	10k_final	21	true		
ac-v1-01100	INTLB-b4-1049-0	ACP-046209	interleaved_b	T1_easy	10k_final	22	true		
ac-v1-01101	INTLB-b4-2066-0	ACP-041423	interleaved_b	T1_easy	10k_final	30	true		
ac-v1-01102	INTLB-b4-202-0	ACP-037281	interleaved_b	T1_easy	10k_final	25	true		
ac-v1-01103	INTLB-b3t-444-1	ACP-046277	interleaved_b	T1_easy	10k_final	26	true		
ac-v1-01104	INTLB-b4-1274-1	ACP-044135	interleaved_b	T1_easy	10k_final	31	true		
ac-v1-01105	INTLB-b4-1763-0	ACP-037348	interleaved_b	T1_easy	10k_final	33	true		
ac-v1-01106	INTLB-b4-164-0	ACP-039778	interleaved_b	T1_easy	10k_final	18	true		
ac-v1-01107	INTLB-b3t-367-0	ACP-046432	interleaved_b	T2_medium	100k	33	true		
ac-v1-01108	MS-n9-wXXXYxYxyxy	ACP-028205	ms_expanded	T4_frontier	100k	32	true		
ac-v1-01109	MS-n10-wXXXYYxxyxy	ACP-033306	ms_expanded	T4_frontier	100k	34	true		
ac-v1-01110	MS-n6-wXYYxYYY	ACP-033512	ms_expanded	T4_frontier	100k	23	true	open	867
ac-v1-01111	INTLB-b3t-929-1	ACP-041728	interleaved_b	T1_easy	10k_final	26	true		
ac-v1-01112	INTLB-b3t-307-1	ACP-046589	interleaved_b	T1_easy	10k_final	32	true		
ac-v1-01113	INTLB-b3t-454-1	ACP-040971	interleaved_b	T1_easy	10k_final	31	true		
ac-v1-01114	INTLB-b3t-502-1	ACP-045687	interleaved_b	T1_easy	10k_final	27	true		
ac-v1-01115	INTLB-b4-2553-1	ACP-040906	interleaved_b	T3_hard_solvable	100k	29	true		
ac-v1-01116	MS-n7-wXXYxxYY	ACP-020291	ms_expanded	T5_moonshot	100k	25	false	open	938
ac-v1-01117	INTLB-b3t-71-0	ACP-042916	interleaved_b	T1_easy	10k_final	32	true		
ac-v1-01118	INTLB-b4-1710-1	ACP-040894	interleaved_b	T3_hard_solvable	100k	20	true		
ac-v1-01119	INTLB-b3t-795-1	ACP-040256	interleaved_b	T1_easy	10k_final	31	true		
ac-v1-01120	INTLB-b3t-530-1	ACP-039868	interleaved_b	T1_easy	10k_final	31	true		
ac-v1-01121	INTLB-b4-2151-1	ACP-042147	interleaved_b	T1_easy	10k_final	23	true		
ac-v1-01122	INTLB-b3t-427-0	ACP-044553	interleaved_b	T1_easy	10k_final	28	true		
ac-v1-01123	AUTH-25_10-k1-0	ACP-001839	aut_hard	T5_moonshot	100k	32	true		
ac-v1-01124	MS-n5-wXyyyxYY	ACP-016322	ms_expanded	T4_frontier	100k	21	true	open	621
ac-v1-01125	INTLB-b4-469-1	ACP-041950	interleaved_b	T2_medium	100k	33	true		
ac-v1-01126	INTLB-b3t-295-1	ACP-045361	interleaved_b	T1_easy	10k_final	28	true		
ac-v1-01127	INTL-b3-163-1	ACP-028760	interleaved	T1_easy	10k_final	23	true		
ac-v1-01128	INTLB-b3t-690-1	ACP-044542	interleaved_b	T1_easy	10k_final	32	true		
ac-v1-01129	INTLB-b4-2409-0	ACP-045378	interleaved_b	T2_medium	100k	33	true		
ac-v1-01130	INTLB-b4-1711-0	ACP-041606	interleaved_b	T2_medium	100k	36	true		
ac-v1-01131	MS-n10-wXYYYYxy	ACP-010623	ms_expanded	T4_frontier	100k	31	true		
ac-v1-01132	MS-n6-wXXYxYYxy	ACP-006461	ms_expanded	T4_frontier	100k	24	true		
ac-v1-01133	INTLB-b4-1773-1	ACP-046726	interleaved_b	T1_easy	10k_final	36	true		
ac-v1-01134	INTLB-b3t-9-0	ACP-043884	interleaved_b	T1_easy	10k_final	30	true		
ac-v1-01135	INTLB-b4-137-0	ACP-042440	interleaved_b	T3_hard_solvable	100k	31	true		
ac-v1-01136	INTLB-b4-1253-1	ACP-039023	interleaved_b	T1_easy	10k_final	28	true		
ac-v1-01137	MS-n7-wYXYxy	ACP-006161	ms_expanded	T2_medium	100k	23	true	uncertified	147
ac-v1-01138	AUTH-15_9-k1-0	ACP-005524	aut_hard	T5_moonshot	100k	19	true		
ac-v1-01139	INTL-b4-166-0	ACP-032438	interleaved	T3_hard_solvable	100k	24	true		
ac-v1-01140	INTLB-b4-224-0	ACP-043327	interleaved_b	T3_hard_solvable	100k	23	true		
ac-v1-01141	MS-n5-wyXyxyyyy	ACP-035540	ms_expanded	T2_medium	100k	22	true		
ac-v1-01142	INTLB-b4-1534-0	ACP-040720	interleaved_b	T2_medium	100k	36	true		
ac-v1-01143	MS-n10-wyy	ACP-011055	ms_expanded	T0_warmup	10k_final	26	true		
ac-v1-01144	MS-n8-wXXXYxyxYxY	ACP-019520	ms_expanded	T4_frontier	100k	30	true		
ac-v1-01145	INTLB-b4-1670-0	ACP-046839	interleaved_b	T1_easy	10k_final	19	true		
ac-v1-01146	INTLB-b4-2642-1	ACP-040289	interleaved_b	T2_medium	100k	35	true		
ac-v1-01147	MS-n5-wYXYYYYxYYY	ACP-022243	ms_expanded	T1_easy	10k_final	24	true		
ac-v1-01148	INTLB-b3t-520-1	ACP-042322	interleaved_b	T1_easy	10k_final	29	true		
ac-v1-01149	INTLB-b4-512-0	ACP-041652	interleaved_b	T2_medium	100k	29	true		
ac-v1-01150	INTLB-b4-1515-1	ACP-037545	interleaved_b	T1_easy	10k_final	32	true		
ac-v1-01151	INTL-b4-12-1	ACP-024386	interleaved	T1_easy	10k_final	35	true		
ac-v1-01152	MS-n4-wyxYYXyy	ACP-033533	ms_expanded	T4_frontier	100k	19	true	open	1082
ac-v1-01153	MS-n8-wYYYXYYYYxy	ACP-022446	ms_expanded	T2_medium	100k	30	true		
ac-v1-01154	INTLB-b4-1837-0	ACP-046464	interleaved_b	T2_medium	100k	23	true		
ac-v1-01155	MS-n5-wYXYXYxyxy	ACP-004488	ms_expanded	T5_moonshot	100k	23	true		
ac-v1-01156	INTLB-b4-205-0	ACP-041671	interleaved_b	T1_easy	10k_final	33	true		
ac-v1-01157	MS-n9-wYYYxyyyXyy	ACP-006344	ms_expanded	T1_easy	10k_final	32	true		
ac-v1-01158	MS-n8-wXXXYYxxYxY	ACP-009963	ms_expanded	T4_frontier	100k	30	true		
ac-v1-01159	INTLB-b3t-548-1	ACP-037307	interleaved_b	T1_easy	10k_final	34	true		
ac-v1-01160	INTLB-b3t-900-1	ACP-046990	interleaved_b	T1_easy	10k_final	26	true		
ac-v1-01161	AUTH-22_12-k0-0	ACP-002665	aut_hard	T5_moonshot	100k	22	true		
ac-v1-01162	INTLB-b3t-660-0	ACP-039413	interleaved_b	T1_easy	10k_final	23	true		
ac-v1-01163	INTLB-b4-1623-1	ACP-047117	interleaved_b	T1_easy	10k_final	31	true		
ac-v1-01164	INTLB-b4-3060-1	ACP-040416	interleaved_b	T2_medium	100k	29	true		
ac-v1-01165	MS-n4-wXXYYYYxYxY	ACP-003575	ms_expanded	T2_medium	100k	22	true		
ac-v1-01166	MS-n8-wXXyxxyyy	ACP-012426	ms_expanded	T4_frontier	100k	28	true		
ac-v1-01167	INTLB-b4-3949-1	ACP-044114	interleaved_b	T3_hard_solvable	100k	31	true		
ac-v1-01168	INTLB-b4-1413-1	ACP-046372	interleaved_b	T1_easy	10k_final	36	true		
ac-v1-01169	AUTH-25_13-k1-1	ACP-016493	aut_hard	T5_moonshot	100k	37	true		
ac-v1-01170	MS-n6-wYXyyxyy	ACP-011932	ms_expanded	T4_frontier	100k	23	true	open	671
ac-v1-01171	MS-n3-wXXXYxYxYxY	ACP-018751	ms_expanded	T4_frontier	100k	20	true		
ac-v1-01172	INTLB-b3t-909-0	ACP-041825	interleaved_b	T1_easy	10k_final	31	true		
ac-v1-01173	INTLB-b4-781-1	ACP-045512	interleaved_b	T2_medium	100k	31	true		
ac-v1-01174	INTLB-b4-1894-0	ACP-037467	interleaved_b	T3_hard_solvable	100k	24	true		
ac-v1-01175	INTLB-b4-2142-1	ACP-044635	interleaved_b	T3_hard_solvable	100k	27	true		
ac-v1-01176	INTLB-b4-2371-1	ACP-039743	interleaved_b	T2_medium	100k	30	true		
ac-v1-01177	INTLB-b3t-564-1	ACP-045030	interleaved_b	T1_easy	10k_final	33	true		
ac-v1-01178	MS-n9-wXYYxYY	ACP-023218	ms_expanded	T4_frontier	100k	28	true		
ac-v1-01179	INTLB-b4-2935-1	ACP-040098	interleaved_b	T2_medium	100k	35	true		
ac-v1-01180	INTLB-b4-223-1	ACP-041685	interleaved_b	T1_easy	10k_final	31	true		
ac-v1-01181	INTLB-b4-2107-1	ACP-045168	interleaved_b	T2_medium	100k	27	true		
ac-v1-01182	MS-n2-wXYXyyxyxy	ACP-011192	ms_expanded	T1_easy	10k_final	17	true		
ac-v1-01183	MS-n9-wXyxYYYYY	ACP-016457	ms_expanded	T1_easy	10k_final	30	true		
ac-v1-01184	AUTH-17_10-k1-3	ACP-014614	aut_hard	T5_moonshot	100k	23	true		
ac-v1-01185	INTLB-b4-3121-0	ACP-038079	interleaved_b	T2_medium	100k	28	true		
ac-v1-01186	INTLB-b4-1485-1	ACP-042505	interleaved_b	T1_easy	10k_final	31	true		
ac-v1-01187	INTLB-b4-2520-1	ACP-043671	interleaved_b	T2_medium	100k	23	true		
ac-v1-01188	INTLB-b3t-353-1	ACP-039601	interleaved_b	T1_easy	10k_final	26	true		
ac-v1-01189	INTLB-b4-1460-1	ACP-046952	interleaved_b	T1_easy	10k_final	33	true		
ac-v1-01190	MS-n9-wXXYxYYxY	ACP-034917	ms_expanded	T4_frontier	100k	30	true		
ac-v1-01191	MS-n6-wXXXyxxxY	ACP-025760	ms_expanded	T4_frontier	100k	24	true		
ac-v1-01192	AUTH-25_11-k1-3	ACP-036870	aut_hard	T5_moonshot	100k	39	true		
ac-v1-01193	INTLB-b3t-495-1	ACP-046034	interleaved_b	T1_easy	10k_final	28	true		
ac-v1-01194	INTLB-b3t-653-0	ACP-045236	interleaved_b	T3_hard_solvable	100k	28	true		
ac-v1-01195	MS-n3-wYYXYxYYY	ACP-034412	ms_expanded	T1_easy	10k_final	18	true		
ac-v1-01196	MS-n2-wXYxyXyxy	ACP-022554	ms_expanded	T1_easy	10k_final	16	true		
ac-v1-01197	MS-n7-wYYYXYxy	ACP-008797	ms_expanded	T4_frontier	100k	25	true	uncertified	1183
ac-v1-01198	MS-n1-wXyXyyxyxy	ACP-005379	ms_expanded	T1_easy	10k_final	15	true		
ac-v1-01199	INTL-b4-99-1	ACP-024740	interleaved	T2_medium	100k	16	true		
ac-v1-01200	INTLB-b3t-832-0	ACP-038760	interleaved_b	T1_easy	10k_final	31	true		
ac-v1-01201	INTLB-b4-463-1	ACP-047106	interleaved_b	T3_hard_solvable	100k	33	true		
ac-v1-01202	INTLB-b3t-365-0	ACP-046884	interleaved_b	T1_easy	10k_final	33	true		
ac-v1-01203	AUTH-25_8-k1-0	ACP-023956	aut_hard	T5_moonshot	100k	25	true		
ac-v1-01204	INTLB-b4-2871-0	ACP-043147	interleaved_b	T2_medium	100k	24	true		
ac-v1-01205	MS-n4-wYYYXyxY	ACP-008833	ms_expanded	T1_easy	10k_final	19	true	uncertified	1096
ac-v1-01206	INTLB-b4-2803-1	ACP-038672	interleaved_b	T2_medium	100k	27	true		
ac-v1-01207	MS-n6-wYXyxyy	ACP-005583	ms_expanded	T4_frontier	100k	22	true	open	440
ac-v1-01208	INTLB-b4-1601-0	ACP-041745	interleaved_b	T1_easy	10k_final	19	true		
ac-v1-01209	INTL-b3-229-1	ACP-011773	interleaved	T3_hard_solvable	100k	31	true		
ac-v1-01210	MS-n9-wXXXYYxxxy	ACP-009798	ms_expanded	T4_frontier	100k	31	true		
ac-v1-01211	INTLB-b4-504-1	ACP-041877	interleaved_b	T2_medium	100k	30	true		
ac-v1-01212	INTL-b4-36-0	ACP-008137	interleaved	T3_hard_solvable	100k	34	true		
ac-v1-01213	INTLB-b4-1752-0	ACP-042689	interleaved_b	T1_easy	10k_final	24	true		
ac-v1-01214	INTLB-b4-2244-0	ACP-038533	interleaved_b	T1_easy	10k_final	29	true		
ac-v1-01215	INTLB-b4-1844-1	ACP-040431	interleaved_b	T3_hard_solvable	100k	28	true		
ac-v1-01216	MS-n1-wXXXYYxYxxy	ACP-028446	ms_expanded	T1_easy	10k_final	16	true		
ac-v1-01217	MS-n1-wXXXYYxxxYY	ACP-024549	ms_expanded	T0_warmup	10k_final	16	true		
ac-v1-01218	MS-n8-wXXyyxyxy	ACP-005649	ms_expanded	T4_frontier	100k	28	true		
ac-v1-01219	INTLB-b3t-105-1	ACP-039870	interleaved_b	T1_easy	10k_final	28	true		
ac-v1-01220	MS-n9-wXyXyxxY	ACP-003369	ms_expanded	T4_frontier	100k	29	true		
ac-v1-01221	MS-n5-wYXYYYYxYY	ACP-011136	ms_expanded	T2_medium	100k	23	true		
ac-v1-01222	MS-n5-wYYXYxY	ACP-001259	ms_expanded	T5_moonshot	100k	20	true	open	236
ac-v1-01223	MS-n5-wXyxy	ACP-036508	ms_expanded	T5_moonshot	100k	18	true	open	68
ac-v1-01224	INTLB-b3t-18-1	ACP-038324	interleaved_b	T1_easy	10k_final	29	true		
ac-v1-01225	MS-n8-wYYXYYYYxy	ACP-006365	ms_expanded	T2_medium	100k	29	true		
ac-v1-01226	MS-n6-wXyxYYYY	ACP-007954	ms_expanded	T4_frontier	100k	23	true	open	1063
ac-v1-01227	INTLB-b3t-237-1	ACP-045628	interleaved_b	T1_easy	10k_final	31	true		
ac-v1-01228	MS-n6-wXYXyxxy	ACP-003891	ms_expanded	T4_frontier	100k	23	true	open	1007
ac-v1-01229	INTLB-b4-1100-1	ACP-041969	interleaved_b	T1_easy	10k_final	22	true		
ac-v1-01230	INTLB-b4-2045-0	ACP-041650	interleaved_b	T3_hard_solvable	100k	27	true		
ac-v1-01231	INTLB-b3t-1-1	ACP-043488	interleaved_b	T1_easy	10k_final	30	true		
ac-v1-01232	MS-n6-wYYYXyyxYY	ACP-024026	ms_expanded	T1_easy	10k_final	25	true		
ac-v1-01233	INTLB-b4-1012-0	ACP-038088	interleaved_b	T1_easy	10k_final	27	true		
ac-v1-01234	INTL-b4-224-0	ACP-004114	interleaved	T1_easy	10k_final	26	true		
ac-v1-01235	INTLB-b4-86-0	ACP-044940	interleaved_b	T2_medium	100k	32	true		
ac-v1-01236	INTLB-b4-3944-1	ACP-043703	interleaved_b	T3_hard_solvable	100k	29	true		
ac-v1-01237	MS-n6-wXXYYYxYxy	ACP-031319	ms_expanded	T4_frontier	100k	25	true		
ac-v1-01238	INTLB-b4-3047-0	ACP-039922	interleaved_b	T2_medium	100k	29	true		
ac-v1-01239	INTLB-b4-2699-0	ACP-039697	interleaved_b	T2_medium	100k	23	true		
ac-v1-01240	INTLB-b4-1193-0	ACP-043171	interleaved_b	T1_easy	10k_final	28	true		
ac-v1-01241	INTLB-b4-2693-0	ACP-039124	interleaved_b	T2_medium	100k	30	true		
ac-v1-01242	MS-n4-wXXYYxxYY	ACP-013715	ms_expanded	T4_frontier	100k	20	true		
ac-v1-01243	MS-n5-wYXYYYYYYxy	ACP-000348	ms_expanded	T2_medium	100k	24	true		
ac-v1-01244	MS-n7-wYYXyyxy	ACP-008245	ms_expanded	T4_frontier	100k	25	true	open	686
ac-v1-01245	INTLB-b3t-229-1	ACP-044871	interleaved_b	T3_hard_solvable	100k	34	true		
ac-v1-01246	INTLB-b4-133-0	ACP-041335	interleaved_b	T3_hard_solvable	100k	35	true		
ac-v1-01247	INTLB-b4-2125-1	ACP-042527	interleaved_b	T1_easy	10k_final	25	true		
ac-v1-01248	INTLB-b4-292-1	ACP-045375	interleaved_b	T3_hard_solvable	100k	33	true		
ac-v1-01249	INTLB-b4-1704-1	ACP-040896	interleaved_b	T3_hard_solvable	100k	21	true		
ac-v1-01250	INTLB-b3t-274-1	ACP-039641	interleaved_b	T1_easy	10k_final	28	true		
ac-v1-01251	INTLB-b3t-340-0	ACP-039360	interleaved_b	T1_easy	10k_final	27	true		
ac-v1-01252	INTLB-b4-1691-0	ACP-039965	interleaved_b	T1_easy	10k_final	25	true		
ac-v1-01253	MS-n3-wXYXyxxY	ACP-022893	ms_expanded	T5_moonshot	100k	17	false	open	1039
ac-v1-01254	INTLB-b4-1701-1	ACP-045853	interleaved_b	T1_easy	10k_final	23	true		
ac-v1-01255	INTLB-b3t-923-0	ACP-043644	interleaved_b	T1_easy	10k_final	33	true		
ac-v1-01256	INTLB-b4-3911-1	ACP-040512	interleaved_b	T2_medium	100k	34	true		
ac-v1-01257	INTLB-b4-2669-0	ACP-037908	interleaved_b	T2_medium	100k	27	true		
ac-v1-01258	INTLB-b4-1669-0	ACP-044290	interleaved_b	T1_easy	10k_final	25	true		
ac-v1-01259	INTLB-b3t-460-0	ACP-042907	interleaved_b	T1_easy	10k_final	28	true		
ac-v1-01260	MS-n2-wXXYYxxYYYY	ACP-015966	ms_expanded	T1_easy	10k_final	18	true		
ac-v1-01261	INTLB-b3t-594-0	ACP-042439	interleaved_b	T1_easy	10k_final	19	true		
ac-v1-01262	INTL-b4-169-0	ACP-026957	interleaved	T2_medium	100k	34	true		
ac-v1-01263	AUTH-21_9-k0-0	ACP-033508	aut_hard	T5_moonshot	100k	21	true		
ac-v1-01264	MS-n4-wXXYYxYxY	ACP-000558	ms_expanded	T4_frontier	100k	20	true		
ac-v1-01265	MS-n8-wXXYYYxYxY	ACP-014650	ms_expanded	T4_frontier	100k	29	true		
ac-v1-01266	INTLB-b4-1698-0	ACP-041808	interleaved_b	T1_easy	10k_final	30	true		
ac-v1-01267	MS-n9-wXXXyxxxyy	ACP-027391	ms_expanded	T4_frontier	100k	31	true		
ac-v1-01268	INTLB-b4-2617-1	ACP-040379	interleaved_b	T3_hard_solvable	100k	32	true		
ac-v1-01269	MS-n9-wYXYxYY	ACP-015958	ms_expanded	T4_frontier	100k	28	true		
ac-v1-01270	INTL-b3-127-1	ACP-012746	interleaved	T0_warmup	10k_final	22	true		
ac-v1-01271	INTLB-b4-1517-0	ACP-039935	interleaved_b	T2_medium	100k	21	true		
ac-v1-01272	MS-n5-wXXXyxyxxY	ACP-021099	ms_expanded	T4_frontier	100k	23	true		
ac-v1-01273	INTLB-b4-1289-1	ACP-039118	interleaved_b	T1_easy	10k_final	31	true		
ac-v1-01274	MS-n10-wXXXyxxxYY	ACP-001322	ms_expanded	T4_frontier	100k	33	true		
ac-v1-01275	INTLB-b4-2215-0	ACP-044522	interleaved_b	T1_easy	10k_final	27	true		
ac-v1-01276	INTLB-b4-1761-1	ACP-043772	interleaved_b	T1_easy	10k_final	33	true		
ac-v1-01277	INTLB-b4-2318-0	ACP-043310	interleaved_b	T2_medium	100k	33	true		
ac-v1-01278	INTLB-b3t-534-0	ACP-045397	interleaved_b	T1_easy	10k_final	34	true		
ac-v1-01279	INTLB-b4-1126-1	ACP-038790	interleaved_b	T1_easy	10k_final	33	true		
ac-v1-01280	INTLB-b4-2729-1	ACP-040794	interleaved_b	T2_medium	100k	31	true		
ac-v1-01281	INTLB-b4-1305-0	ACP-037284	interleaved_b	T1_easy	10k_final	30	true		
ac-v1-01282	INTLB-b4-222-1	ACP-044012	interleaved_b	T1_easy	10k_final	32	true		
ac-v1-01283	INTLB-b4-2168-1	ACP-040124	interleaved_b	T1_easy	10k_final	23	true		
ac-v1-01284	INTLB-b4-1071-1	ACP-043952	interleaved_b	T1_easy	10k_final	31	true		
ac-v1-01285	INTLB-b4-1958-0	ACP-042391	interleaved_b	T2_medium	100k	20	true		
ac-v1-01286	INTLB-b4-1984-1	ACP-043706	interleaved_b	T2_medium	100k	31	true		
ac-v1-01287	MS-n8-wXXYxyxy	ACP-029841	ms_expanded	T4_frontier	100k	27	true		
ac-v1-01288	INTLB-b4-2057-0	ACP-038153	interleaved_b	T3_hard_solvable	100k	27	true		
ac-v1-01289	INTLB-b4-332-0	ACP-043632	interleaved_b	T2_medium	100k	23	true		
ac-v1-01290	MS-n3-wXyyxy	ACP-019763	ms_expanded	T1_easy	10k_final	15	true	uncertified	150
ac-v1-01291	INTLB-b4-2070-0	ACP-043550	interleaved_b	T1_easy	10k_final	27	true		
ac-v1-01292	INTLB-b4-1938-1	ACP-045758	interleaved_b	T3_hard_solvable	100k	33	true		
ac-v1-01293	INTLB-b4-1895-0	ACP-041913	interleaved_b	T1_easy	10k_final	31	true		
ac-v1-01294	MS-n10-wXXXYxxYxyy	ACP-014730	ms_expanded	T4_frontier	100k	34	true		
ac-v1-01295	INTLB-b3t-539-0	ACP-043367	interleaved_b	T1_easy	10k_final	27	true		
ac-v1-01296	INTLB-b4-1844-0	ACP-042081	interleaved_b	T3_hard_solvable	100k	35	true		
ac-v1-01297	INTL-b2-109-1	ACP-005998	interleaved	T1_easy	10k_final	31	true		
ac-v1-01298	INTLB-b3t-799-1	ACP-045528	interleaved_b	T1_easy	10k_final	23	true		
ac-v1-01299	INTLB-b3t-30-0	ACP-045774	interleaved_b	T1_easy	10k_final	31	true		
ac-v1-01300	INTLB-b4-2138-0	ACP-045943	interleaved_b	T1_easy	10k_final	25	true		
ac-v1-01301	INTLB-b3t-797-1	ACP-038310	interleaved_b	T1_easy	10k_final	30	true		
ac-v1-01302	AUTH-17_18-k1-0	ACP-024034	aut_hard	T5_moonshot	100k	17	true		
ac-v1-01303	MS-n10-wXYYxyyy	ACP-009424	ms_expanded	T4_frontier	100k	31	true		
ac-v1-01304	INTLB-b3t-445-0	ACP-039462	interleaved_b	T1_easy	10k_final	27	true		
ac-v1-01305	INTLB-b4-2259-1	ACP-047233	interleaved_b	T3_hard_solvable	100k	29	true		
ac-v1-01306	INTLB-b4-1656-1	ACP-046657	interleaved_b	T1_easy	10k_final	29	true		
ac-v1-01307	MS-n9-wXYXYxxY	ACP-033503	ms_expanded	T4_frontier	100k	29	true		
ac-v1-01308	MS-n6-wYYYYYxYXyy	ACP-024150	ms_expanded	T2_medium	100k	26	true		
ac-v1-01309	INTLB-b3t-3-0	ACP-038988	interleaved_b	T1_easy	10k_final	29	true		
ac-v1-01310	MS-n3-wXYxxyXy	ACP-034433	ms_expanded	T5_moonshot	100k	17	false	open	1158
ac-v1-01311	INTLB-b3t-361-1	ACP-043429	interleaved_b	T1_easy	10k_final	26	true		
ac-v1-01312	INTLB-b4-2323-0	ACP-046261	interleaved_b	T2_medium	100k	31	true		
ac-v1-01313	INTLB-b4-1353-0	ACP-039399	interleaved_b	T1_easy	10k_final	33	true		
ac-v1-01314	MS-n2-wXXYxxxyXy	ACP-006374	ms_expanded	T4_frontier	100k	17	true		
ac-v1-01315	INTLB-b4-209-0	ACP-044178	interleaved_b	T1_easy	10k_final	32	true		
ac-v1-01316	MS-n5-wXyyyxY	ACP-003595	ms_expanded	T4_frontier	100k	20	true	open	397
ac-v1-01317	INTLB-b3t-652-0	ACP-045555	interleaved_b	T1_easy	10k_final	26	true		
ac-v1-01318	INTLB-b4-1227-0	ACP-037775	interleaved_b	T1_easy	10k_final	31	true		
ac-v1-01319	INTLB-b4-251-0	ACP-038505	interleaved_b	T3_hard_solvable	100k	31	true		
ac-v1-01320	INTLB-b4-1508-0	ACP-041864	interleaved_b	T3_hard_solvable	100k	17	true		
ac-v1-01321	MS-n3-wXXYYxxyyy	ACP-006703	ms_expanded	T4_frontier	100k	19	true		
ac-v1-01322	INTLB-b4-132-0	ACP-041302	interleaved_b	T3_hard_solvable	100k	31	true		
ac-v1-01323	INTL-b4-112-1	ACP-011138	interleaved	T0_warmup	10k_final	25	true		
ac-v1-01324	INTLB-b4-1698-1	ACP-041914	interleaved_b	T1_easy	10k_final	34	true		
ac-v1-01325	INTLB-b4-3979-0	ACP-037287	interleaved_b	T2_medium	100k	32	true		
ac-v1-01326	INTLB-b4-629-0	ACP-037310	interleaved_b	T2_medium	100k	30	true		
ac-v1-01327	MS-n2-wXXXYxYxxYY	ACP-017728	ms_expanded	T4_frontier	100k	18	true		
ac-v1-01328	INTLB-b4-2796-1	ACP-042008	interleaved_b	T2_medium	100k	27	true		
ac-v1-01329	INTLB-b3t-732-1	ACP-046388	interleaved_b	T1_easy	10k_final	30	true		
ac-v1-01330	MS-n6-wXXXYxxxy	ACP-033101	ms_expanded	T4_frontier	100k	24	true		
ac-v1-01331	INTLB-b3t-220-0	ACP-042145	interleaved_b	T1_easy	10k_final	30	true		
ac-v1-01332	INTLB-b4-1660-1	ACP-046732	interleaved_b	T1_easy	10k_final	31	true		
ac-v1-01333	INTLB-b4-1271-0	ACP-041287	interleaved_b	T1_easy	10k_final	27	true		
ac-v1-01334	INTLB-b3t-318-1	ACP-045929	interleaved_b	T1_easy	10k_final	31	true		
ac-v1-01335	MS-n4-wXYYYxYY	ACP-007072	ms_expanded	T4_frontier	100k	19	true	open	879
ac-v1-01336	MS-n4-wXXYxxY	ACP-022223	ms_expanded	T5_moonshot	100k	18	true	open	354
ac-v1-01337	INTLB-b3t-514-0	ACP-044537	interleaved_b	T1_easy	10k_final	29	true		
ac-v1-01338	INTLB-b4-429-0	ACP-040624	interleaved_b	T3_hard_solvable	100k	35	true		
ac-v1-01339	INTLB-b4-3193-0	ACP-045915	interleaved_b	T3_hard_solvable	100k	33	true		
ac-v1-01340	INTLB-b4-2217-0	ACP-045063	interleaved_b	T3_hard_solvable	100k	31	true		
ac-v1-01341	INTLB-b3t-289-0	ACP-040135	interleaved_b	T1_easy	10k_final	29	true		
ac-v1-01342	INTLB-b4-647-0	ACP-037604	interleaved_b	T2_medium	100k	31	true		
ac-v1-01343	INTLB-b3t-727-0	ACP-038432	interleaved_b	T1_easy	10k_final	24	true		
ac-v1-01344	MS-n7-wXXYYYxxY	ACP-022907	ms_expanded	T4_frontier	100k	26	true		
ac-v1-01345	INTLB-b4-1835-0	ACP-042000	interleaved_b	T1_easy	10k_final	24	true		
ac-v1-01346	MS-n4-wXYYYYYYYxy	ACP-024850	ms_expanded	T5_moonshot	10k_final	22	true		
ac-v1-01347	MS-n6-wYXYYYYxYY	ACP-022528	ms_expanded	T1_easy	10k_final	25	true		
ac-v1-01348	INTLB-b4-2064-0	ACP-043567	interleaved_b	T1_easy	10k_final	27	true		
ac-v1-01349	INTLB-b4-1208-0	ACP-045989	interleaved_b	T1_easy	10k_final	26	true		
ac-v1-01350	INTL-b1-199-1	ACP-003776	interleaved	T1_easy	10k_final	32	true		
ac-v1-01351	AUTH-23_6-k1-3	ACP-029835	aut_hard	T5_moonshot	100k	35	true		
ac-v1-01352	INTLB-b4-1653-0	ACP-042555	interleaved_b	T1_easy	10k_final	30	true		
ac-v1-01353	INTLB-b4-1444-0	ACP-041299	interleaved_b	T3_hard_solvable	100k	32	true		
ac-v1-01354	INTLB-b3t-161-0	ACP-044222	interleaved_b	T1_easy	10k_final	27	true		
ac-v1-01355	INTLB-b3t-114-0	ACP-040630	interleaved_b	T1_easy	10k_final	34	true		
ac-v1-01356	MS-n7-wYYYxYYYYXy	ACP-026458	ms_expanded	T1_easy	10k_final	28	true		
ac-v1-01357	MS-n10-wXXXyxxYxY	ACP-033316	ms_expanded	T4_frontier	100k	33	true		
ac-v1-01358	MS-n5-wYXyxyy	ACP-002202	ms_expanded	T4_frontier	100k	20	true	open	439
ac-v1-01359	INTLB-b4-2114-0	ACP-044205	interleaved_b	T1_easy	10k_final	29	true		
ac-v1-01360	MS-n4-wXXYxyyxy	ACP-022805	ms_expanded	T4_frontier	100k	20	true		
ac-v1-01361	MS-n4-wXXyxyxY	ACP-036646	ms_expanded	T5_moonshot	100k	19	false	open	529
ac-v1-01362	MS-n5-wXXyyxYxY	ACP-012570	ms_expanded	T4_frontier	100k	22	true		
ac-v1-01363	INTL-b4-9-0	ACP-011391	interleaved	T3_hard_solvable	100k	21	true		
ac-v1-01364	INTLB-b4-755-0	ACP-045809	interleaved_b	T3_hard_solvable	100k	33	true		
ac-v1-01365	INTLB-b4-2262-0	ACP-042327	interleaved_b	T2_medium	100k	35	true		
ac-v1-01366	INTLB-b4-657-1	ACP-043362	interleaved_b	T3_hard_solvable	100k	29	true		
ac-v1-01367	INTLB-b4-1576-1	ACP-040669	interleaved_b	T1_easy	10k_final	35	true		
ac-v1-01368	MS-n7-wXyxyyyy	ACP-032087	ms_expanded	T1_easy	10k_final	25	true	uncertified	518
ac-v1-01369	MS-n9-wXYYxy	ACP-018050	ms_expanded	T4_frontier	100k	27	true		
ac-v1-01370	MS-n8-wXXYXYxxxY	ACP-024245	ms_expanded	T4_frontier	100k	29	true		
ac-v1-01371	INTLB-b4-1254-1	ACP-040452	interleaved_b	T1_easy	10k_final	28	true		
ac-v1-01372	MS-n3-wXYXyyyxYxy	ACP-013936	ms_expanded	T1_easy	10k_final	20	true		
ac-v1-01373	INTLB-b4-1944-1	ACP-043063	interleaved_b	T2_medium	100k	25	true		
ac-v1-01374	INTL-b4-123-0	ACP-002731	interleaved	T1_easy	10k_final	20	true		
ac-v1-01375	INTLB-b4-323-0	ACP-042665	interleaved_b	T2_medium	100k	33	true		
ac-v1-01376	INTL-b3-160-0	ACP-032787	interleaved	T1_easy	10k_final	31	true		
ac-v1-01377	INTLB-b3t-925-1	ACP-040138	interleaved_b	T1_easy	10k_final	32	true		
ac-v1-01378	INTLB-b4-2267-1	ACP-041663	interleaved_b	T3_hard_solvable	100k	29	true		
ac-v1-01379	MS-n5-wXYYYYxY	ACP-026707	ms_expanded	T1_easy	10k_final	21	true	uncertified	894
ac-v1-01380	INTLB-b4-1315-1	ACP-045942	interleaved_b	T3_hard_solvable	100k	29	true		
ac-v1-01381	INTLB-b4-465-1	ACP-040181	interleaved_b	T2_medium	100k	29	true		
ac-v1-01382	INTLB-b3t-430-0	ACP-040051	interleaved_b	T1_easy	10k_final	18	true		
ac-v1-01383	AUTH-25_4-k12-0	ACP-011328	aut_hard	T5_moonshot	100k	39	true		
ac-v1-01384	MS-n2-wXXXYxyxxy	ACP-016788	ms_expanded	T4_frontier	100k	17	true		
ac-v1-01385	MS-n5-wYYYXyyyxyy	ACP-036725	ms_expanded	T1_easy	10k_final	24	true		
ac-v1-01386	INTLB-b3t-607-1	ACP-044903	interleaved_b	T1_easy	10k_final	29	true		
ac-v1-01387	INTLB-b4-2033-1	ACP-040290	interleaved_b	T2_medium	100k	31	true		
ac-v1-01388	MS-n10-wXXXYxyxxyy	ACP-007873	ms_expanded	T4_frontier	100k	34	true		
ac-v1-01389	INTLB-b4-1465-0	ACP-039206	interleaved_b	T1_easy	10k_final	27	true		
ac-v1-01390	INTLB-b4-1535-1	ACP-037503	interleaved_b	T1_easy	10k_final	33	true		
ac-v1-01391	INTLB-b4-1015-1	ACP-042971	interleaved_b	T1_easy	10k_final	31	true		
ac-v1-01392	INTL-b2-234-0	ACP-026081	interleaved	T1_easy	10k_final	26	true		
ac-v1-01393	INTLB-b3t-570-1	ACP-038295	interleaved_b	T1_easy	10k_final	33	true		
ac-v1-01394	INTLB-b4-497-0	ACP-046422	interleaved_b	T3_hard_solvable	100k	31	true		
ac-v1-01395	MS-n7-wYYXyyxyyyy	ACP-032045	ms_expanded	T1_easy	10k_final	28	true		
ac-v1-01396	MS-n8-wXXyyyxxy	ACP-012149	ms_expanded	T4_frontier	100k	28	true		
ac-v1-01397	INTLB-b4-2094-0	ACP-045120	interleaved_b	T1_easy	10k_final	36	true		
ac-v1-01398	MS-n6-wXXXYxyxxyy	ACP-024839	ms_expanded	T4_frontier	100k	26	true		
ac-v1-01399	MS-n3-wyxyXyy	ACP-017639	ms_expanded	T5_moonshot	10k_final	16	false	open	374
ac-v1-01400	INTLB-b4-1307-0	ACP-045353	interleaved_b	T1_easy	10k_final	33	true		
ac-v1-01401	INTLB-b4-1924-0	ACP-043424	interleaved_b	T2_medium	100k	36	true		
ac-v1-01402	MS-n8-wXXyyxYxy	ACP-001311	ms_expanded	T4_frontier	100k	28	true		
ac-v1-01403	INTLB-b3t-126-0	ACP-041940	interleaved_b	T3_hard_solvable	100k	24	true		
ac-v1-01404	INTLB-b4-1203-1	ACP-041118	interleaved_b	T1_easy	10k_final	36	true		
ac-v1-01405	INTLB-b4-1645-0	ACP-044367	interleaved_b	T3_hard_solvable	100k	35	true		
ac-v1-01406	INTLB-b4-3327-0	ACP-045928	interleaved_b	T3_hard_solvable	100k	33	true		
ac-v1-01407	INTL-b4-228-0	ACP-031728	interleaved	T2_medium	100k	26	true		
ac-v1-01408	INTLB-b4-3941-0	ACP-045729	interleaved_b	T3_hard_solvable	100k	31	true		
ac-v1-01409	MS-n8-wXYxxYXY	ACP-036439	ms_expanded	T4_frontier	100k	27	true		
ac-v1-01410	INTLB-b3t-478-1	ACP-044220	interleaved_b	T1_easy	10k_final	29	true		
ac-v1-01411	INTL-triv-0-12	ACP-010563	interleaved	T0_warmup	10k_final	17	true		
ac-v1-01412	MS-n6-wXXXYYxxxy	ACP-018853	ms_expanded	T4_frontier	100k	25	true		
ac-v1-01413	MS-n6-wyXyxy	ACP-001819	ms_expanded	T5_moonshot	100k	21	true	open	111
ac-v1-01414	MS-n6-wYYXYxYY	ACP-000562	ms_expanded	T4_frontier	100k	23	true	open	965
ac-v1-01415	MS-n5-wXXyyyyyxxY	ACP-017976	ms_expanded	T2_medium	100k	24	true		
ac-v1-01416	INTLB-b4-1865-0	ACP-045239	interleaved_b	T3_hard_solvable	100k	23	true		
ac-v1-01417	INTLB-b4-3161-0	ACP-046724	interleaved_b	T2_medium	100k	27	true		
ac-v1-01418	INTLB-b3t-597-0	ACP-042116	interleaved_b	T1_easy	10k_final	31	true		
ac-v1-01419	INTL-b4-165-0	ACP-028011	interleaved	T1_easy	10k_final	29	true		
ac-v1-01420	MS-n6-wXXXYYxxyxy	ACP-004194	ms_expanded	T4_frontier	100k	26	true		
ac-v1-01421	INTLB-b4-2085-1	ACP-046616	interleaved_b	T1_easy	10k_final	33	true		
ac-v1-01422	MS-n9-wXYxyy	ACP-031338	ms_expanded	T4_frontier	100k	27	true		
ac-v1-01423	INTLB-b3t-859-1	ACP-042057	interleaved_b	T1_easy	10k_final	25	true		
ac-v1-01424	MS-n7-wXXXyxxxY	ACP-015136	ms_expanded	T4_frontier	100k	26	true		
ac-v1-01425	INTLB-b4-1730-1	ACP-042982	interleaved_b	T1_easy	10k_final	28	true		
ac-v1-01426	INTLB-b3t-147-1	ACP-040136	interleaved_b	T1_easy	10k_final	27	true		
ac-v1-01427	INTLB-b3t-179-0	ACP-042913	interleaved_b	T1_easy	10k_final	30	true		
ac-v1-01428	MS-n6-wXXXYxxxYY	ACP-003043	ms_expanded	T4_frontier	100k	25	true		
ac-v1-01429	INTLB-b4-516-1	ACP-046795	interleaved_b	T3_hard_solvable	100k	34	true		
ac-v1-01430	INTLB-b4-2680-0	ACP-041200	interleaved_b	T3_hard_solvable	100k	28	true		
ac-v1-01431	INTLB-b3t-719-1	ACP-046010	interleaved_b	T2_medium	100k	35	true		
ac-v1-01432	MS-n3-wYYxYXy	ACP-034634	ms_expanded	T1_easy	10k_final	16	true	uncertified	290
ac-v1-01433	INTLB-b4-1993-1	ACP-041927	interleaved_b	T1_easy	10k_final	27	true		
ac-v1-01434	MS-n2-wXXXYxxxyyy	ACP-031117	ms_expanded	T4_frontier	100k	18	true		
ac-v1-01435	INTLB-b3t-388-1	ACP-043760	interleaved_b	T3_hard_solvable	100k	29	true		
ac-v1-01436	INTL-b3-158-1	ACP-013789	interleaved	T1_easy	10k_final	33	true		
ac-v1-01437	INTLB-b3t-145-1	ACP-046386	interleaved_b	T1_easy	10k_final	30	true		
ac-v1-01438	INTLB-b3t-536-1	ACP-039473	interleaved_b	T1_easy	10k_final	29	true		
ac-v1-01439	INTLB-b3t-817-0	ACP-045702	interleaved_b	T1_easy	10k_final	30	true		
ac-v1-01440	MS-n4-wXYxY	ACP-025957	ms_expanded	T4_frontier	100k	16	true	open	60
ac-v1-01441	INTLB-b4-1123-1	ACP-044574	interleaved_b	T1_easy	10k_final	23	true		
ac-v1-01442	INTLB-b3t-292-0	ACP-037657	interleaved_b	T1_easy	10k_final	31	true		
ac-v1-01443	MS-n2-wYxyXyyyy	ACP-001579	ms_expanded	T1_easy	10k_final	16	true		
ac-v1-01444	INTLB-b3t-131-0	ACP-046717	interleaved_b	T3_hard_solvable	100k	34	true		
ac-v1-01445	INTLB-b4-1743-1	ACP-040855	interleaved_b	T1_easy	10k_final	24	true		
ac-v1-01446	MS-n5-wXyyxy	ACP-002579	ms_expanded	T4_frontier	100k	19	true	open	152
ac-v1-01447	AUTH-20_10-k0-0	ACP-019202	aut_hard	T5_moonshot	100k	20	true		
ac-v1-01448	INTL-b4-189-0	ACP-008186	interleaved	T1_easy	10k_final	19	true		
ac-v1-01449	MS-n4-wXXYYxxy	ACP-024134	ms_expanded	T4_frontier	100k	19	true	open	956
ac-v1-01450	AUTH-21_24-k12-0	ACP-010417	aut_hard	T5_moonshot	100k	30	true		
ac-v1-01451	INTLB-b4-1450-1	ACP-043235	interleaved_b	T2_medium	100k	23	true		
ac-v1-01452	INTLB-b4-840-1	ACP-046660	interleaved_b	T2_medium	100k	32	true		
ac-v1-01453	INTLB-b3t-191-0	ACP-038028	interleaved_b	T3_hard_solvable	100k	31	true		
ac-v1-01454	INTLB-b4-3595-0	ACP-046144	interleaved_b	T2_medium	100k	31	true		
ac-v1-01455	INTLB-b4-1726-1	ACP-043649	interleaved_b	T2_medium	100k	29	true		
ac-v1-01456	AUTH-20_12-k0-0	ACP-018965	aut_hard	T5_moonshot	100k	20	true		
ac-v1-01457	INTLB-b4-967-1	ACP-040481	interleaved_b	T2_medium	100k	31	true		
ac-v1-01458	MS-n7-wXXXYxyxyxY	ACP-014115	ms_expanded	T4_frontier	100k	28	true		
ac-v1-01459	MS-n7-wYYxyyXyy	ACP-004070	ms_expanded	T1_easy	10k_final	26	true		
ac-v1-01460	INTLB-b4-1491-0	ACP-044575	interleaved_b	T1_easy	10k_final	19	true		
ac-v1-01461	MS-n4-wYXyyxyyy	ACP-024362	ms_expanded	T1_easy	10k_final	20	true		
ac-v1-01462	INTLB-b4-475-1	ACP-040538	interleaved_b	T3_hard_solvable	100k	34	true		
ac-v1-01463	INTLB-b4-23-0	ACP-044036	interleaved_b	T2_medium	100k	29	true		
ac-v1-01464	INTLB-b3t-214-1	ACP-037599	interleaved_b	T1_easy	10k_final	27	true		
ac-v1-01465	INTLB-b3t-408-1	ACP-037527	interleaved_b	T1_easy	10k_final	34	true		
ac-v1-01466	MS-n2-wXXXYxYYxxy	ACP-015810	ms_expanded	T4_frontier	100k	18	true		
ac-v1-01467	INTLB-b3t-411-0	ACP-044587	interleaved_b	T3_hard_solvable	100k	26	true		
ac-v1-01468	MS-n5-wXXyxYYxy	ACP-034239	ms_expanded	T4_frontier	100k	22	true		
ac-v1-01469	INTLB-b4-2067-0	ACP-037556	interleaved_b	T1_easy	10k_final	27	true		
ac-v1-01470	INTLB-b4-1466-0	ACP-037723	interleaved_b	T1_easy	10k_final	26	true		
ac-v1-01471	INTLB-b4-168-1	ACP-040658	interleaved_b	T1_easy	10k_final	30	true		
ac-v1-01472	INTLB-b3t-448-0	ACP-047047	interleaved_b	T1_easy	10k_final	27	true		
ac-v1-01473	INTLB-b4-2517-1	ACP-040651	interleaved_b	T2_medium	100k	32	true		
ac-v1-01474	INTLB-b4-1115-1	ACP-037988	interleaved_b	T1_easy	10k_final	27	true		
ac-v1-01475	MS-n4-wYXyxy	ACP-019434	ms_expanded	T5_moonshot	10k_final	17	true	open	102
ac-v1-01476	INTL-b2-36-0	ACP-037115	interleaved	T1_easy	10k_final	27	true		
ac-v1-01477	AUTH-22_7-k0-0	ACP-019485	aut_hard	T5_moonshot	100k	22	true		
ac-v1-01478	INTLB-b3t-760-1	ACP-045219	interleaved_b	T2_medium	100k	27	true		
ac-v1-01479	INTL-b2-100-0	ACP-026576	interleaved	T1_easy	10k_final	19	true		
ac-v1-01480	MS-n8-wXYYYYxY	ACP-000302	ms_expanded	T2_medium	100k	27	true		
ac-v1-01481	AUTH-17_33-k0-0	ACP-035899	aut_hard	T5_moonshot	100k	17	true		
ac-v1-01482	INTLB-b4-1442-0	ACP-046958	interleaved_b	T1_easy	10k_final	32	true		
ac-v1-01483	MS-n8-wyyXyyxYY	ACP-026356	ms_expanded	T1_easy	10k_final	28	true		
ac-v1-01484	AUTH-19_3-k1-2	ACP-015986	aut_hard	T5_moonshot	100k	25	true		
ac-v1-01485	INTLB-b4-1060-1	ACP-045866	interleaved_b	T1_easy	10k_final	29	true		
ac-v1-01486	MS-n2-wXXXyxxxY	ACP-034628	ms_expanded	T5_moonshot	100k	16	true		
ac-v1-01487	INTL-b4-23-1	ACP-036520	interleaved	T3_hard_solvable	100k	35	true		
ac-v1-01488	INTLB-b4-204-0	ACP-038753	interleaved_b	T2_medium	100k	36	true		
ac-v1-01489	INTLB-b4-1967-1	ACP-039973	interleaved_b	T1_easy	10k_final	25	true		
ac-v1-01490	MS-n6-wXYYxY	ACP-001705	ms_expanded	T4_frontier	100k	21	true	open	167
ac-v1-01491	MS-n4-wXXYxyxyy	ACP-033985	ms_expanded	T4_frontier	100k	20	true		
ac-v1-01492	AUTH-23_3-k1-1	ACP-012973	aut_hard	T5_moonshot	100k	23	true		
ac-v1-01493	INTL-b2-102-1	ACP-017626	interleaved	T1_easy	10k_final	25	true		
ac-v1-01494	INTL-b4-206-1	ACP-037190	interleaved	T2_medium	100k	31	true		
ac-v1-01495	MS-n9-wXXyyxxYY	ACP-018448	ms_expanded	T4_frontier	100k	30	true		
ac-v1-01496	INTLB-b3t-429-1	ACP-040826	interleaved_b	T3_hard_solvable	100k	32	true		
ac-v1-01497	INTLB-b4-1336-0	ACP-045052	interleaved_b	T1_easy	10k_final	29	true		
ac-v1-01498	INTL-b2-217-0	ACP-011080	interleaved	T1_easy	10k_final	35	true		
ac-v1-01499	INTLB-b4-1383-1	ACP-044657	interleaved_b	T1_easy	10k_final	29	true		
ac-v1-01500	MS-n4-wXYXYxyxY	ACP-022092	ms_expanded	T5_moonshot	100k	20	true		
ac-v1-01501	INTLB-b4-472-0	ACP-038615	interleaved_b	T3_hard_solvable	100k	30	true		
ac-v1-01502	MS-n3-wXYXYxxY	ACP-005304	ms_expanded	T5_moonshot	100k	17	false	open	906
ac-v1-01503	INTLB-b4-1059-0	ACP-040648	interleaved_b	T1_easy	10k_final	33	true		
ac-v1-01504	INTL-b4-148-0	ACP-036571	interleaved	T1_easy	10k_final	18	true		
ac-v1-01505	INTL-b3-117-1	ACP-015044	interleaved	T1_easy	10k_final	28	true		
ac-v1-01506	INTLB-b4-608-1	ACP-046953	interleaved_b	T2_medium	100k	31	true		
ac-v1-01507	INTLB-b4-566-0	ACP-038069	interleaved_b	T3_hard_solvable	100k	24	true		
ac-v1-01508	MS-n9-wXXYxYxy	ACP-036712	ms_expanded	T4_frontier	100k	29	true		
ac-v1-01509	INTLB-b4-1933-1	ACP-045319	interleaved_b	T1_easy	10k_final	33	true		
ac-v1-01510	INTLB-b3t-750-1	ACP-045869	interleaved_b	T1_easy	10k_final	29	true		
ac-v1-01511	INTLB-b4-2941-0	ACP-043041	interleaved_b	T3_hard_solvable	100k	23	true		
ac-v1-01512	INTLB-b4-3101-0	ACP-039612	interleaved_b	T3_hard_solvable	100k	29	true		
ac-v1-01513	INTLB-b4-175-0	ACP-037821	interleaved_b	T2_medium	100k	32	true		
ac-v1-01514	INTLB-b4-1057-0	ACP-038228	interleaved_b	T1_easy	10k_final	29	true		
ac-v1-01515	AUTH-19_48-k0-0	ACP-031124	aut_hard	T5_moonshot	100k	19	true		
ac-v1-01516	INTLB-b4-3940-0	ACP-044327	interleaved_b	T2_medium	100k	19	true		
ac-v1-01517	INTLB-b4-1636-1	ACP-046975	interleaved_b	T1_easy	10k_final	27	true		
ac-v1-01518	INTLB-b4-1561-1	ACP-042313	interleaved_b	T3_hard_solvable	100k	35	true		
ac-v1-01519	MS-n3-wyyXyyxY	ACP-032975	ms_expanded	T5_moonshot	10k_final	17	false	open	717
ac-v1-01520	MS-n9-wyxYXyy	ACP-036868	ms_expanded	T4_frontier	100k	28	true		
ac-v1-01521	INTL-b2-52-0	ACP-005416	interleaved	T1_easy	10k_final	33	true		
ac-v1-01522	INTLB-b4-719-0	ACP-047205	interleaved_b	T2_medium	100k	28	true		
ac-v1-01523	MS-n10-wXYxy	ACP-022230	ms_expanded	T4_frontier	100k	28	true		
ac-v1-01524	MS-n9-wXyxYYY	ACP-032305	ms_expanded	T4_frontier	100k	28	true		
ac-v1-01525	MS-n6-wXyxxYXY	ACP-018006	ms_expanded	T4_frontier	100k	23	true	open	1028
ac-v1-01526	INTLB-b4-1688-0	ACP-042417	interleaved_b	T3_hard_solvable	100k	25	true		
ac-v1-01527	INTLB-b4-2983-1	ACP-041787	interleaved_b	T3_hard_solvable	100k	33	true		
ac-v1-01528	MS-n8-wXXXYYxyxxy	ACP-005515	ms_expanded	T4_frontier	100k	30	true		
ac-v1-01529	INTLB-b3t-374-1	ACP-042366	interleaved_b	T1_easy	10k_final	31	true		
ac-v1-01530	INTLB-b4-2096-0	ACP-038947	interleaved_b	T1_easy	10k_final	28	true		
ac-v1-01531	MS-n10-wXXyyxyxY	ACP-014697	ms_expanded	T4_frontier	100k	32	true		
ac-v1-01532	INTL-b4-24-0	ACP-004796	interleaved	T3_hard_solvable	100k	29	true		
ac-v1-01533	INTLB-b4-107-0	ACP-046549	interleaved_b	T1_easy	10k_final	25	true		
ac-v1-01534	INTL-b4-39-1	ACP-005643	interleaved	T3_hard_solvable	100k	20	true		
ac-v1-01535	INTLB-b4-1538-0	ACP-045340	interleaved_b	T1_easy	10k_final	25	true		
ac-v1-01536	INTL-b4-188-1	ACP-034725	interleaved	T2_medium	100k	27	true		
ac-v1-01537	AUTH-17_9-k1-2	ACP-006493	aut_hard	T5_moonshot	100k	23	true		
ac-v1-01538	INTLB-b3t-893-1	ACP-042117	interleaved_b	T1_easy	10k_final	35	true		
ac-v1-01539	INTLB-b4-315-0	ACP-045489	interleaved_b	T2_medium	100k	24	true		
ac-v1-01540	INTLB-b4-2031-0	ACP-042831	interleaved_b	T1_easy	10k_final	33	true		
ac-v1-01541	INTLB-b4-1509-1	ACP-042879	interleaved_b	T1_easy	10k_final	32	true		
ac-v1-01542	INTLB-b4-1676-0	ACP-044437	interleaved_b	T1_easy	10k_final	33	true		
ac-v1-01543	INTLB-b4-1471-0	ACP-039574	interleaved_b	T1_easy	10k_final	22	true		
ac-v1-01544	INTLB-b3t-122-0	ACP-038039	interleaved_b	T1_easy	10k_final	27	true		
ac-v1-01545	INTLB-b4-511-1	ACP-041628	interleaved_b	T2_medium	100k	35	true		
ac-v1-01546	AUTH-21_23-k1-1	ACP-024118	aut_hard	T5_moonshot	100k	29	true		
ac-v1-01547	INTLB-b4-2562-0	ACP-039771	interleaved_b	T2_medium	100k	28	true		
ac-v1-01548	INTLB-b4-1875-1	ACP-040956	interleaved_b	T1_easy	10k_final	31	true		
ac-v1-01549	INTLB-b3t-666-0	ACP-039745	interleaved_b	T1_easy	10k_final	30	true		
ac-v1-01550	INTLB-b4-685-0	ACP-042679	interleaved_b	T3_hard_solvable	100k	27	true		
ac-v1-01551	INTL-b4-179-1	ACP-009047	interleaved	T1_easy	10k_final	25	true		
ac-v1-01552	AUTH-21_34-k1-0	ACP-006203	aut_hard	T5_moonshot	100k	19	true		
ac-v1-01553	MS-n1-wXXXyxyxyxy	ACP-013299	ms_expanded	T1_easy	10k_final	16	true		
ac-v1-01554	INTLB-b4-1779-0	ACP-046558	interleaved_b	T2_medium	100k	29	true		
ac-v1-01555	INTLB-b4-667-1	ACP-040349	interleaved_b	T2_medium	100k	28	true		
ac-v1-01556	INTLB-b4-68-0	ACP-041348	interleaved_b	T2_medium	100k	20	true		
ac-v1-01557	MS-n8-wXyyyyyyxyy	ACP-036720	ms_expanded	T2_medium	100k	30	true		
ac-v1-01558	MS-n3-wYxYXy	ACP-016405	ms_expanded	T5_moonshot	10k_final	15	false	open	199
ac-v1-01559	INTLB-b3t-386-1	ACP-045828	interleaved_b	T1_easy	10k_final	31	true		
ac-v1-01560	MS-n6-wYXYXYxyxY	ACP-030608	ms_expanded	T5_moonshot	100k	25	true		
ac-v1-01561	MS-n8-wXYYYYxyyyy	ACP-026544	ms_expanded	T0_warmup	10k_final	30	true		
ac-v1-01562	INTLB-b4-1193-1	ACP-042450	interleaved_b	T1_easy	10k_final	25	true		
ac-v1-01563	INTLB-b4-1415-1	ACP-041201	interleaved_b	T1_easy	10k_final	28	true		
ac-v1-01564	INTL-b2-222-1	ACP-024536	interleaved	T1_easy	10k_final	35	true		
ac-v1-01565	MS-n4-wXXYYYxxyy	ACP-025392	ms_expanded	T4_frontier	100k	21	true		
ac-v1-01566	INTLB-b3t-234-1	ACP-045087	interleaved_b	T1_easy	10k_final	31	true		
ac-v1-01567	INTLB-b3t-476-0	ACP-038854	interleaved_b	T1_easy	10k_final	30	true		
ac-v1-01568	INTLB-b4-2077-0	ACP-041763	interleaved_b	T3_hard_solvable	100k	26	true		
ac-v1-01569	MS-n6-wXyyyxyyyyy	ACP-025300	ms_expanded	T1_easy	10k_final	26	true		
ac-v1-01570	MS-n2-wXXyyxyyxy	ACP-021622	ms_expanded	T1_easy	10k_final	17	true		
ac-v1-01571	MS-n2-wXXYxYxy	ACP-011404	ms_expanded	T5_moonshot	100k	15	true	open	940
ac-v1-01572	INTLB-b4-2200-1	ACP-039644	interleaved_b	T2_medium	100k	34	true		
ac-v1-01573	MS-n6-wYYXyyxyyyy	ACP-000626	ms_expanded	T1_easy	10k_final	26	true		
ac-v1-01574	AUTH-15_15-k12-0	ACP-030908	aut_hard	T5_moonshot	100k	29	true		
ac-v1-01575	INTLB-b4-3969-1	ACP-045619	interleaved_b	T3_hard_solvable	100k	29	true		
ac-v1-01576	INTLB-b3t-393-0	ACP-038406	interleaved_b	T1_easy	10k_final	36	true		
ac-v1-01577	INTLB-b4-1061-1	ACP-040902	interleaved_b	T1_easy	10k_final	31	true		
ac-v1-01578	MS-n8-wXyxYYY	ACP-023482	ms_expanded	T4_frontier	100k	26	true		
ac-v1-01579	INTLB-b4-3016-0	ACP-040455	interleaved_b	T3_hard_solvable	100k	31	true		
ac-v1-01580	INTLB-b3t-736-0	ACP-040397	interleaved_b	T1_easy	10k_final	35	true		
ac-v1-01581	INTLB-b3t-544-0	ACP-039438	interleaved_b	T1_easy	10k_final	35	true		
ac-v1-01582	MS-n5-wXyyyyxyyy	ACP-029153	ms_expanded	T1_easy	10k_final	23	true		
ac-v1-01583	INTL-b4-135-1	ACP-006537	interleaved	T1_easy	10k_final	33	true		
ac-v1-01584	INTLB-b4-522-0	ACP-040858	interleaved_b	T3_hard_solvable	100k	28	true		
ac-v1-01585	INTLB-b4-2497-0	ACP-042105	interleaved_b	T3_hard_solvable	100k	29	true		
ac-v1-01586	MS-n5-wXYYYYYxy	ACP-002201	ms_expanded	T0_warmup	10k_final	22	true		
ac-v1-01587	INTL-b4-32-1	ACP-010979	interleaved	T2_medium	100k	27	true		
ac-v1-01588	INTLB-b3t-179-1	ACP-046475	interleaved_b	T1_easy	10k_final	36	true		
ac-v1-01589	INTLB-b3t-248-0	ACP-044504	interleaved_b	T1_easy	10k_final	19	true		
ac-v1-01590	INTLB-b4-1628-1	ACP-042285	interleaved_b	T3_hard_solvable	100k	26	true		
ac-v1-01591	INTLB-b4-2088-1	ACP-046139	interleaved_b	T1_easy	10k_final	31	true		
ac-v1-01592	INTLB-b3t-662-0	ACP-037570	interleaved_b	T2_medium	100k	27	true		
ac-v1-01593	INTLB-b4-2303-0	ACP-041777	interleaved_b	T2_medium	100k	31	true		
ac-v1-01594	INTLB-b4-115-0	ACP-045000	interleaved_b	T1_easy	10k_final	25	true		
ac-v1-01595	INTLB-b3t-391-1	ACP-038408	interleaved_b	T1_easy	10k_final	30	true		
ac-v1-01596	INTLB-b4-1911-1	ACP-040530	interleaved_b	T3_hard_solvable	100k	27	true		
ac-v1-01597	INTLB-b4-124-1	ACP-038653	interleaved_b	T1_easy	10k_final	31	true		
ac-v1-01598	INTLB-b3t-921-0	ACP-043260	interleaved_b	T1_easy	10k_final	27	true		
ac-v1-01599	INTLB-b4-2204-1	ACP-039489	interleaved_b	T2_medium	100k	31	true		
ac-v1-01600	MS-n5-wyXyyyxY	ACP-028027	ms_expanded	T4_frontier	100k	21	true	open	628
ac-v1-01601	MS-n4-wXXXYxYYxxY	ACP-029423	ms_expanded	T4_frontier	100k	22	true		
ac-v1-01602	INTLB-b4-1504-1	ACP-037531	interleaved_b	T1_easy	10k_final	36	true		
ac-v1-01603	INTLB-b3t-949-0	ACP-044000	interleaved_b	T1_easy	10k_final	31	true		
ac-v1-01604	INTLB-b3t-941-0	ACP-044633	interleaved_b	T1_easy	10k_final	31	true		
ac-v1-01605	INTLB-b4-437-1	ACP-045314	interleaved_b	T3_hard_solvable	100k	27	true		
ac-v1-01606	MS-n7-wXYYYxYY	ACP-036994	ms_expanded	T4_frontier	100k	25	true	open	882
ac-v1-01607	MS-n7-wXYxxyXy	ACP-017814	ms_expanded	T5_moonshot	100k	25	false	open	1162
ac-v1-01608	INTL-b4-185-1	ACP-009360	interleaved	T2_medium	100k	20	true		
ac-v1-01609	MS-n6-wXyyyxyyy	ACP-017420	ms_expanded	T1_easy	10k_final	24	true		
ac-v1-01610	INTLB-b3t-153-1	ACP-041740	interleaved_b	T1_easy	10k_final	19	true		
ac-v1-01611	INTLB-b4-1952-0	ACP-045776	interleaved_b	T1_easy	10k_final	28	true		
ac-v1-01612	INTL-b4-187-0	ACP-011123	interleaved	T2_medium	100k	31	true		
ac-v1-01613	INTLB-b4-2491-0	ACP-047013	interleaved_b	T3_hard_solvable	100k	19	true		
ac-v1-01614	MS-n5-wYXyxyyyy	ACP-010617	ms_expanded	T2_medium	100k	22	true		
ac-v1-01615	INTLB-b4-1473-1	ACP-042188	interleaved_b	T1_easy	10k_final	29	true		
ac-v1-01616	MS-n5-wYYxYYXy	ACP-016836	ms_expanded	T4_frontier	100k	21	true	open	1139
ac-v1-01617	INTLB-b4-2772-1	ACP-042924	interleaved_b	T3_hard_solvable	100k	31	true		
ac-v1-01618	MS-n7-wYYxyyyyXy	ACP-030435	ms_expanded	T1_easy	10k_final	27	true		
ac-v1-01619	INTLB-b3t-458-1	ACP-045697	interleaved_b	T1_easy	10k_final	32	true		
ac-v1-01620	INTLB-b3t-647-1	ACP-042087	interleaved_b	T1_easy	10k_final	29	true		
ac-v1-01621	INTLB-b4-2566-1	ACP-042431	interleaved_b	T3_hard_solvable	100k	31	true		
ac-v1-01622	INTLB-b3t-915-1	ACP-040174	interleaved_b	T1_easy	10k_final	25	true		
ac-v1-01623	INTLB-b4-1034-1	ACP-040948	interleaved_b	T1_easy	10k_final	25	true		
ac-v1-01624	INTLB-b3t-602-0	ACP-046023	interleaved_b	T1_easy	10k_final	23	true		
ac-v1-01625	INTLB-b4-1990-1	ACP-039369	interleaved_b	T1_easy	10k_final	30	true		
ac-v1-01626	INTLB-b3t-794-0	ACP-042124	interleaved_b	T1_easy	10k_final	29	true		
ac-v1-01627	MS-n10-wYYYYYxYXyy	ACP-007027	ms_expanded	T2_medium	100k	34	true		
ac-v1-01628	INTLB-b4-1474-1	ACP-043326	interleaved_b	T1_easy	10k_final	32	true		
ac-v1-01629	INTL-b1-226-1	ACP-017339	interleaved	T1_easy	10k_final	34	true		
ac-v1-01630	MS-n6-wXXYYxYYxY	ACP-030768	ms_expanded	T4_frontier	100k	25	true		
ac-v1-01631	INTL-b4-158-0	ACP-030649	interleaved	T3_hard_solvable	100k	27	true		
ac-v1-01632	AUTH-16_4-k0-0	ACP-004726	aut_hard	T5_moonshot	100k	16	true		
ac-v1-01633	INTLB-b4-393-0	ACP-039000	interleaved_b	T2_medium	100k	27	true		
ac-v1-01634	INTLB-b3t-63-0	ACP-042468	interleaved_b	T1_easy	10k_final	35	true		
ac-v1-01635	INTL-triv-0-15	ACP-017074	interleaved	T0_warmup	10k_final	13	true		
ac-v1-01636	MS-n8-wyXyyyyxyy	ACP-001667	ms_expanded	T2_medium	100k	29	true		
ac-v1-01637	INTLB-b4-1082-1	ACP-038327	interleaved_b	T1_easy	10k_final	33	true		
ac-v1-01638	INTLB-b4-2162-1	ACP-043880	interleaved_b	T1_easy	10k_final	33	true		
ac-v1-01639	INTLB-b4-1163-0	ACP-038795	interleaved_b	T1_easy	10k_final	32	true		
ac-v1-01640	INTL-b3-168-1	ACP-027577	interleaved	T1_easy	10k_final	31	true		
ac-v1-01641	INTLB-b4-144-1	ACP-041614	interleaved_b	T1_easy	10k_final	34	true		
ac-v1-01642	MS-n9-wXXyxyxy	ACP-023573	ms_expanded	T4_frontier	100k	29	true		
ac-v1-01643	INTLB-b4-1552-1	ACP-040410	interleaved_b	T2_medium	100k	31	true		
ac-v1-01644	MS-n4-wyXyyyxY	ACP-004797	ms_expanded	T5_moonshot	100k	19	false	open	627
ac-v1-01645	INTLB-b3t-53-0	ACP-042577	interleaved_b	T2_medium	100k	32	true		
ac-v1-01646	INTLB-b4-316-0	ACP-039382	interleaved_b	T2_medium	100k	32	true		
ac-v1-01647	INTLB-b3t-533-0	ACP-047001	interleaved_b	T1_easy	10k_final	33	true		
ac-v1-01648	INTLB-b4-64-0	ACP-038870	interleaved_b	T2_medium	100k	34	true		
ac-v1-01649	INTLB-b3t-867-0	ACP-038357	interleaved_b	T1_easy	10k_final	26	true		
ac-v1-01650	AUTH-25_16-k1-2	ACP-006628	aut_hard	T5_moonshot	100k	39	true		
ac-v1-01651	INTL-b4-146-1	ACP-011051	interleaved	T2_medium	100k	23	true		
ac-v1-01652	INTL-b4-109-0	ACP-035939	interleaved	T1_easy	10k_final	19	true		
ac-v1-01653	INTLB-b3t-401-1	ACP-037905	interleaved_b	T1_easy	10k_final	33	true		
ac-v1-01654	INTLB-b4-825-1	ACP-040467	interleaved_b	T2_medium	100k	27	true		
ac-v1-01655	INTLB-b4-3093-0	ACP-037935	interleaved_b	T2_medium	100k	18	true		
ac-v1-01656	INTLB-b3t-362-0	ACP-045562	interleaved_b	T1_easy	10k_final	27	true		
ac-v1-01657	MS-n2-wXXYxyxy	ACP-033551	ms_expanded	T4_frontier	100k	15	true	open	912
ac-v1-01658	INTLB-b4-1636-0	ACP-041343	interleaved_b	T1_easy	10k_final	24	true		
ac-v1-01659	INTLB-b3t-125-1	ACP-044032	interleaved_b	T2_medium	100k	27	true		
ac-v1-01660	INTLB-b4-1997-0	ACP-045611	interleaved_b	T2_medium	100k	29	true		
ac-v1-01661	INTLB-b3t-574-0	ACP-040158	interleaved_b	T1_easy	10k_final	30	true		
ac-v1-01662	MS-n10-wXXXYxxxYY	ACP-002081	ms_expanded	T4_frontier	100k	33	true		
ac-v1-01663	AUTH-22_9-k0-0	ACP-003871	aut_hard	T5_moonshot	100k	22	true		
ac-v1-01664	INTLB-b4-44-1	ACP-037853	interleaved_b	T3_hard_solvable	100k	35	true		
ac-v1-01665	INTLB-b4-1852-1	ACP-041534	interleaved_b	T2_medium	100k	25	true		
ac-v1-01666	INTLB-b4-2126-0	ACP-039776	interleaved_b	T2_medium	100k	25	true		
ac-v1-01667	MS-n9-wYYXyxyyyyy	ACP-009987	ms_expanded	T1_easy	10k_final	32	true		
ac-v1-01668	INTLB-b3t-404-1	ACP-046389	interleaved_b	T3_hard_solvable	100k	34	true		
ac-v1-01669	MS-n10-wYYXYxy	ACP-004258	ms_expanded	T4_frontier	100k	30	true		
ac-v1-01670	AUTH-19_51-k1-0	ACP-035695	aut_hard	T5_moonshot	100k	20	true		
ac-v1-01671	INTLB-b4-1340-0	ACP-041792	interleaved_b	T1_easy	10k_final	29	true		
ac-v1-01672	INTLB-b4-1001-1	ACP-038938	interleaved_b	T1_easy	10k_final	33	true		
ac-v1-01673	INTLB-b3t-328-1	ACP-045318	interleaved_b	T1_easy	10k_final	27	true		
ac-v1-01674	INTLB-b4-201-1	ACP-043771	interleaved_b	T1_easy	10k_final	33	true		
ac-v1-01675	MS-n10-wXXXyxxYxy	ACP-003284	ms_expanded	T4_frontier	100k	33	true		
ac-v1-01676	MS-n5-wXXYxYYxY	ACP-000449	ms_expanded	T4_frontier	100k	22	true		
ac-v1-01677	INTLB-b3t-556-0	ACP-040208	interleaved_b	T1_easy	10k_final	30	true		
ac-v1-01678	INTLB-b4-2187-1	ACP-045488	interleaved_b	T1_easy	10k_final	32	true		
ac-v1-01679	INTLB-b4-763-0	ACP-040880	interleaved_b	T2_medium	100k	33	true		
ac-v1-01680	INTLB-b3t-557-0	ACP-046570	interleaved_b	T1_easy	10k_final	34	true		
ac-v1-01681	INTLB-b4-1744-0	ACP-044137	interleaved_b	T1_easy	10k_final	31	true		
ac-v1-01682	INTLB-b4-1338-1	ACP-038449	interleaved_b	T1_easy	10k_final	29	true		
ac-v1-01683	INTLB-b4-2008-1	ACP-038802	interleaved_b	T1_easy	10k_final	31	true		
ac-v1-01684	MS-n10-wYxyXyy	ACP-036855	ms_expanded	T4_frontier	100k	30	true		
ac-v1-01685	INTL-b2-1-1	ACP-007144	interleaved	T0_warmup	10k_final	34	true		
ac-v1-01686	INTLB-b4-179-0	ACP-039990	interleaved_b	T1_easy	10k_final	26	true		
ac-v1-01687	MS-n7-wXXYYxxY	ACP-012428	ms_expanded	T5_moonshot	100k	25	true	open	574
ac-v1-01688	INTLB-b4-2939-1	ACP-043711	interleaved_b	T2_medium	100k	29	true		
ac-v1-01689	INTLB-b3t-558-0	ACP-038229	interleaved_b	T1_easy	10k_final	25	true		
ac-v1-01690	INTLB-b4-2459-0	ACP-044571	interleaved_b	T2_medium	100k	33	true		
ac-v1-01691	MS-n10-wXXyxyyxy	ACP-035724	ms_expanded	T4_frontier	100k	32	true		
ac-v1-01692	MS-n3-wXXYYxYxy	ACP-008794	ms_expanded	T4_frontier	100k	18	true		
ac-v1-01693	INTLB-b4-1638-1	ACP-037356	interleaved_b	T2_medium	100k	25	true		
ac-v1-01694	INTLB-b3t-734-1	ACP-045368	interleaved_b	T1_easy	10k_final	32	true		
ac-v1-01695	INTLB-b4-89-0	ACP-043010	interleaved_b	T3_hard_solvable	100k	31	true		
ac-v1-01696	MS-n8-wXYxY	ACP-031578	ms_expanded	T4_frontier	100k	24	true		
ac-v1-01697	INTLB-b3t-308-1	ACP-044381	interleaved_b	T1_easy	10k_final	32	true		
ac-v1-01698	INTLB-b4-2503-0	ACP-038451	interleaved_b	T2_medium	100k	35	true		
ac-v1-01699	INTLB-b4-1935-1	ACP-039195	interleaved_b	T1_easy	10k_final	30	true		
ac-v1-01700	MS-n5-wXXXYxxxYYY	ACP-030147	ms_expanded	T4_frontier	100k	24	true		
ac-v1-01701	INTLB-b4-2975-1	ACP-037508	interleaved_b	T2_medium	100k	33	true		
ac-v1-01702	INTL-b1-270-0	ACP-025341	interleaved	T2_medium	100k	31	true		
ac-v1-01703	INTLB-b4-2762-0	ACP-038035	interleaved_b	T2_medium	100k	31	true		
ac-v1-01704	INTLB-b4-129-1	ACP-038098	interleaved_b	T1_easy	10k_final	31	true		
ac-v1-01705	INTLB-b4-1350-1	ACP-041646	interleaved_b	T1_easy	10k_final	33	true		
ac-v1-01706	INTLB-b3t-567-1	ACP-043275	interleaved_b	T1_easy	10k_final	31	true		
ac-v1-01707	INTLB-b4-2164-0	ACP-045918	interleaved_b	T3_hard_solvable	100k	31	true		
ac-v1-01708	MS-n8-wXYYYxyyy	ACP-002482	ms_expanded	T0_warmup	10k_final	28	true		
ac-v1-01709	MS-n9-wXXXYxYxxY	ACP-020034	ms_expanded	T4_frontier	100k	31	true		
ac-v1-01710	MS-n9-wXXXYxyxxy	ACP-000581	ms_expanded	T4_frontier	100k	31	true		
ac-v1-01711	MS-n3-wXXYxxYYY	ACP-000465	ms_expanded	T4_frontier	100k	18	true		
ac-v1-01712	INTLB-b3t-477-1	ACP-042358	interleaved_b	T1_easy	10k_final	29	true		
ac-v1-01713	INTL-b2-251-1	ACP-021460	interleaved	T1_easy	10k_final	36	true		
ac-v1-01714	INTLB-b4-2765-1	ACP-039874	interleaved_b	T3_hard_solvable	100k	33	true		
ac-v1-01715	MS-n8-wYYXYYxyy	ACP-005976	ms_expanded	T1_easy	10k_final	28	true		
ac-v1-01716	MS-n5-wYXyyyyxyy	ACP-005817	ms_expanded	T2_medium	100k	23	true		
ac-v1-01717	INTLB-b4-3999-0	ACP-043959	interleaved_b	T2_medium	100k	23	true		
ac-v1-01718	AUTH-21_14-k1-2	ACP-030695	aut_hard	T5_moonshot	100k	31	true		
ac-v1-01719	INTLB-b4-2559-0	ACP-039021	interleaved_b	T2_medium	100k	35	true		
ac-v1-01720	INTLB-b4-1038-1	ACP-040340	interleaved_b	T1_easy	10k_final	25	true		
ac-v1-01721	INTLB-b4-2408-0	ACP-046515	interleaved_b	T2_medium	100k	35	true		
ac-v1-01722	INTLB-b4-2247-0	ACP-042618	interleaved_b	T1_easy	10k_final	25	true		
ac-v1-01723	AUTH-25_28-k1-1	ACP-034646	aut_hard	T5_moonshot	100k	39	true		
ac-v1-01724	MS-n9-wXXXYYYxxxy	ACP-026970	ms_expanded	T4_frontier	100k	32	true		
ac-v1-01725	AUTH-21_30-k0-0	ACP-032269	aut_hard	T5_moonshot	100k	21	true		
ac-v1-01726	INTLB-b3t-649-0	ACP-043612	interleaved_b	T1_easy	10k_final	28	true		
ac-v1-01727	INTLB-b4-1912-1	ACP-039497	interleaved_b	T2_medium	100k	31	true		
ac-v1-01728	MS-n5-wYXYxyy	ACP-005371	ms_expanded	T1_easy	10k_final	20	true	uncertified	257
ac-v1-01729	INTL-b2-110-0	ACP-023834	interleaved	T1_easy	10k_final	34	true		
ac-v1-01730	INTLB-b3t-161-1	ACP-042923	interleaved_b	T1_easy	10k_final	30	true		
ac-v1-01731	INTL-b4-173-0	ACP-017218	interleaved	T1_easy	10k_final	33	true		
ac-v1-01732	INTLB-b4-2714-1	ACP-039371	interleaved_b	T2_medium	100k	31	true		
ac-v1-01733	INTL-b4-208-1	ACP-034751	interleaved	T1_easy	10k_final	29	true		
ac-v1-01734	MS-n3-wYYXyyxy	ACP-003494	ms_expanded	T1_easy	10k_final	17	true	uncertified	682
ac-v1-01735	INTLB-b4-3042-0	ACP-043773	interleaved_b	T2_medium	100k	33	true		
ac-v1-01736	MS-n4-wXYYYxyyyy	ACP-032703	ms_expanded	T1_easy	10k_final	21	true		
ac-v1-01737	MS-n2-wXXXYxxYYxy	ACP-010332	ms_expanded	T4_frontier	100k	18	true		
ac-v1-01738	INTLB-b4-2017-1	ACP-041266	interleaved_b	T1_easy	10k_final	29	true		
ac-v1-01739	MS-n10-wXXYxyyxY	ACP-009401	ms_expanded	T4_frontier	100k	32	true		
ac-v1-01740	MS-n9-wXXXyxxyxy	ACP-029565	ms_expanded	T4_frontier	100k	31	true		
ac-v1-01741	INTLB-b4-2459-1	ACP-040977	interleaved_b	T2_medium	100k	25	true		
ac-v1-01742	INTL-b4-130-0	ACP-020008	interleaved	T1_easy	10k_final	19	true		
ac-v1-01743	INTL-b4-13-0	ACP-014274	interleaved	T1_easy	10k_final	33	true		
ac-v1-01744	MS-n2-wXYxyXyxYY	ACP-034870	ms_expanded	T1_easy	10k_final	17	true		
ac-v1-01745	INTL-b2-246-0	ACP-004463	interleaved	T3_hard_solvable	100k	32	true		
ac-v1-01746	INTLB-b4-1672-0	ACP-047175	interleaved_b	T1_easy	10k_final	29	true		
ac-v1-01747	INTLB-b3t-356-0	ACP-047090	interleaved_b	T1_easy	10k_final	33	true		
ac-v1-01748	MS-n9-wYxyyXy	ACP-026803	ms_expanded	T4_frontier	100k	28	true		
ac-v1-01749	MS-n3-wXXYXyxxxy	ACP-029884	ms_expanded	T4_frontier	100k	19	true		
ac-v1-01750	INTLB-b4-502-1	ACP-038447	interleaved_b	T2_medium	100k	30	true		
ac-v1-01751	MS-n8-wYYY	ACP-016615	ms_expanded	T0_warmup	10k_final	23	true		
ac-v1-01752	INTLB-b4-2515-1	ACP-040286	interleaved_b	T2_medium	100k	31	true		
ac-v1-01753	AUTH-25_12-k1-3	ACP-032899	aut_hard	T5_moonshot	100k	37	true		
ac-v1-01754	INTL-b4-150-1	ACP-034784	interleaved	T1_easy	10k_final	25	true		
ac-v1-01755	INTLB-b4-1905-0	ACP-043259	interleaved_b	T1_easy	10k_final	25	true		
ac-v1-01756	INTL-b4-17-0	ACP-018564	interleaved	T3_hard_solvable	100k	35	true		
ac-v1-01757	INTLB-b3t-134-0	ACP-042125	interleaved_b	T1_easy	10k_final	24	true		
ac-v1-01758	INTLB-b3t-762-1	ACP-046633	interleaved_b	T1_easy	10k_final	25	true		
ac-v1-01759	INTL-b2-103-1	ACP-006498	interleaved	T0_warmup	10k_final	30	true		
ac-v1-01760	AUTH-17_39-k0-0	ACP-006233	aut_hard	T5_moonshot	100k	17	true		
ac-v1-01761	MS-n3-wXXyxYxy	ACP-015025	ms_expanded	T5_moonshot	100k	17	false	open	1046
ac-v1-01762	INTL-b2-161-0	ACP-037091	interleaved	T2_medium	100k	31	true		
ac-v1-01763	AUTH-24_3-k12-0	ACP-004624	aut_hard	T5_moonshot	100k	30	true		
ac-v1-01764	INTLB-b3t-384-0	ACP-038003	interleaved_b	T3_hard_solvable	100k	31	true		
ac-v1-01765	MS-n7-wXyXyxxy	ACP-000021	ms_expanded	T5_moonshot	100k	25	false	open	1001
ac-v1-01766	INTLB-b3t-332-1	ACP-038576	interleaved_b	T1_easy	10k_final	24	true		
ac-v1-01767	INTLB-b4-1713-0	ACP-043591	interleaved_b	T2_medium	100k	29	true		
ac-v1-01768	INTLB-b4-1691-1	ACP-046699	interleaved_b	T1_easy	10k_final	33	true		
ac-v1-01769	MS-n6-wXXYYxyxy	ACP-029836	ms_expanded	T4_frontier	100k	24	true		
ac-v1-01770	MS-n2-wYYXYYYxY	ACP-022039	ms_expanded	T1_easy	10k_final	16	true		
ac-v1-01771	INTL-b4-236-0	ACP-017523	interleaved	T2_medium	100k	30	true		
ac-v1-01772	INTLB-b4-383-0	ACP-045993	interleaved_b	T3_hard_solvable	100k	29	true		
ac-v1-01773	INTLB-b4-1231-0	ACP-039792	interleaved_b	T1_easy	10k_final	18	true		
ac-v1-01774	INTLB-b4-2564-0	ACP-044377	interleaved_b	T3_hard_solvable	100k	33	true		
ac-v1-01775	MS-n10-wXyxYY	ACP-026431	ms_expanded	T4_frontier	100k	29	true		
ac-v1-01776	MS-n6-wYYXyxyy	ACP-011043	ms_expanded	T4_frontier	100k	23	true	open	552
ac-v1-01777	MS-n7-wXXXYxYxYxY	ACP-021923	ms_expanded	T4_frontier	100k	28	true		
ac-v1-01778	INTL-b4-180-0	ACP-014085	interleaved	T2_medium	100k	23	true		
ac-v1-01779	INTL-b3-124-1	ACP-006199	interleaved	T1_easy	10k_final	31	true		
ac-v1-01780	INTLB-b4-2177-1	ACP-038934	interleaved_b	T1_easy	10k_final	26	true		
ac-v1-01781	INTLB-b4-2280-1	ACP-043631	interleaved_b	T2_medium	100k	32	true		
ac-v1-01782	INTLB-b3t-102-0	ACP-039103	interleaved_b	T2_medium	100k	28	true		
ac-v1-01783	INTL-b4-163-1	ACP-034306	interleaved	T2_medium	100k	30	true		
ac-v1-01784	MS-n1-wXXXXyxxxxY	ACP-026520	ms_expanded	T1_easy	10k_final	16	true		
ac-v1-01785	INTLB-b4-68-1	ACP-039209	interleaved_b	T2_medium	100k	28	true		
ac-v1-01786	MS-n9-wYXyyxyyyyy	ACP-012069	ms_expanded	T1_easy	10k_final	32	true		
ac-v1-01787	INTLB-b3t-390-1	ACP-045144	interleaved_b	T1_easy	10k_final	33	true		
ac-v1-01788	AUTH-25_16-k1-0	ACP-001941	aut_hard	T5_moonshot	100k	25	true		
ac-v1-01789	INTLB-b4-3029-0	ACP-046539	interleaved_b	T2_medium	100k	22	true		
ac-v1-01790	MS-n5-wXyyyyyyxYY	ACP-009310	ms_expanded	T2_medium	100k	24	true		
ac-v1-01791	INTLB-b4-2000-0	ACP-041813	interleaved_b	T3_hard_solvable	100k	29	true		
ac-v1-01792	INTLB-b4-1915-1	ACP-041804	interleaved_b	T1_easy	10k_final	31	true		
ac-v1-01793	INTLB-b4-569-1	ACP-046855	interleaved_b	T3_hard_solvable	100k	35	true		
ac-v1-01794	MS-n3-wXXXYxxyxYY	ACP-014617	ms_expanded	T4_frontier	100k	20	true		
ac-v1-01795	MS-n8-wyyyyyy	ACP-003040	ms_expanded	T0_warmup	10k_final	26	true		
ac-v1-01796	AUTH-25_13-k12-0	ACP-026020	aut_hard	T5_moonshot	100k	39	true		
ac-v1-01797	INTLB-b4-1451-1	ACP-044929	interleaved_b	T2_medium	100k	30	true		
ac-v1-01798	AUTH-18_11-k0-0	ACP-017612	aut_hard	T5_moonshot	100k	18	true		
ac-v1-01799	INTLB-b4-2579-1	ACP-043532	interleaved_b	T3_hard_solvable	100k	33	true		
ac-v1-01800	AUTH-23_16-k1-2	ACP-016771	aut_hard	T5_moonshot	100k	35	true		
ac-v1-01801	INTLB-b3t-351-0	ACP-045217	interleaved_b	T1_easy	10k_final	33	true		
ac-v1-01802	INTL-b4-211-0	ACP-028778	interleaved	T1_easy	10k_final	32	true		
ac-v1-01803	INTLB-b3t-377-0	ACP-040535	interleaved_b	T3_hard_solvable	100k	31	true		
ac-v1-01804	INTLB-b3t-23-1	ACP-038545	interleaved_b	T1_easy	10k_final	36	true		
ac-v1-01805	INTLB-b4-556-1	ACP-044536	interleaved_b	T2_medium	100k	30	true		
ac-v1-01806	MS-n7-wYxYYYYXyy	ACP-036893	ms_expanded	T1_easy	10k_final	27	true		
ac-v1-01807	INTLB-b3t-37-1	ACP-042025	interleaved_b	T1_easy	10k_final	34	true		
ac-v1-01808	MS-n9-wy	ACP-027750	ms_expanded	T0_warmup	10k_final	23	true		
ac-v1-01809	INTLB-b4-1546-0	ACP-041491	interleaved_b	T1_easy	10k_final	32	true		
ac-v1-01810	INTLB-b3t-608-0	ACP-043566	interleaved_b	T1_easy	10k_final	23	true		
ac-v1-01811	MS-n9-wXXYYYxxy	ACP-027118	ms_expanded	T4_frontier	100k	30	true		
ac-v1-01812	INTLB-b4-1720-1	ACP-044065	interleaved_b	T1_easy	10k_final	35	true		
ac-v1-01813	INTLB-b3t-403-0	ACP-038353	interleaved_b	T1_easy	10k_final	31	true		
ac-v1-01814	MS-n4-wXXYxxyyyyy	ACP-023743	ms_expanded	T5_moonshot	100k	22	true		
ac-v1-01815	INTLB-b4-1024-1	ACP-044879	interleaved_b	T1_easy	10k_final	27	true		
ac-v1-01816	MS-n9-wXXXYxYxYxy	ACP-017058	ms_expanded	T4_frontier	100k	32	true		
ac-v1-01817	MS-n8-wYYYYXYYxyy	ACP-017399	ms_expanded	T2_medium	100k	30	true		
ac-v1-01818	MS-n4-wXyyyxYYYY	ACP-029112	ms_expanded	T1_easy	10k_final	21	true		
ac-v1-01819	INTLB-b4-3179-1	ACP-045129	interleaved_b	T2_medium	100k	19	true		
ac-v1-01820	MS-n8-wXXyyxyxY	ACP-003265	ms_expanded	T4_frontier	100k	28	true		
ac-v1-01821	MS-n9-wYxyXyy	ACP-011569	ms_expanded	T4_frontier	100k	28	true		
ac-v1-01822	AUTH-16_3-k1-0	ACP-031122	aut_hard	T5_moonshot	100k	19	true		
ac-v1-01823	INTLB-b4-2662-1	ACP-046153	interleaved_b	T2_medium	100k	32	true		
ac-v1-01824	MS-n8-wXXXYxYxYxY	ACP-018073	ms_expanded	T4_frontier	100k	30	true		
ac-v1-01825	MS-n4-wXXXXyxxxxY	ACP-028274	ms_expanded	T4_frontier	100k	22	true		
ac-v1-01826	INTLB-b4-1832-0	ACP-038549	interleaved_b	T2_medium	100k	29	true		
ac-v1-01827	INTLB-b4-1884-0	ACP-043229	interleaved_b	T1_easy	10k_final	28	true		
ac-v1-01828	INTLB-b4-1115-0	ACP-039882	interleaved_b	T1_easy	10k_final	24	true		
ac-v1-01829	MS-n6-wXXYxYxYY	ACP-028802	ms_expanded	T4_frontier	100k	24	true		
ac-v1-01830	INTLB-b4-478-0	ACP-038050	interleaved_b	T3_hard_solvable	100k	33	true		
ac-v1-01831	INTLB-b4-827-1	ACP-045437	interleaved_b	T2_medium	100k	31	true		
ac-v1-01832	MS-n3-wXXYYYxxYY	ACP-017380	ms_expanded	T1_easy	10k_final	19	true		
ac-v1-01833	INTLB-b3t-826-1	ACP-040763	interleaved_b	T1_easy	10k_final	29	true		
ac-v1-01834	MS-n9-wXyxy	ACP-007543	ms_expanded	T4_frontier	100k	26	true		
ac-v1-01835	INTLB-b4-1684-0	ACP-042010	interleaved_b	T1_easy	10k_final	23	true		
ac-v1-01836	MS-n8-wXXXyxxyxY	ACP-003353	ms_expanded	T4_frontier	100k	29	true		
ac-v1-01837	INTLB-b4-128-1	ACP-046072	interleaved_b	T2_medium	100k	25	true		
ac-v1-01838	INTLB-b3t-485-0	ACP-039841	interleaved_b	T1_easy	10k_final	26	true		
ac-v1-01839	INTLB-b3t-66-1	ACP-039283	interleaved_b	T1_easy	10k_final	32	true		
ac-v1-01840	INTLB-b3t-490-0	ACP-040389	interleaved_b	T1_easy	10k_final	29	true		
ac-v1-01841	INTL-b4-299-1	ACP-027218	interleaved	T3_hard_solvable	100k	22	true		
ac-v1-01842	INTLB-b4-1682-0	ACP-043961	interleaved_b	T1_easy	10k_final	24	true		
ac-v1-01843	INTLB-b4-1730-0	ACP-039530	interleaved_b	T1_easy	10k_final	33	true		
ac-v1-01844	INTLB-b3t-364-1	ACP-040949	interleaved_b	T1_easy	10k_final	32	true		
ac-v1-01845	INTLB-b4-2149-0	ACP-037958	interleaved_b	T3_hard_solvable	100k	31	true		
ac-v1-01846	INTLB-b4-1435-1	ACP-043846	interleaved_b	T3_hard_solvable	100k	35	true		
ac-v1-01847	INTLB-b3t-789-1	ACP-042115	interleaved_b	T1_easy	10k_final	28	true		
ac-v1-01848	INTLB-b3t-753-1	ACP-039397	interleaved_b	T1_easy	10k_final	31	true		
ac-v1-01849	MS-n4-wXXYYxxyyy	ACP-029657	ms_expanded	T4_frontier	100k	21	true		
ac-v1-01850	INTL-b2-140-0	ACP-015415	interleaved	T1_easy	10k_final	27	true		
ac-v1-01851	INTLB-b4-1278-1	ACP-037656	interleaved_b	T1_easy	10k_final	34	true		
ac-v1-01852	INTLB-b3t-11-1	ACP-047182	interleaved_b	T1_easy	10k_final	29	true		
ac-v1-01853	INTLB-b4-2718-1	ACP-042403	interleaved_b	T2_medium	100k	26	true		
ac-v1-01854	INTLB-b4-229-0	ACP-043151	interleaved_b	T3_hard_solvable	100k	26	true		
ac-v1-01855	INTLB-b4-1250-0	ACP-043382	interleaved_b	T1_easy	10k_final	31	true		
ac-v1-01856	MS-n10-wXXXyxxxY	ACP-022424	ms_expanded	T4_frontier	100k	32	true		
ac-v1-01857	INTLB-b4-2231-0	ACP-041564	interleaved_b	T2_medium	100k	19	true		
ac-v1-01858	MS-n5-wYYxYXyy	ACP-005885	ms_expanded	T4_frontier	100k	21	true	open	747
ac-v1-01859	INTLB-b3t-616-1	ACP-046353	interleaved_b	T1_easy	10k_final	28	true		
ac-v1-01860	INTLB-b4-2088-0	ACP-038103	interleaved_b	T1_easy	10k_final	18	true		
ac-v1-01861	MS-n9-wXXXyxxYxY	ACP-005000	ms_expanded	T4_frontier	100k	31	true		
ac-v1-01862	MS-n7-wYXyyxyy	ACP-017787	ms_expanded	T4_frontier	100k	25	true	open	672
ac-v1-01863	INTLB-b4-1919-0	ACP-044545	interleaved_b	T2_medium	100k	28	true		
ac-v1-01864	MS-n8-wXYYYxYY	ACP-026550	ms_expanded	T4_frontier	100k	27	true		
ac-v1-01865	INTL-b4-31-1	ACP-022384	interleaved	T2_medium	100k	32	true		
ac-v1-01866	MS-n7-wYXYXYxyxy	ACP-031642	ms_expanded	T5_moonshot	100k	27	true		
ac-v1-01867	INTLB-b3t-109-1	ACP-039588	interleaved_b	T1_easy	10k_final	31	true		
ac-v1-01868	INTLB-b3t-519-1	ACP-043642	interleaved_b	T1_easy	10k_final	29	true		
ac-v1-01869	AUTH-19_19-k1-0	ACP-022955	aut_hard	T5_moonshot	100k	19	true		
ac-v1-01870	INTLB-b4-2193-1	ACP-041954	interleaved_b	T1_easy	10k_final	31	true		
ac-v1-01871	INTLB-b4-1446-1	ACP-037726	interleaved_b	T1_easy	10k_final	23	true		
ac-v1-01872	INTLB-b3t-845-1	ACP-040097	interleaved_b	T1_easy	10k_final	30	true		
ac-v1-01873	MS-n5-wYXYYYYxY	ACP-030348	ms_expanded	T1_easy	10k_final	22	true		
ac-v1-01874	INTLB-b4-1064-0	ACP-044920	interleaved_b	T1_easy	10k_final	26	true		
ac-v1-01875	INTLB-b4-1771-1	ACP-046021	interleaved_b	T1_easy	10k_final	35	true		
ac-v1-01876	INTLB-b4-2028-1	ACP-044099	interleaved_b	T1_easy	10k_final	29	true		
ac-v1-01877	MS-n7-wXXyxYxYY	ACP-006685	ms_expanded	T4_frontier	100k	26	true		
ac-v1-01878	MS-n2-wXXYYYYYxxy	ACP-007194	ms_expanded	T5_moonshot	10k_final	18	true		
ac-v1-01879	INTLB-b3t-202-1	ACP-042858	interleaved_b	T1_easy	10k_final	30	true		
ac-v1-01880	INTLB-b4-1090-0	ACP-045947	interleaved_b	T1_easy	10k_final	27	true		
ac-v1-01881	MS-n5-wXXyxyxy	ACP-014696	ms_expanded	T5_moonshot	100k	21	false	open	537
ac-v1-01882	AUTH-25_23-k12-0	ACP-005260	aut_hard	T5_moonshot	100k	28	true		
ac-v1-01883	INTLB-b4-2129-0	ACP-042735	interleaved_b	T2_medium	100k	33	true		
ac-v1-01884	INTLB-b4-1403-1	ACP-042434	interleaved_b	T1_easy	10k_final	20	true		
ac-v1-01885	INTLB-b3t-91-0	ACP-044700	interleaved_b	T1_easy	10k_final	34	true		
ac-v1-01886	INTLB-b4-3172-1	ACP-043212	interleaved_b	T2_medium	100k	29	true		
ac-v1-01887	AUTH-16_8-k1-1	ACP-021939	aut_hard	T5_moonshot	100k	19	true		
ac-v1-01888	AUTH-21_39-k0-0	ACP-022030	aut_hard	T5_moonshot	100k	21	true		
ac-v1-01889	INTLB-b4-1813-1	ACP-046147	interleaved_b	T2_medium	100k	36	true		
ac-v1-01890	INTLB-b4-1441-1	ACP-045045	interleaved_b	T1_easy	10k_final	28	true		
ac-v1-01891	INTLB-b3t-117-0	ACP-040590	interleaved_b	T1_easy	10k_final	31	true		
ac-v1-01892	INTLB-b3t-40-0	ACP-037737	interleaved_b	T3_hard_solvable	100k	31	true		
ac-v1-01893	INTLB-b4-111-1	ACP-044528	interleaved_b	T1_easy	10k_final	27	true		
ac-v1-01894	INTLB-b4-1547-1	ACP-041063	interleaved_b	T2_medium	100k	27	true		
ac-v1-01895	MS-n6-wYXyxyyy	ACP-011628	ms_expanded	T4_frontier	100k	23	true	open	566
ac-v1-01896	INTLB-b4-2144-1	ACP-046929	interleaved_b	T1_easy	10k_final	23	true		
ac-v1-01897	MS-n5-wyxYXyyyyy	ACP-020446	ms_expanded	T2_medium	100k	23	true		
ac-v1-01898	INTLB-b4-217-1	ACP-044891	interleaved_b	T1_easy	10k_final	35	true		
ac-v1-01899	INTLB-b3t-693-0	ACP-038179	interleaved_b	T1_easy	10k_final	33	true		
ac-v1-01900	INTLB-b3t-870-0	ACP-037366	interleaved_b	T1_easy	10k_final	35	true		
ac-v1-01901	INTLB-b4-1502-1	ACP-043368	interleaved_b	T1_easy	10k_final	19	true		
ac-v1-01902	MS-n10-wXXyxyxy	ACP-009821	ms_expanded	T4_frontier	100k	31	true		
ac-v1-01903	INTLB-b3t-230-1	ACP-044050	interleaved_b	T1_easy	10k_final	31	true		
ac-v1-01904	MS-n6-wYYYXYYYxyy	ACP-019240	ms_expanded	T1_easy	10k_final	26	true		
ac-v1-01905	AUTH-17_30-k1-0	ACP-020994	aut_hard	T5_moonshot	100k	19	true		
ac-v1-01906	MS-n5-wXXYYxYxY	ACP-004896	ms_expanded	T4_frontier	100k	22	true		
ac-v1-01907	MS-n3-wXYXYxxYYYY	ACP-010542	ms_expanded	T1_easy	10k_final	20	true		
ac-v1-01908	MS-n5-wyxYYXyyyy	ACP-006232	ms_expanded	T2_medium	100k	23	true		
ac-v1-01909	MS-n8-wyXyyxYYY	ACP-023334	ms_expanded	T2_medium	100k	28	true		
ac-v1-01910	INTLB-b4-598-1	ACP-046334	interleaved_b	T2_medium	100k	25	true		
ac-v1-01911	INTLB-b4-2282-1	ACP-042234	interleaved_b	T3_hard_solvable	100k	34	true		
ac-v1-01912	INTLB-b3t-264-1	ACP-042395	interleaved_b	T1_easy	10k_final	19	true		
ac-v1-01913	INTLB-b3t-479-1	ACP-047135	interleaved_b	T1_easy	10k_final	29	true		
ac-v1-01914	INTLB-b4-1183-1	ACP-047213	interleaved_b	T1_easy	10k_final	31	true		
ac-v1-01915	INTLB-b4-1428-0	ACP-039891	interleaved_b	T2_medium	100k	22	true		
ac-v1-01916	INTL-b4-154-0	ACP-023904	interleaved	T3_hard_solvable	100k	26	true		
ac-v1-01917	MS-n3-wXYXYYYxxY	ACP-033268	ms_expanded	T1_easy	10k_final	19	true		
ac-v1-01918	INTLB-b4-1768-1	ACP-040556	interleaved_b	T1_easy	10k_final	26	true		
ac-v1-01919	INTLB-b3t-262-1	ACP-044182	interleaved_b	T1_easy	10k_final	31	true		
ac-v1-01920	INTLB-b4-291-1	ACP-038148	interleaved_b	T2_medium	100k	35	true		
ac-v1-01921	INTLB-b4-2197-1	ACP-038427	interleaved_b	T2_medium	100k	26	true		
ac-v1-01922	INTLB-b3t-640-1	ACP-046067	interleaved_b	T1_easy	10k_final	23	true		
ac-v1-01923	MS-n10-wXYYYxyy	ACP-028282	ms_expanded	T4_frontier	100k	31	true		
ac-v1-01924	INTLB-b3t-414-0	ACP-046867	interleaved_b	T1_easy	10k_final	24	true		
ac-v1-01925	MS-n1-wXXXYYxxyxY	ACP-006558	ms_expanded	T1_easy	10k_final	16	true		
ac-v1-01926	MS-n8-wXXyyxxYY	ACP-014003	ms_expanded	T4_frontier	100k	28	true		
ac-v1-01927	INTLB-b3t-657-0	ACP-039065	interleaved_b	T1_easy	10k_final	33	true		
ac-v1-01928	INTLB-b4-1963-0	ACP-045635	interleaved_b	T3_hard_solvable	100k	23	true		
ac-v1-01929	INTLB-b4-1190-0	ACP-043964	interleaved_b	T1_easy	10k_final	34	true		
ac-v1-01930	AUTH-23_4-k1-2	ACP-016297	aut_hard	T5_moonshot	100k	35	true		
ac-v1-01931	INTLB-b4-1531-0	ACP-043811	interleaved_b	T2_medium	100k	33	true		
ac-v1-01932	MS-n4-wYYXyyyxy	ACP-002145	ms_expanded	T1_easy	10k_final	20	true		
ac-v1-01933	INTLB-b4-2606-0	ACP-042597	interleaved_b	T2_medium	100k	27	true		
ac-v1-01934	MS-n5-wXXYYYxyxy	ACP-024000	ms_expanded	T4_frontier	100k	23	true		
ac-v1-01935	INTLB-b4-17-0	ACP-045036	interleaved_b	T2_medium	100k	28	true		
ac-v1-01936	MS-n5-wYxyyXyyy	ACP-005660	ms_expanded	T2_medium	100k	22	true		
ac-v1-01937	INTLB-b4-251-1	ACP-037661	interleaved_b	T2_medium	100k	33	true		
ac-v1-01938	INTLB-b4-1202-0	ACP-038240	interleaved_b	T1_easy	10k_final	28	true		
ac-v1-01939	MS-n9-wYYXYxYYYYY	ACP-031727	ms_expanded	T2_medium	100k	32	true		
ac-v1-01940	MS-n9-wyXyxy	ACP-029384	ms_expanded	T4_frontier	100k	27	true		
ac-v1-01941	MS-n9-wXXXyxxYxy	ACP-021123	ms_expanded	T4_frontier	100k	31	true		
ac-v1-01942	AUTH-19_41-k0-0	ACP-015055	aut_hard	T5_moonshot	100k	19	true		
ac-v1-01943	INTL-b3-17-1	ACP-014709	interleaved	T1_easy	10k_final	24	true		
ac-v1-01944	INTLB-b4-1011-1	ACP-038835	interleaved_b	T0_warmup	10k_final	25	true		
ac-v1-01945	INTLB-b4-1169-1	ACP-045754	interleaved_b	T1_easy	10k_final	31	true		
ac-v1-01946	INTLB-b4-3306-0	ACP-038105	interleaved_b	T3_hard_solvable	100k	29	true		
ac-v1-01947	INTLB-b4-1619-0	ACP-037786	interleaved_b	T3_hard_solvable	100k	30	true		
ac-v1-01948	AUTH-21_10-k1-1	ACP-009448	aut_hard	T5_moonshot	100k	29	true		
ac-v1-01949	AUTH-21_16-k12-1	ACP-009568	aut_hard	T5_moonshot	100k	30	true		
ac-v1-01950	MS-n5-wXyxY	ACP-036784	ms_expanded	T1_easy	10k_final	18	true	uncertified	82
ac-v1-01951	INTLB-b4-3320-1	ACP-040145	interleaved_b	T3_hard_solvable	100k	35	true		
ac-v1-01952	AUTH-21_2-k1-2	ACP-006842	aut_hard	T5_moonshot	100k	21	true		
ac-v1-01953	MS-n4-wXXXYxxyxyy	ACP-034977	ms_expanded	T4_frontier	100k	22	true		
ac-v1-01954	INTLB-b4-486-0	ACP-039752	interleaved_b	T2_medium	100k	35	true		
ac-v1-01955	MS-n7-wXXYXYxxxY	ACP-013794	ms_expanded	T4_frontier	100k	27	true		
ac-v1-01956	MS-n2-wXyXYxxy	ACP-028061	ms_expanded	T5_moonshot	10k_final	15	false	open	1108
ac-v1-01957	MS-n5-wXXYYYxxy	ACP-024069	ms_expanded	T4_frontier	100k	22	true		
ac-v1-01958	INTLB-b3t-517-1	ACP-041701	interleaved_b	T1_easy	10k_final	30	true		
ac-v1-01959	MS-n8-wXXYYxxy	ACP-011770	ms_expanded	T4_frontier	100k	27	true		
ac-v1-01960	MS-n8-wXXXYxYYxxy	ACP-017468	ms_expanded	T4_frontier	100k	30	true		
ac-v1-01961	INTLB-b3t-545-1	ACP-037376	interleaved_b	T1_easy	10k_final	33	true		
ac-v1-01962	INTL-b1-259-1	ACP-037047	interleaved	T1_easy	10k_final	27	true		
ac-v1-01963	INTLB-b4-2668-0	ACP-042582	interleaved_b	T2_medium	100k	27	true		
ac-v1-01964	INTLB-b4-806-1	ACP-041013	interleaved_b	T3_hard_solvable	100k	33	true		
ac-v1-01965	MS-n5-wYYXyxYYY	ACP-024478	ms_expanded	T1_easy	10k_final	22	true		
ac-v1-01966	INTL-b3-164-1	ACP-015691	interleaved	T1_easy	10k_final	22	true		
ac-v1-01967	INTLB-b4-1930-0	ACP-045387	interleaved_b	T1_easy	10k_final	27	true		
ac-v1-01968	MS-n8-wyyXyyyxYYY	ACP-002056	ms_expanded	T1_easy	10k_final	30	true		
ac-v1-01969	MS-n9-wXyyyxy	ACP-007863	ms_expanded	T4_frontier	100k	28	true		
ac-v1-01970	INTL-b2-34-1	ACP-028198	interleaved	T1_easy	10k_final	19	true		
ac-v1-01971	INTLB-b3t-650-1	ACP-043572	interleaved_b	T1_easy	10k_final	21	true		
ac-v1-01972	MS-n6-wYXYxYY	ACP-028169	ms_expanded	T4_frontier	100k	22	true	open	230
ac-v1-01973	AUTH-25_11-k1-1	ACP-027529	aut_hard	T5_moonshot	100k	37	true		
ac-v1-01974	MS-n1-wXXyyyyxxy	ACP-025172	ms_expanded	T1_easy	10k_final	15	true		
ac-v1-01975	INTLB-b4-2408-1	ACP-040126	interleaved_b	T2_medium	100k	29	true		
ac-v1-01976	INTLB-b4-3142-0	ACP-044738	interleaved_b	T2_medium	100k	31	true		
ac-v1-01977	INTLB-b4-545-1	ACP-044477	interleaved_b	T2_medium	100k	33	true		
ac-v1-01978	MS-n8-wYYXYYYxyyy	ACP-007360	ms_expanded	T1_easy	10k_final	30	true		
ac-v1-01979	MS-n8-wXYYxYYY	ACP-015937	ms_expanded	T4_frontier	100k	27	true		
ac-v1-01980	INTLB-b3t-560-0	ACP-040271	interleaved_b	T1_easy	10k_final	34	true		
ac-v1-01981	MS-n9-wYXYYYxyyyy	ACP-027722	ms_expanded	T1_easy	10k_final	32	true		
ac-v1-01982	AUTH-17_18-k1-1	ACP-023306	aut_hard	T5_moonshot	100k	21	true		
ac-v1-01983	MS-n7-wyXyxyyy	ACP-003666	ms_expanded	T4_frontier	100k	25	false	open	525
ac-v1-01984	INTLB-b4-3131-0	ACP-044993	interleaved_b	T3_hard_solvable	100k	33	true		
ac-v1-01985	INTLB-b3t-357-0	ACP-039215	interleaved_b	T1_easy	10k_final	27	true		
ac-v1-01986	MS-n5-wXXXYxxYYxy	ACP-028155	ms_expanded	T4_frontier	100k	24	true		
ac-v1-01987	INTL-b4-97-1	ACP-028452	interleaved	T3_hard_solvable	100k	23	true		
ac-v1-01988	INTL-b2-43-1	ACP-012272	interleaved	T1_easy	10k_final	29	true		
ac-v1-01989	MS-n8-wXXYxxyyy	ACP-004023	ms_expanded	T4_frontier	100k	28	true		
ac-v1-01990	INTLB-b4-293-1	ACP-041380	interleaved_b	T3_hard_solvable	100k	35	true		
ac-v1-01991	AUTH-25_1-k12-0	ACP-003838	aut_hard	T5_moonshot	100k	34	true		
ac-v1-01992	MS-n3-wXXXYxxYxYY	ACP-003210	ms_expanded	T4_frontier	100k	20	true		
ac-v1-01993	INTLB-b4-1546-1	ACP-045765	interleaved_b	T1_easy	10k_final	29	true		
ac-v1-01994	AUTH-23_24-k12-0	ACP-026733	aut_hard	T5_moonshot	100k	30	true		
ac-v1-01995	INTLB-b4-3022-1	ACP-042647	interleaved_b	T2_medium	100k	28	true		
ac-v1-01996	INTL-b4-208-0	ACP-028462	interleaved	T1_easy	10k_final	27	true		
ac-v1-01997	INTLB-b3t-722-1	ACP-037563	interleaved_b	T2_medium	100k	30	true		
ac-v1-01998	INTL-b4-232-1	ACP-014188	interleaved	T1_easy	10k_final	31	true		
ac-v1-01999	INTLB-b4-1365-1	ACP-043316	interleaved_b	T1_easy	10k_final	27	true		
ac-v1-02000	INTLB-b4-1598-1	ACP-045882	interleaved_b	T1_easy	10k_final	20	true		
ac-v1-02001	INTLB-b4-2043-1	ACP-040726	interleaved_b	T2_medium	100k	31	true		
ac-v1-02002	INTLB-b4-1339-0	ACP-043965	interleaved_b	T1_easy	10k_final	29	true		
ac-v1-02003	AUTH-15_3-k12-0	ACP-034333	aut_hard	T5_moonshot	100k	24	true		
ac-v1-02004	INTL-b4-217-0	ACP-021455	interleaved	T3_hard_solvable	100k	31	true		
ac-v1-02005	MS-n6-wXXyxyxyy	ACP-010551	ms_expanded	T4_frontier	100k	24	true		
ac-v1-02006	INTLB-b4-2299-0	ACP-041374	interleaved_b	T2_medium	100k	25	true		
ac-v1-02007	INTLB-b4-1017-0	ACP-040732	interleaved_b	T1_easy	10k_final	31	true		
ac-v1-02008	MS-n9-wYYYYY	ACP-007407	ms_expanded	T0_warmup	10k_final	27	true		
ac-v1-02009	MS-n5-wYYXyyyyxy	ACP-018049	ms_expanded	T1_easy	10k_final	23	true		
ac-v1-02010	INTLB-b4-1870-1	ACP-040437	interleaved_b	T1_easy	10k_final	29	true		
ac-v1-02011	AUTH-19_10-k1-2	ACP-025027	aut_hard	T5_moonshot	100k	19	true		
ac-v1-02012	MS-n6-wXyyyyyxy	ACP-030158	ms_expanded	T2_medium	100k	24	true		
ac-v1-02013	MS-n7-wyXyyyyyxyy	ACP-017594	ms_expanded	T2_medium	100k	28	true		
ac-v1-02014	INTLB-b4-1363-0	ACP-045185	interleaved_b	T1_easy	10k_final	21	true		
ac-v1-02015	MS-n5-wXXyxxYYY	ACP-023741	ms_expanded	T4_frontier	100k	22	true		
ac-v1-02016	INTLB-b4-1128-0	ACP-042135	interleaved_b	T1_easy	10k_final	29	true		
ac-v1-02017	MS-n4-wXXYYxyxy	ACP-006781	ms_expanded	T4_frontier	100k	20	true		
ac-v1-02018	MS-n3-wXyyyyxyy	ACP-020347	ms_expanded	T1_easy	10k_final	18	true		
ac-v1-02019	INTLB-b4-477-1	ACP-038656	interleaved_b	T2_medium	100k	31	true		
ac-v1-02020	INTLB-b4-1991-0	ACP-046297	interleaved_b	T1_easy	10k_final	35	true		
ac-v1-02021	INTLB-b4-2652-1	ACP-042433	interleaved_b	T2_medium	100k	23	true		
ac-v1-02022	INTLB-b4-1505-1	ACP-045671	interleaved_b	T1_easy	10k_final	34	true		
ac-v1-02023	INTLB-b3t-310-0	ACP-044772	interleaved_b	T1_easy	10k_final	33	true		
ac-v1-02024	MS-n3-wXXyyxxY	ACP-008776	ms_expanded	T5_moonshot	100k	17	false	open	696
ac-v1-02025	INTLB-b4-2084-0	ACP-043729	interleaved_b	T1_easy	10k_final	30	true		
ac-v1-02026	INTLB-b4-1060-0	ACP-045955	interleaved_b	T1_easy	10k_final	25	true		
ac-v1-02027	INTLB-b4-2246-0	ACP-042155	interleaved_b	T2_medium	100k	26	true		
ac-v1-02028	INTLB-b3t-608-1	ACP-043640	interleaved_b	T1_easy	10k_final	26	true		
ac-v1-02029	AUTH-17_38-k1-0	ACP-034707	aut_hard	T5_moonshot	100k	18	true		
ac-v1-02030	INTLB-b4-1322-0	ACP-042429	interleaved_b	T2_medium	100k	33	true		
ac-v1-02031	INTLB-b4-1433-1	ACP-044926	interleaved_b	T1_easy	10k_final	32	true		
ac-v1-02032	MS-n5-wXYYYxy	ACP-023882	ms_expanded	T4_frontier	100k	20	true	open	404
ac-v1-02033	MS-n6-wXyxY	ACP-024905	ms_expanded	T1_easy	10k_final	20	true	uncertified	83
ac-v1-02034	INTLB-b3t-17-0	ACP-044804	interleaved_b	T1_easy	10k_final	21	true		
ac-v1-02035	INTLB-b4-2111-1	ACP-042018	interleaved_b	T2_medium	100k	29	true		
ac-v1-02036	MS-n9-wXXXYxYxYxY	ACP-031266	ms_expanded	T4_frontier	100k	32	true		
ac-v1-02037	INTLB-b4-2904-0	ACP-045139	interleaved_b	T3_hard_solvable	100k	32	true		
ac-v1-02038	INTLB-b4-2756-1	ACP-046687	interleaved_b	T2_medium	100k	34	true		
ac-v1-02039	INTLB-b4-1741-0	ACP-038146	interleaved_b	T1_easy	10k_final	33	true		
ac-v1-02040	INTLB-b3t-553-1	ACP-040394	interleaved_b	T1_easy	10k_final	35	true		
ac-v1-02041	INTLB-b3t-576-0	ACP-039544	interleaved_b	T1_easy	10k_final	28	true		
ac-v1-02042	INTLB-b3t-192-0	ACP-042388	interleaved_b	T1_easy	10k_final	23	true		
ac-v1-02043	MS-n10-wXyXYxxY	ACP-028131	ms_expanded	T4_frontier	100k	31	true		
ac-v1-02044	INTLB-b4-1047-0	ACP-043399	interleaved_b	T2_medium	100k	35	true		
ac-v1-02045	INTLB-b4-186-1	ACP-039406	interleaved_b	T1_easy	10k_final	30	true		
ac-v1-02046	INTLB-b3t-735-0	ACP-045360	interleaved_b	T3_hard_solvable	100k	31	true		
ac-v1-02047	INTLB-b3t-561-1	ACP-037430	interleaved_b	T1_easy	10k_final	35	true		
ac-v1-02048	AUTH-17_29-k1-1	ACP-007618	aut_hard	T5_moonshot	100k	21	true		
ac-v1-02049	MS-n8-wyyXyyyyxY	ACP-013546	ms_expanded	T2_medium	100k	29	true		
ac-v1-02050	INTLB-b3t-825-0	ACP-045777	interleaved_b	T1_easy	10k_final	35	true		
ac-v1-02051	INTLB-b4-3316-1	ACP-041167	interleaved_b	T3_hard_solvable	100k	25	true		
ac-v1-02052	MS-n4-wXXXyxxyxY	ACP-032192	ms_expanded	T4_frontier	100k	21	true		
ac-v1-02053	INTLB-b3t-115-0	ACP-039320	interleaved_b	T1_easy	10k_final	30	true		
ac-v1-02054	INTLB-b3t-22-1	ACP-046789	interleaved_b	T3_hard_solvable	100k	27	true		
ac-v1-02055	MS-n4-wYxyyXy	ACP-011044	ms_expanded	T4_frontier	100k	18	true	open	214
ac-v1-02056	MS-n7-wYYxYYXy	ACP-022094	ms_expanded	T4_frontier	100k	25	true	open	1141
ac-v1-02057	INTLB-b4-1119-1	ACP-038702	interleaved_b	T1_easy	10k_final	32	true		
ac-v1-02058	INTLB-b4-1749-0	ACP-044272	interleaved_b	T2_medium	100k	32	true		
ac-v1-02059	INTLB-b4-1316-0	ACP-038483	interleaved_b	T3_hard_solvable	100k	32	true		
ac-v1-02060	MS-n4-wXYYYYYYYxY	ACP-016967	ms_expanded	T1_easy	10k_final	22	true		
ac-v1-02061	INTL-b2-0-1	ACP-036260	interleaved	T0_warmup	10k_final	30	true		
ac-v1-02062	INTLB-b4-1113-1	ACP-040038	interleaved_b	T1_easy	10k_final	29	true		
ac-v1-02063	INTL-b4-155-1	ACP-020453	interleaved	T1_easy	10k_final	33	true		
ac-v1-02064	INTLB-b3t-270-0	ACP-044623	interleaved_b	T1_easy	10k_final	29	true		
ac-v1-02065	INTL-b4-201-0	ACP-015144	interleaved	T1_easy	10k_final	27	true		
ac-v1-02066	INTL-b4-2-0	ACP-019036	interleaved	T2_medium	100k	31	true		
ac-v1-02067	MS-n8-wYYYYYYY	ACP-016090	ms_expanded	T0_warmup	10k_final	27	true		
ac-v1-02068	INTLB-b4-2889-1	ACP-039087	interleaved_b	T2_medium	100k	29	true		
ac-v1-02069	INTLB-b4-310-1	ACP-040301	interleaved_b	T3_hard_solvable	100k	21	true		
ac-v1-02070	INTLB-b4-2040-0	ACP-037539	interleaved_b	T1_easy	10k_final	24	true		
ac-v1-02071	INTLB-b4-61-0	ACP-045101	interleaved_b	T3_hard_solvable	100k	36	true		
ac-v1-02072	INTLB-b4-107-1	ACP-045163	interleaved_b	T1_easy	10k_final	30	true		
ac-v1-02073	INTLB-b4-189-1	ACP-045606	interleaved_b	T1_easy	10k_final	28	true		
ac-v1-02074	AUTH-21_25-k1-0	ACP-021743	aut_hard	T5_moonshot	100k	31	true		
ac-v1-02075	MS-n6-wXyyxYYY	ACP-033499	ms_expanded	T4_frontier	100k	23	true	uncertified	706
ac-v1-02076	AUTH-AK(2)-k5-2	ACP-007240	aut_hard	T1_easy	10k_final	29	true		
ac-v1-02077	INTLB-b3t-828-1	ACP-037749	interleaved_b	T1_easy	10k_final	36	true		
ac-v1-02078	INTLB-b4-1687-0	ACP-040318	interleaved_b	T1_easy	10k_final	30	true		
ac-v1-02079	INTL-b1-64-1	ACP-011304	interleaved	T1_easy	10k_final	18	true		
ac-v1-02080	MS-n9-wYYXyxy	ACP-028595	ms_expanded	T4_frontier	100k	28	true		
ac-v1-02081	MS-n4-wXXYxYxYY	ACP-003719	ms_expanded	T4_frontier	100k	20	true		
ac-v1-02082	INTLB-b4-88-1	ACP-041762	interleaved_b	T3_hard_solvable	100k	32	true		
ac-v1-02083	INTLB-b4-2252-1	ACP-043407	interleaved_b	T2_medium	100k	31	true		
ac-v1-02084	MS-n4-wXXXyxYxxY	ACP-007777	ms_expanded	T4_frontier	100k	21	true		
ac-v1-02085	MS-n9-wXYYxY	ACP-014844	ms_expanded	T4_frontier	100k	27	true		
ac-v1-02086	AUTH-22_2-k0-0	ACP-015801	aut_hard	T5_moonshot	100k	22	true		
ac-v1-02087	INTLB-b4-630-0	ACP-037459	interleaved_b	T2_medium	100k	27	true		
ac-v1-02088	INTLB-b3t-70-0	ACP-041337	interleaved_b	T1_easy	10k_final	33	true		
ac-v1-02089	MS-n2-wXXYxxy	ACP-023831	ms_expanded	T5_moonshot	10k_final	14	true	open	359
ac-v1-02090	MS-n7-wYYYYYxYYXy	ACP-015913	ms_expanded	T2_medium	100k	28	true		
ac-v1-02091	MS-n2-wXXyxyyxY	ACP-025746	ms_expanded	T4_frontier	100k	16	true		
ac-v1-02092	INTL-b2-4-0	ACP-026509	interleaved	T1_easy	10k_final	33	true		
ac-v1-02093	MS-n6-wyXyyxY	ACP-034321	ms_expanded	T4_frontier	100k	22	true	open	272
ac-v1-02094	MS-n7-wXYxYYY	ACP-014064	ms_expanded	T4_frontier	100k	24	true	open	490
ac-v1-02095	INTLB-b4-141-0	ACP-037833	interleaved_b	T3_hard_solvable	100k	26	true		
ac-v1-02096	AUTH-17_25-k1-0	ACP-022838	aut_hard	T5_moonshot	100k	17	true		
ac-v1-02097	MS-n3-wXXXXYxxxxy	ACP-028221	ms_expanded	T4_frontier	100k	20	true		
ac-v1-02098	AUTH-24_2-k0-0	ACP-007616	aut_hard	T5_moonshot	100k	24	true		
ac-v1-02099	INTLB-b4-2094-1	ACP-044095	interleaved_b	T1_easy	10k_final	28	true		
ac-v1-02100	INTLB-b4-2007-0	ACP-040533	interleaved_b	T1_easy	10k_final	31	true		
ac-v1-02101	INTLB-b4-711-0	ACP-037827	interleaved_b	T3_hard_solvable	100k	32	true		
ac-v1-02102	INTLB-b3t-649-1	ACP-045470	interleaved_b	T2_medium	100k	31	true		
ac-v1-02103	INTLB-b3t-533-1	ACP-038642	interleaved_b	T1_easy	10k_final	31	true		
ac-v1-02104	INTLB-b4-721-1	ACP-046679	interleaved_b	T2_medium	100k	28	true		
ac-v1-02105	INTLB-b3t-262-0	ACP-047195	interleaved_b	T1_easy	10k_final	33	true		
ac-v1-02106	MS-n5-wXYxxYXy	ACP-017070	ms_expanded	T5_moonshot	100k	21	false	open	1167
ac-v1-02107	INTL-b4-209-0	ACP-025056	interleaved	T2_medium	100k	32	true		
ac-v1-02108	MS-n5-wXXyyxxy	ACP-033768	ms_expanded	T5_moonshot	100k	21	false	open	691
ac-v1-02109	INTLB-b3t-51-1	ACP-037939	interleaved_b	T1_easy	10k_final	28	true		
ac-v1-02110	INTLB-b4-2532-1	ACP-040123	interleaved_b	T3_hard_solvable	100k	31	true		
ac-v1-02111	MS-n5-wYXyxYY	ACP-027664	ms_expanded	T2_medium	100k	20	true	uncertified	327
ac-v1-02112	MS-n5-wXXXYxxYxyy	ACP-036187	ms_expanded	T4_frontier	100k	24	true		
ac-v1-02113	MS-n8-wXyxyyyy	ACP-032657	ms_expanded	T4_frontier	100k	27	true		
ac-v1-02114	INTLB-b4-1847-0	ACP-037306	interleaved_b	T2_medium	100k	32	true		
ac-v1-02115	INTLB-b4-2110-0	ACP-040445	interleaved_b	T1_easy	10k_final	31	true		
ac-v1-02116	INTLB-b3t-791-1	ACP-043754	interleaved_b	T1_easy	10k_final	35	true		
ac-v1-02117	MS-n10-wXXYXyxxxy	ACP-032317	ms_expanded	T4_frontier	100k	33	true		
ac-v1-02118	INTLB-b4-1536-1	ACP-040403	interleaved_b	T1_easy	10k_final	31	true		
ac-v1-02119	MS-n7-wYXYxYY	ACP-004170	ms_expanded	T4_frontier	100k	24	true	open	231
ac-v1-02120	INTLB-b3t-500-0	ACP-039237	interleaved_b	T1_easy	10k_final	31	true		
ac-v1-02121	INTLB-b4-2515-0	ACP-042009	interleaved_b	T2_medium	100k	29	true		
ac-v1-02122	INTLB-b4-1072-1	ACP-037910	interleaved_b	T1_easy	10k_final	28	true		
ac-v1-02123	INTL-b4-2-1	ACP-037112	interleaved	T2_medium	100k	29	true		
ac-v1-02124	INTLB-b3t-272-1	ACP-039373	interleaved_b	T1_easy	10k_final	31	true		
ac-v1-02125	MS-n5-wYXYxy	ACP-029660	ms_expanded	T1_easy	10k_final	19	true	uncertified	145
ac-v1-02126	MS-n5-wXXXYxxxy	ACP-009331	ms_expanded	T4_frontier	100k	22	true		
ac-v1-02127	INTLB-b3t-570-0	ACP-039363	interleaved_b	T1_easy	10k_final	26	true		
ac-v1-02128	INTLB-b4-1158-0	ACP-042760	interleaved_b	T1_easy	10k_final	25	true		
ac-v1-02129	INTLB-b4-2091-1	ACP-038826	interleaved_b	T1_easy	10k_final	35	true		
ac-v1-02130	INTLB-b4-1227-1	ACP-047084	interleaved_b	T1_easy	10k_final	33	true		
ac-v1-02131	INTLB-b4-1512-1	ACP-041033	interleaved_b	T3_hard_solvable	100k	29	true		
ac-v1-02132	INTLB-b4-2014-0	ACP-046071	interleaved_b	T1_easy	10k_final	30	true		
ac-v1-02133	MS-n2-wXXYxYYxYY	ACP-015433	ms_expanded	T4_frontier	100k	17	true		
ac-v1-02134	INTLB-b4-167-0	ACP-043664	interleaved_b	T3_hard_solvable	100k	31	true		
ac-v1-02135	INTL-b4-115-1	ACP-035968	interleaved	T2_medium	100k	19	true		
ac-v1-02136	INTLB-b4-3096-1	ACP-038376	interleaved_b	T2_medium	100k	31	true		
ac-v1-02137	INTLB-b4-2370-1	ACP-040547	interleaved_b	T2_medium	100k	35	true		
ac-v1-02138	INTLB-b4-2042-0	ACP-038616	interleaved_b	T3_hard_solvable	100k	25	true		
ac-v1-02139	INTLB-b4-3278-0	ACP-045651	interleaved_b	T3_hard_solvable	100k	31	true		
ac-v1-02140	INTLB-b3t-344-1	ACP-038318	interleaved_b	T1_easy	10k_final	27	true		
ac-v1-02141	INTLB-b4-690-1	ACP-040632	interleaved_b	T2_medium	100k	26	true		
ac-v1-02142	INTLB-b4-1109-1	ACP-040787	interleaved_b	T1_easy	10k_final	30	true		
ac-v1-02143	INTLB-b3t-811-0	ACP-039564	interleaved_b	T1_easy	10k_final	33	true		
ac-v1-02144	MS-n7-wYYxYXyy	ACP-036574	ms_expanded	T4_frontier	100k	25	true	open	749
ac-v1-02145	INTLB-b4-2889-0	ACP-041765	interleaved_b	T2_medium	100k	31	true		
ac-v1-02146	MS-n3-wXXyxxyy	ACP-002861	ms_expanded	T4_frontier	100k	17	true	open	969
ac-v1-02147	INTLB-b3t-446-1	ACP-041356	interleaved_b	T1_easy	10k_final	28	true		
ac-v1-02148	MS-n6-wyXyyyyyxy	ACP-007530	ms_expanded	T2_medium	100k	25	true		
ac-v1-02149	INTLB-b3t-93-1	ACP-038233	interleaved_b	T3_hard_solvable	100k	28	true		
ac-v1-02150	INTLB-b4-1920-1	ACP-043313	interleaved_b	T1_easy	10k_final	20	true		
ac-v1-02151	INTLB-b4-441-0	ACP-044771	interleaved_b	T3_hard_solvable	100k	29	true		
ac-v1-02152	INTLB-b4-1285-0	ACP-039789	interleaved_b	T1_easy	10k_final	35	true		
ac-v1-02153	INTL-b1-240-1	ACP-018199	interleaved	T1_easy	10k_final	35	true		
ac-v1-02154	INTLB-b4-2270-0	ACP-039611	interleaved_b	T3_hard_solvable	100k	23	true		
ac-v1-02155	INTLB-b4-1483-0	ACP-047097	interleaved_b	T1_easy	10k_final	28	true		
ac-v1-02156	INTLB-b3t-263-0	ACP-038590	interleaved_b	T1_easy	10k_final	29	true		
ac-v1-02157	INTLB-b3t-881-0	ACP-045242	interleaved_b	T1_easy	10k_final	27	true		
ac-v1-02158	INTLB-b4-2513-1	ACP-043592	interleaved_b	T2_medium	100k	24	true		
ac-v1-02159	MS-n3-wXXYXYxxxY	ACP-029812	ms_expanded	T4_frontier	100k	19	true		
ac-v1-02160	INTLB-b4-1998-0	ACP-044846	interleaved_b	T1_easy	10k_final	24	true		
ac-v1-02161	MS-n8-wXXXYYxxxyy	ACP-017630	ms_expanded	T4_frontier	100k	30	true		
ac-v1-02162	MS-n2-wXYxYYXYxy	ACP-025998	ms_expanded	T1_easy	10k_final	17	true		
ac-v1-02163	MS-n8-wYXyxyy	ACP-029429	ms_expanded	T4_frontier	100k	26	true		
ac-v1-02164	MS-n5-wXXXYxYxyxY	ACP-010362	ms_expanded	T4_frontier	100k	24	true		
ac-v1-02165	INTLB-b4-3329-0	ACP-046872	interleaved_b	T3_hard_solvable	100k	35	true		
ac-v1-02166	INTLB-b4-138-0	ACP-038633	interleaved_b	T2_medium	100k	35	true		
ac-v1-02167	INTLB-b4-3152-1	ACP-044025	interleaved_b	T2_medium	100k	29	true		
ac-v1-02168	AUTH-25_9-k1-0	ACP-028607	aut_hard	T5_moonshot	100k	37	true		
ac-v1-02169	INTLB-b3t-896-0	ACP-043345	interleaved_b	T1_easy	10k_final	30	true		
ac-v1-02170	INTLB-b4-1994-1	ACP-042449	interleaved_b	T1_easy	10k_final	29	true		
ac-v1-02171	INTLB-b4-1899-1	ACP-040292	interleaved_b	T1_easy	10k_final	29	true		
ac-v1-02172	MS-n6-wXXXyxxYxy	ACP-025824	ms_expanded	T4_frontier	100k	25	true		
ac-v1-02173	INTLB-b4-2075-1	ACP-045071	interleaved_b	T2_medium	100k	32	true		
ac-v1-02174	INTLB-b4-1223-1	ACP-046171	interleaved_b	T1_easy	10k_final	35	true		
ac-v1-02175	AUTH-22_4-k12-0	ACP-022287	aut_hard	T5_moonshot	100k	39	true		
ac-v1-02176	INTLB-b4-2732-0	ACP-040068	interleaved_b	T3_hard_solvable	100k	36	true		
ac-v1-02177	INTLB-b4-1440-1	ACP-044989	interleaved_b	T1_easy	10k_final	31	true		
ac-v1-02178	MS-n2-wXYXYxYxy	ACP-014350	ms_expanded	T4_frontier	100k	16	true		
ac-v1-02179	INTL-b4-100-1	ACP-007524	interleaved	T3_hard_solvable	100k	28	true		
ac-v1-02180	INTLB-b3t-615-0	ACP-042507	interleaved_b	T2_medium	100k	35	true		
ac-v1-02181	INTLB-b4-2322-1	ACP-040561	interleaved_b	T2_medium	100k	27	true		
ac-v1-02182	INTLB-b4-1678-0	ACP-040112	interleaved_b	T1_easy	10k_final	31	true		
ac-v1-02183	MS-n5-wXyxxYXy	ACP-019829	ms_expanded	T5_moonshot	100k	21	false	open	1020
ac-v1-02184	INTL-b4-164-1	ACP-008559	interleaved	T3_hard_solvable	100k	19	true		
ac-v1-02185	INTLB-b4-1029-1	ACP-042015	interleaved_b	T1_easy	10k_final	33	true		
ac-v1-02186	INTLB-b4-1948-1	ACP-041144	interleaved_b	T3_hard_solvable	100k	29	true		
ac-v1-02187	INTLB-b4-1727-0	ACP-043155	interleaved_b	T1_easy	10k_final	31	true		
ac-v1-02188	AUTH-19_22-k1-2	ACP-027389	aut_hard	T5_moonshot	100k	19	true		
ac-v1-02189	MS-n4-wyxyXyyy	ACP-026954	ms_expanded	T5_moonshot	10k_final	19	false	open	557
ac-v1-02190	MS-n4-wXyxYY	ACP-032394	ms_expanded	T4_frontier	100k	17	true	open	137
ac-v1-02191	MS-n5-wYYXYYYxYYY	ACP-029374	ms_expanded	T1_easy	10k_final	24	true		
ac-v1-02192	INTLB-b3t-547-1	ACP-044323	interleaved_b	T1_easy	10k_final	26	true		
ac-v1-02193	MS-n5-wXXYYxYYxy	ACP-005331	ms_expanded	T4_frontier	100k	23	true		
ac-v1-02194	INTLB-b4-2759-0	ACP-039378	interleaved_b	T3_hard_solvable	100k	26	true		
ac-v1-02195	MS-n3-wXYYYxYXYxy	ACP-005556	ms_expanded	T1_easy	10k_final	20	true		
ac-v1-02196	MS-n4-wYXyxYYY	ACP-029350	ms_expanded	T4_frontier	100k	19	true	open	1075
ac-v1-02197	INTL-b4-181-0	ACP-031005	interleaved	T2_medium	100k	31	true		
ac-v1-02198	INTL-b2-175-1	ACP-009077	interleaved	T1_easy	10k_final	31	true		
ac-v1-02199	INTLB-b3t-627-1	ACP-039993	interleaved_b	T1_easy	10k_final	33	true		
ac-v1-02200	INTLB-b3t-925-0	ACP-040519	interleaved_b	T1_easy	10k_final	35	true		
ac-v1-02201	INTLB-b4-1472-1	ACP-039339	interleaved_b	T1_easy	10k_final	32	true		
ac-v1-02202	INTLB-b3t-270-1	ACP-047063	interleaved_b	T1_easy	10k_final	30	true		
ac-v1-02203	MS-n10-wXXYYxyxY	ACP-033600	ms_expanded	T4_frontier	100k	32	true		
ac-v1-02204	INTL-b4-108-0	ACP-032323	interleaved	T1_easy	10k_final	19	true		
ac-v1-02205	INTLB-b4-1998-1	ACP-041565	interleaved_b	T3_hard_solvable	100k	36	true		
ac-v1-02206	INTLB-b4-239-1	ACP-042742	interleaved_b	T2_medium	100k	28	true		
ac-v1-02207	MS-n10-wXXyxYxyy	ACP-018666	ms_expanded	T4_frontier	100k	32	true		
ac-v1-02208	MS-n6-wXXYYYxxy	ACP-027193	ms_expanded	T4_frontier	100k	24	true		
ac-v1-02209	INTL-b3-0-1	ACP-036136	interleaved	T1_easy	10k_final	19	true		
ac-v1-02210	INTLB-b4-1486-1	ACP-042245	interleaved_b	T1_easy	10k_final	29	true		
ac-v1-02211	INTLB-b3t-394-0	ACP-042908	interleaved_b	T1_easy	10k_final	29	true		
ac-v1-02212	MS-n7-wXXYYxyxY	ACP-027223	ms_expanded	T4_frontier	100k	26	true		
ac-v1-02213	INTLB-b3t-298-1	ACP-043539	interleaved_b	T1_easy	10k_final	26	true		
ac-v1-02214	MS-n2-wXYXYYxyxY	ACP-031447	ms_expanded	T1_easy	10k_final	17	true		
ac-v1-02215	INTLB-b3t-709-0	ACP-042148	interleaved_b	T1_easy	10k_final	23	true		
ac-v1-02216	MS-n2-wXYxxyXY	ACP-024145	ms_expanded	T5_moonshot	100k	15	false	open	835
ac-v1-02217	AUTH-15_6-k0-0	ACP-018632	aut_hard	T5_moonshot	100k	15	true		
ac-v1-02218	INTLB-b3t-422-1	ACP-045806	interleaved_b	T1_easy	10k_final	31	true		
ac-v1-02219	INTL-b4-103-1	ACP-008106	interleaved	T2_medium	100k	21	true		
ac-v1-02220	INTLB-b4-1240-0	ACP-041156	interleaved_b	T1_easy	10k_final	31	true		
ac-v1-02221	INTLB-b4-2202-0	ACP-041945	interleaved_b	T1_easy	10k_final	30	true		
ac-v1-02222	INTLB-b4-1075-1	ACP-045714	interleaved_b	T1_easy	10k_final	30	true		
ac-v1-02223	MS-n6-wYxyyXy	ACP-003190	ms_expanded	T4_frontier	100k	22	true	open	216
ac-v1-02224	INTLB-b4-1522-0	ACP-046519	interleaved_b	T1_easy	10k_final	32	true		
ac-v1-02225	MS-n3-wXXYYxYYxy	ACP-032159	ms_expanded	T4_frontier	100k	19	true		
ac-v1-02226	INTLB-b3t-612-0	ACP-037863	interleaved_b	T1_easy	10k_final	26	true		
ac-v1-02227	AUTH-17_18-k1-2	ACP-023668	aut_hard	T5_moonshot	100k	17	true		
ac-v1-02228	INTLB-b4-777-0	ACP-044438	interleaved_b	T3_hard_solvable	100k	31	true		
ac-v1-02229	MS-n5-wXXyyyxxY	ACP-012352	ms_expanded	T4_frontier	100k	22	true		
ac-v1-02230	INTLB-b4-2435-0	ACP-041279	interleaved_b	T2_medium	100k	20	true		
ac-v1-02231	INTLB-b3t-638-1	ACP-039129	interleaved_b	T1_easy	10k_final	28	true		
ac-v1-02232	MS-n9-wYYXYxy	ACP-011082	ms_expanded	T4_frontier	100k	28	true		
ac-v1-02233	MS-n9-wXXXYxYYxxy	ACP-016120	ms_expanded	T4_frontier	100k	32	true		
ac-v1-02234	MS-n4-wXYxyy	ACP-028883	ms_expanded	T4_frontier	100k	17	true	open	88
ac-v1-02235	MS-n5-wYYXYxYYY	ACP-023622	ms_expanded	T1_easy	10k_final	22	true		
ac-v1-02236	MS-n7-wyXyxyyyy	ACP-009002	ms_expanded	T1_easy	10k_final	26	true		
ac-v1-02237	INTLB-b4-2851-1	ACP-041990	interleaved_b	T2_medium	100k	26	true		
ac-v1-02238	MS-n5-wXXXYxYYxxy	ACP-023139	ms_expanded	T4_frontier	100k	24	true		
ac-v1-02239	INTLB-b3t-265-1	ACP-042195	interleaved_b	T1_easy	10k_final	29	true		
ac-v1-02240	INTLB-b3t-692-1	ACP-047049	interleaved_b	T1_easy	10k_final	31	true		
ac-v1-02241	INTLB-b4-1747-1	ACP-037997	interleaved_b	T3_hard_solvable	100k	31	true		
ac-v1-02242	INTLB-b4-1226-1	ACP-039355	interleaved_b	T1_easy	10k_final	35	true		
ac-v1-02243	INTLB-b4-1004-0	ACP-046486	interleaved_b	T1_easy	10k_final	34	true		
ac-v1-02244	MS-n7-wyXyyxY	ACP-000218	ms_expanded	T4_frontier	100k	24	true	open	273
ac-v1-02245	INTLB-b4-3186-1	ACP-040154	interleaved_b	T3_hard_solvable	100k	36	true		
ac-v1-02246	INTLB-b4-1781-0	ACP-038574	interleaved_b	T3_hard_solvable	100k	32	true		
ac-v1-02247	AUTH-16_9-k1-1	ACP-012178	aut_hard	T5_moonshot	100k	19	true		
ac-v1-02248	AUTH-21_8-k1-2	ACP-029947	aut_hard	T5_moonshot	100k	21	true		
ac-v1-02249	AUTH-17_3-k1-3	ACP-033142	aut_hard	T5_moonshot	100k	23	true		
ac-v1-02250	MS-n10-wXXYXyxxxY	ACP-006991	ms_expanded	T4_frontier	100k	33	true		
ac-v1-02251	INTLB-b3t-890-1	ACP-038993	interleaved_b	T1_easy	10k_final	28	true		
ac-v1-02252	INTLB-b3t-396-1	ACP-041668	interleaved_b	T1_easy	10k_final	29	true		
ac-v1-02253	INTLB-b3t-519-0	ACP-040532	interleaved_b	T1_easy	10k_final	21	true		
ac-v1-02254	INTLB-b3t-184-0	ACP-047058	interleaved_b	T1_easy	10k_final	27	true		
ac-v1-02255	MS-n3-wXyyxyyy	ACP-007686	ms_expanded	T5_moonshot	10k_final	17	false	open	654
ac-v1-02256	MS-n4-wXXyyyxxY	ACP-012268	ms_expanded	T4_frontier	100k	20	true		
ac-v1-02257	INTLB-b4-1109-0	ACP-044834	interleaved_b	T1_easy	10k_final	35	true		
ac-v1-02258	INTLB-b4-600-0	ACP-040721	interleaved_b	T2_medium	100k	26	true		
ac-v1-02259	INTLB-b4-1941-0	ACP-045698	interleaved_b	T1_easy	10k_final	31	true		
ac-v1-02260	MS-n9-wXXXYxYYxxY	ACP-014567	ms_expanded	T4_frontier	100k	32	true		
ac-v1-02261	INTLB-b4-2116-1	ACP-038682	interleaved_b	T3_hard_solvable	100k	29	true		
ac-v1-02262	INTLB-b4-1547-0	ACP-041382	interleaved_b	T1_easy	10k_final	22	true		
ac-v1-02263	INTLB-b4-2157-0	ACP-046760	interleaved_b	T3_hard_solvable	100k	33	true		
ac-v1-02264	INTLB-b4-1273-0	ACP-043584	interleaved_b	T1_easy	10k_final	28	true		
ac-v1-02265	INTLB-b4-546-1	ACP-039667	interleaved_b	T2_medium	100k	30	true		
ac-v1-02266	MS-n7-wXXyxyxy	ACP-018368	ms_expanded	T5_moonshot	100k	25	false	open	539
ac-v1-02267	INTLB-b3t-426-0	ACP-041978	interleaved_b	T2_medium	100k	25	true		
ac-v1-02268	MS-n10-wXyXyxxY	ACP-016176	ms_expanded	T4_frontier	100k	31	true		
ac-v1-02269	INTLB-b4-52-1	ACP-038409	interleaved_b	T3_hard_solvable	100k	29	true		
ac-v1-02270	MS-n9-wXXyxYYxY	ACP-018067	ms_expanded	T4_frontier	100k	30	true		
ac-v1-02271	MS-n6-wXYxxyXY	ACP-019699	ms_expanded	T5_moonshot	100k	23	false	open	839
ac-v1-02272	AUTH-19_43-k0-0	ACP-001280	aut_hard	T5_moonshot	100k	19	true		
ac-v1-02273	INTLB-b3t-419-1	ACP-044173	interleaved_b	T3_hard_solvable	100k	32	true		
ac-v1-02274	MS-n10-wXXXYxxxyy	ACP-021748	ms_expanded	T4_frontier	100k	33	true		
ac-v1-02275	INTLB-b4-1248-0	ACP-043719	interleaved_b	T1_easy	10k_final	24	true		
ac-v1-02276	INTLB-b4-2534-1	ACP-045491	interleaved_b	T3_hard_solvable	100k	28	true		
ac-v1-02277	INTLB-b3t-406-1	ACP-045165	interleaved_b	T1_easy	10k_final	30	true		
ac-v1-02278	INTLB-b4-1817-1	ACP-041402	interleaved_b	T3_hard_solvable	100k	27	true		
ac-v1-02279	MS-n4-wXXYYxYYxy	ACP-035243	ms_expanded	T4_frontier	100k	21	true		
ac-v1-02280	INTLB-b3t-748-1	ACP-038879	interleaved_b	T2_medium	100k	35	true		
ac-v1-02281	MS-n7-wYxyXyy	ACP-037203	ms_expanded	T2_medium	100k	24	true	uncertified	301
ac-v1-02282	AUTH-16_5-k1-0	ACP-032424	aut_hard	T5_moonshot	100k	17	true		
ac-v1-02283	INTLB-b4-589-1	ACP-042930	interleaved_b	T3_hard_solvable	100k	34	true		
ac-v1-02284	INTLB-b3t-726-0	ACP-046064	interleaved_b	T1_easy	10k_final	30	true		
ac-v1-02285	INTLB-b3t-381-1	ACP-039794	interleaved_b	T1_easy	10k_final	28	true		
ac-v1-02286	MS-n6-wXXXYxyxYxY	ACP-017032	ms_expanded	T4_frontier	100k	26	true		
ac-v1-02287	INTLB-b4-1514-0	ACP-043007	interleaved_b	T2_medium	100k	31	true		
ac-v1-02288	INTLB-b4-1068-1	ACP-046151	interleaved_b	T1_easy	10k_final	31	true		
ac-v1-02289	INTL-b3-135-1	ACP-013320	interleaved	T1_easy	10k_final	31	true		
ac-v1-02290	AUTH-19_31-k12-0	ACP-021053	aut_hard	T5_moonshot	100k	34	true		
ac-v1-02291	MS-n7-wXYXyxxy	ACP-023549	ms_expanded	T5_moonshot	100k	25	false	open	1008
ac-v1-02292	MS-n2-wXXYxYYxy	ACP-032258	ms_expanded	T4_frontier	100k	16	true		
ac-v1-02293	MS-n2-wXXXYYYxxxY	ACP-007358	ms_expanded	T4_frontier	100k	18	true		
ac-v1-02294	INTLB-b4-1712-1	ACP-045732	interleaved_b	T1_easy	10k_final	33	true		
ac-v1-02295	INTLB-b4-183-1	ACP-040537	interleaved_b	T1_easy	10k_final	27	true		
ac-v1-02296	INTLB-b4-821-1	ACP-042138	interleaved_b	T2_medium	100k	25	true		
ac-v1-02297	INTLB-b4-3556-1	ACP-046317	interleaved_b	T2_medium	100k	31	true		
ac-v1-02298	MS-n6-wXXYYxxYY	ACP-008312	ms_expanded	T4_frontier	100k	24	true		
ac-v1-02299	AUTH-23_20-k1-0	ACP-010273	aut_hard	T5_moonshot	100k	23	true		
ac-v1-02300	INTLB-b4-1856-0	ACP-045283	interleaved_b	T1_easy	10k_final	27	true		
ac-v1-02301	INTLB-b3t-830-0	ACP-044316	interleaved_b	T1_easy	10k_final	36	true		
ac-v1-02302	INTLB-b4-1095-0	ACP-040612	interleaved_b	T1_easy	10k_final	30	true		
ac-v1-02303	INTLB-b4-2281-0	ACP-047064	interleaved_b	T3_hard_solvable	100k	31	true		
ac-v1-02304	INTL-b2-246-1	ACP-000346	interleaved	T1_easy	10k_final	35	true		
ac-v1-02305	INTLB-b4-1936-0	ACP-042988	interleaved_b	T1_easy	10k_final	27	true		
ac-v1-02306	INTLB-b4-51-0	ACP-045338	interleaved_b	T3_hard_solvable	100k	33	true		
ac-v1-02307	MS-n8-wXXXYYxxxY	ACP-022648	ms_expanded	T4_frontier	100k	29	true		
ac-v1-02308	INTLB-b3t-335-1	ACP-041612	interleaved_b	T1_easy	10k_final	31	true		
ac-v1-02309	AUTH-19_3-k12-0	ACP-001778	aut_hard	T5_moonshot	100k	20	true		
ac-v1-02310	INTLB-b4-211-1	ACP-041688	interleaved_b	T1_easy	10k_final	31	true		
ac-v1-02311	INTLB-b3t-388-0	ACP-038089	interleaved_b	T1_easy	10k_final	24	true		
ac-v1-02312	INTLB-b4-2525-0	ACP-043480	interleaved_b	T3_hard_solvable	100k	31	true		
ac-v1-02313	INTLB-b4-1214-0	ACP-045643	interleaved_b	T1_easy	10k_final	25	true		
ac-v1-02314	INTLB-b4-1402-1	ACP-043722	interleaved_b	T1_easy	10k_final	34	true		
ac-v1-02315	INTL-b2-126-1	ACP-022832	interleaved	T1_easy	10k_final	17	true		
ac-v1-02316	MS-n3-wXXYYYxyyxY	ACP-018989	ms_expanded	T1_easy	10k_final	20	true		
ac-v1-02317	MS-n8-wXyyyyxyyyy	ACP-015923	ms_expanded	T1_easy	10k_final	30	true		
ac-v1-02318	MS-n6-wYXyxYY	ACP-014034	ms_expanded	T4_frontier	100k	22	true	open	328
ac-v1-02319	MS-n3-wXyXYxxY	ACP-025034	ms_expanded	T5_moonshot	100k	17	false	open	1116
ac-v1-02320	INTL-b2-207-1	ACP-007552	interleaved	T1_easy	10k_final	28	true		
ac-v1-02321	MS-n8-wyXyyxy	ACP-001646	ms_expanded	T4_frontier	100k	26	true		
ac-v1-02322	MS-n4-wXyyxY	ACP-018819	ms_expanded	T0_warmup	10k_final	17	true	uncertified	158
ac-v1-02323	MS-n10-wXyyyxY	ACP-001945	ms_expanded	T4_frontier	100k	30	true		
ac-v1-02324	MS-n10-wXXXYxxYYxY	ACP-016133	ms_expanded	T4_frontier	100k	34	true		
ac-v1-02325	INTLB-b4-113-0	ACP-044893	interleaved_b	T3_hard_solvable	100k	27	true		
ac-v1-02326	INTLB-b3t-478-0	ACP-043413	interleaved_b	T1_easy	10k_final	35	true		
ac-v1-02327	INTLB-b4-2891-0	ACP-045701	interleaved_b	T2_medium	100k	25	true		
ac-v1-02328	MS-n9-wXXXyxyxxy	ACP-027327	ms_expanded	T4_frontier	100k	31	true		
ac-v1-02329	INTLB-b3t-779-1	ACP-039603	interleaved_b	T1_easy	10k_final	26	true		
ac-v1-02330	MS-n6-wyXyyxyy	ACP-033813	ms_expanded	T4_frontier	100k	23	false	open	664
ac-v1-02331	INTLB-b4-1189-0	ACP-039912	interleaved_b	T1_easy	10k_final	28	true		
ac-v1-02332	MS-n2-wXXYXyxxxY	ACP-032465	ms_expanded	T4_frontier	100k	17	true		
ac-v1-02333	INTLB-b4-1486-0	ACP-043891	interleaved_b	T1_easy	10k_final	32	true		
ac-v1-02334	AUTH-20_1-k0-0	ACP-021157	aut_hard	T5_moonshot	100k	20	true		
ac-v1-02335	INTLB-b4-487-0	ACP-039146	interleaved_b	T3_hard_solvable	100k	20	true		
ac-v1-02336	INTL-b4-172-1	ACP-002817	interleaved	T1_easy	10k_final	29	true		
ac-v1-02337	INTLB-b3t-45-0	ACP-037375	interleaved_b	T1_easy	10k_final	24	true		
ac-v1-02338	INTLB-b3t-541-0	ACP-039637	interleaved_b	T1_easy	10k_final	24	true		
ac-v1-02339	INTLB-b4-2367-1	ACP-039866	interleaved_b	T2_medium	100k	25	true		
ac-v1-02340	INTLB-b3t-0-1	ACP-044087	interleaved_b	T1_easy	10k_final	31	true		
ac-v1-02341	INTL-b2-147-0	ACP-017282	interleaved	T1_easy	10k_final	29	true		
ac-v1-02342	INTLB-b3t-824-0	ACP-046624	interleaved_b	T1_easy	10k_final	31	true		
ac-v1-02343	INTL-b4-128-1	ACP-013635	interleaved	T2_medium	100k	21	true		
ac-v1-02344	INTLB-b3t-281-0	ACP-046327	interleaved_b	T1_easy	10k_final	33	true		
ac-v1-02345	INTL-b3-171-0	ACP-013709	interleaved	T1_easy	10k_final	31	true		
ac-v1-02346	MS-n6-wyXyyxYY	ACP-005547	ms_expanded	T1_easy	10k_final	23	true	uncertified	755
ac-v1-02347	INTLB-b3t-834-1	ACP-039798	interleaved_b	T1_easy	10k_final	30	true		
ac-v1-02348	MS-n6-wXYxxYXY	ACP-035705	ms_expanded	T4_frontier	100k	23	true	open	846
ac-v1-02349	MS-n5-wyXyyxy	ACP-005062	ms_expanded	T4_frontier	100k	20	true	open	495
ac-v1-02350	INTLB-b4-1927-0	ACP-037473	interleaved_b	T2_medium	100k	27	true		
ac-v1-02351	INTLB-b4-1849-0	ACP-040237	interleaved_b	T3_hard_solvable	100k	24	true		
ac-v1-02352	INTLB-b3t-305-1	ACP-038040	interleaved_b	T1_easy	10k_final	24	true		
ac-v1-02353	INTLB-b4-1940-1	ACP-042053	interleaved_b	T3_hard_solvable	100k	29	true		
ac-v1-02354	MS-n7-wYYYxyXy	ACP-019784	ms_expanded	T4_frontier	100k	25	true	open	1148
ac-v1-02355	INTLB-b4-1518-1	ACP-039567	interleaved_b	T2_medium	100k	33	true		
ac-v1-02356	MS-n3-wXXXYxyxYxY	ACP-011344	ms_expanded	T4_frontier	100k	20	true		
ac-v1-02357	INTLB-b4-1934-0	ACP-045980	interleaved_b	T1_easy	10k_final	21	true		
ac-v1-02358	AUTH-25_13-k1-3	ACP-029082	aut_hard	T5_moonshot	100k	25	true		
ac-v1-02359	INTLB-b4-1042-0	ACP-041796	interleaved_b	T1_easy	10k_final	21	true		
ac-v1-02360	INTLB-b4-2722-0	ACP-044005	interleaved_b	T2_medium	100k	28	true		
ac-v1-02361	INTLB-b4-312-1	ACP-046082	interleaved_b	T2_medium	100k	33	true		
ac-v1-02362	INTLB-b3t-138-0	ACP-038299	interleaved_b	T1_easy	10k_final	23	true		
ac-v1-02363	MS-n6-wXXXyxyxxY	ACP-009371	ms_expanded	T4_frontier	100k	25	true		
ac-v1-02364	INTLB-b3t-801-0	ACP-040096	interleaved_b	T1_easy	10k_final	33	true		
ac-v1-02365	INTLB-b4-1582-1	ACP-039190	interleaved_b	T1_easy	10k_final	30	true		
ac-v1-02366	INTLB-b4-1495-1	ACP-042770	interleaved_b	T2_medium	100k	31	true		
ac-v1-02367	MS-n9-wXyxYY	ACP-005832	ms_expanded	T4_frontier	100k	27	true		
ac-v1-02368	INTLB-b3t-643-1	ACP-045059	interleaved_b	T1_easy	10k_final	32	true		
ac-v1-02369	INTLB-b4-2527-0	ACP-046973	interleaved_b	T3_hard_solvable	100k	32	true		
ac-v1-02370	AUTH-17_42-k1-0	ACP-008558	aut_hard	T5_moonshot	100k	17	true		
ac-v1-02371	MS-n8-wYYXyyxYY	ACP-028081	ms_expanded	T1_easy	10k_final	28	true		
ac-v1-02372	INTLB-b3t-830-1	ACP-042226	interleaved_b	T1_easy	10k_final	29	true		
ac-v1-02373	INTLB-b3t-716-0	ACP-042141	interleaved_b	T1_easy	10k_final	31	true		
ac-v1-02374	INTLB-b4-1988-1	ACP-042063	interleaved_b	T3_hard_solvable	100k	28	true		
ac-v1-02375	INTLB-b4-1083-1	ACP-039353	interleaved_b	T1_easy	10k_final	27	true		
ac-v1-02376	INTLB-b4-1366-0	ACP-040265	interleaved_b	T1_easy	10k_final	32	true		
ac-v1-02377	MS-n5-wXYxYY	ACP-035785	ms_expanded	T4_frontier	100k	19	true	open	117
ac-v1-02378	INTLB-b3t-564-0	ACP-040358	interleaved_b	T1_easy	10k_final	33	true		
ac-v1-02379	INTLB-b4-1983-0	ACP-042092	interleaved_b	T2_medium	100k	31	true		
ac-v1-02380	INTLB-b3t-69-1	ACP-037393	interleaved_b	T1_easy	10k_final	25	true		
ac-v1-02381	INTLB-b3t-205-1	ACP-044677	interleaved_b	T1_easy	10k_final	29	true		
ac-v1-02382	MS-n6-wXYxxYXy	ACP-020215	ms_expanded	T5_moonshot	100k	23	false	open	1168
ac-v1-02383	INTLB-b4-1830-1	ACP-043938	interleaved_b	T1_easy	10k_final	31	true		
ac-v1-02384	INTLB-b3t-42-0	ACP-043516	interleaved_b	T1_easy	10k_final	33	true		
ac-v1-02385	INTLB-b4-1999-1	ACP-037962	interleaved_b	T1_easy	10k_final	31	true		
ac-v1-02386	INTLB-b4-1630-0	ACP-045068	interleaved_b	T3_hard_solvable	100k	28	true		
ac-v1-02387	MS-n4-wXYXYYYYxxY	ACP-011175	ms_expanded	T1_easy	10k_final	22	true		
ac-v1-02388	MS-n4-wXyxYYYYYY	ACP-031296	ms_expanded	T1_easy	10k_final	21	true		
ac-v1-02389	INTLB-b4-435-0	ACP-045779	interleaved_b	T3_hard_solvable	100k	32	true		
ac-v1-02390	INTLB-b3t-692-0	ACP-040173	interleaved_b	T2_medium	100k	29	true		
ac-v1-02391	INTLB-b4-2234-0	ACP-042343	interleaved_b	T1_easy	10k_final	31	true		
ac-v1-02392	INTLB-b4-1382-1	ACP-045865	interleaved_b	T3_hard_solvable	100k	34	true		
ac-v1-02393	INTLB-b4-188-1	ACP-045889	interleaved_b	T1_easy	10k_final	35	true		
ac-v1-02394	MS-n2-wXYYxxYXYY	ACP-024093	ms_expanded	T1_easy	10k_final	17	true		
ac-v1-02395	INTLB-b4-1784-0	ACP-045901	interleaved_b	T2_medium	100k	30	true		
ac-v1-02396	INTLB-b4-555-0	ACP-039331	interleaved_b	T2_medium	100k	31	true		
ac-v1-02397	INTLB-b3t-862-0	ACP-045913	interleaved_b	T1_easy	10k_final	34	true		
ac-v1-02398	AUTH-19_20-k1-0	ACP-033970	aut_hard	T5_moonshot	100k	25	true		
ac-v1-02399	MS-n5-wXyxyy	ACP-014426	ms_expanded	T4_frontier	100k	19	true	open	173
ac-v1-02400	INTLB-b4-3183-0	ACP-038128	interleaved_b	T2_medium	100k	31	true		
ac-v1-02401	MS-n4-wYYXYxY	ACP-021269	ms_expanded	T5_moonshot	100k	18	false	open	235
ac-v1-02402	INTLB-b4-3162-1	ACP-046233	interleaved_b	T3_hard_solvable	100k	30	true		
ac-v1-02403	INTLB-b4-1808-0	ACP-041932	interleaved_b	T1_easy	10k_final	19	true		
ac-v1-02404	INTLB-b3t-100-1	ACP-046308	interleaved_b	T1_easy	10k_final	21	true		
ac-v1-02405	INTL-b4-7-1	ACP-015910	interleaved	T3_hard_solvable	100k	26	true		
ac-v1-02406	INTL-b2-293-0	ACP-007297	interleaved	T1_easy	10k_final	33	true		
ac-v1-02407	MS-n5-wXXYYxxY	ACP-009723	ms_expanded	T5_moonshot	100k	21	true	open	572
ac-v1-02408	INTLB-b4-216-1	ACP-044884	interleaved_b	T1_easy	10k_final	29	true		
ac-v1-02409	INTLB-b4-1814-0	ACP-046869	interleaved_b	T1_easy	10k_final	24	true		
ac-v1-02410	INTLB-b3t-410-0	ACP-041006	interleaved_b	T1_easy	10k_final	25	true		
ac-v1-02411	INTLB-b4-2214-1	ACP-041494	interleaved_b	T2_medium	100k	31	true		
ac-v1-02412	MS-n4-wXXYxxy	ACP-018784	ms_expanded	T5_moonshot	100k	18	true	open	361
ac-v1-02413	INTLB-b4-2434-0	ACP-045667	interleaved_b	T2_medium	100k	29	true		
ac-v1-02414	MS-n2-wXYxYxyXY	ACP-025498	ms_expanded	T4_frontier	100k	16	true		
ac-v1-02415	MS-n4-wYxYYXyy	ACP-018773	ms_expanded	T4_frontier	100k	19	true	open	739
ac-v1-02416	MS-n6-wYxYXyy	ACP-022942	ms_expanded	T5_moonshot	100k	22	false	open	265
ac-v1-02417	INTLB-b4-3162-0	ACP-041231	interleaved_b	T2_medium	100k	20	true		
ac-v1-02418	MS-n9-wYXyxy	ACP-010752	ms_expanded	T4_frontier	100k	27	true		
ac-v1-02419	INTLB-b4-1245-0	ACP-038077	interleaved_b	T1_easy	10k_final	31	true		
ac-v1-02420	INTLB-b3t-391-0	ACP-037676	interleaved_b	T1_easy	10k_final	34	true		
ac-v1-02421	MS-n8-wXYYYYYYxYY	ACP-023540	ms_expanded	T2_medium	100k	30	true		
ac-v1-02422	MS-n2-wXYXyxxy	ACP-020712	ms_expanded	T5_moonshot	10k_final	15	false	open	1003
ac-v1-02423	INTLB-b3t-309-1	ACP-046104	interleaved_b	T1_easy	10k_final	29	true		
ac-v1-02424	INTL-b4-216-0	ACP-022036	interleaved	T1_easy	10k_final	29	true		
ac-v1-02425	AUTH-19_9-k1-0	ACP-009796	aut_hard	T5_moonshot	100k	25	true		
ac-v1-02426	INTLB-b3t-108-1	ACP-045286	interleaved_b	T1_easy	10k_final	35	true		
ac-v1-02427	MS-n2-wXXXYxxyxyy	ACP-026885	ms_expanded	T4_frontier	100k	18	true		
ac-v1-02428	MS-n9-wXXXYxyxxY	ACP-009320	ms_expanded	T4_frontier	100k	31	true		
ac-v1-02429	MS-n5-wXXYYxyxy	ACP-025519	ms_expanded	T4_frontier	100k	22	true		
ac-v1-02430	INTLB-b4-3493-1	ACP-040303	interleaved_b	T2_medium	100k	35	true		
ac-v1-02431	INTLB-b4-3298-0	ACP-039470	interleaved_b	T3_hard_solvable	100k	25	true		
ac-v1-02432	INTLB-b3t-196-0	ACP-045821	interleaved_b	T1_easy	10k_final	31	true		
ac-v1-02433	INTLB-b4-52-0	ACP-040663	interleaved_b	T3_hard_solvable	100k	30	true		
ac-v1-02434	INTLB-b4-1624-1	ACP-039869	interleaved_b	T2_medium	100k	29	true		
ac-v1-02435	INTLB-b3t-108-0	ACP-044924	interleaved_b	T1_easy	10k_final	29	true		
ac-v1-02436	INTLB-b4-523-1	ACP-040609	interleaved_b	T3_hard_solvable	100k	33	true		
ac-v1-02437	AUTH-23_23-k1-0	ACP-006583	aut_hard	T5_moonshot	100k	23	true		
ac-v1-02438	INTLB-b3t-550-0	ACP-045843	interleaved_b	T1_easy	10k_final	35	true		
ac-v1-02439	INTLB-b4-40-0	ACP-040376	interleaved_b	T2_medium	100k	36	true		
ac-v1-02440	INTLB-b4-1001-0	ACP-038335	interleaved_b	T0_warmup	10k_final	25	true		
ac-v1-02441	INTLB-b3t-496-1	ACP-042707	interleaved_b	T3_hard_solvable	100k	35	true		
ac-v1-02442	INTLB-b3t-512-1	ACP-044193	interleaved_b	T1_easy	10k_final	32	true		
ac-v1-02443	AUTH-19_11-k12-0	ACP-014862	aut_hard	T5_moonshot	100k	35	true		
ac-v1-02444	INTLB-b4-2992-0	ACP-044744	interleaved_b	T2_medium	100k	35	true		
ac-v1-02445	INTL-b2-18-1	ACP-003489	interleaved	T1_easy	10k_final	27	true		
ac-v1-02446	INTLB-b4-1204-0	ACP-039437	interleaved_b	T1_easy	10k_final	30	true		
ac-v1-02447	INTLB-b3t-934-0	ACP-046919	interleaved_b	T1_easy	10k_final	27	true		
ac-v1-02448	INTLB-b4-1438-1	ACP-037246	interleaved_b	T2_medium	100k	30	true		
ac-v1-02449	INTLB-b4-2056-0	ACP-043814	interleaved_b	T3_hard_solvable	100k	29	true		
ac-v1-02450	INTLB-b4-2182-0	ACP-042706	interleaved_b	T2_medium	100k	33	true		
ac-v1-02451	INTLB-b4-106-1	ACP-042294	interleaved_b	T1_easy	10k_final	20	true		
ac-v1-02452	INTL-b2-10-1	ACP-007474	interleaved	T1_easy	10k_final	25	true		
ac-v1-02453	INTLB-b4-1871-0	ACP-038806	interleaved_b	T1_easy	10k_final	36	true		
ac-v1-02454	MS-n8-wYYYxyyyXy	ACP-020854	ms_expanded	T1_easy	10k_final	29	true		
ac-v1-02455	INTLB-b4-1071-0	ACP-046848	interleaved_b	T1_easy	10k_final	30	true		
ac-v1-02456	INTLB-b3t-611-0	ACP-045311	interleaved_b	T1_easy	10k_final	29	true		
ac-v1-02457	MS-n10-wXXyxyxY	ACP-005339	ms_expanded	T4_frontier	100k	31	true		
ac-v1-02458	INTLB-b4-2624-0	ACP-046502	interleaved_b	T2_medium	100k	27	true		
ac-v1-02459	MS-n6-wXXXYxxYYxY	ACP-010069	ms_expanded	T4_frontier	100k	26	true		
ac-v1-02460	AUTH-19_10-k1-0	ACP-012028	aut_hard	T5_moonshot	100k	27	true		
ac-v1-02461	INTLB-b4-1785-1	ACP-037707	interleaved_b	T1_easy	10k_final	30	true		
ac-v1-02462	INTLB-b4-1680-1	ACP-037728	interleaved_b	T1_easy	10k_final	24	true		
ac-v1-02463	INTLB-b3t-523-0	ACP-046391	interleaved_b	T1_easy	10k_final	19	true		
ac-v1-02464	MS-n10-wXXYYxYYxy	ACP-016659	ms_expanded	T4_frontier	100k	33	true		
ac-v1-02465	INTLB-b4-2151-0	ACP-041301	interleaved_b	T1_easy	10k_final	24	true		
ac-v1-02466	INTL-b4-244-0	ACP-029828	interleaved	T1_easy	10k_final	23	true		
ac-v1-02467	MS-n3-wYYYXYxYY	ACP-017149	ms_expanded	T1_easy	10k_final	18	true		
ac-v1-02468	AUTH-17_21-k0-0	ACP-001760	aut_hard	T5_moonshot	100k	17	true		
ac-v1-02469	INTLB-b3t-417-1	ACP-043253	interleaved_b	T2_medium	100k	30	true		
ac-v1-02470	INTLB-b4-681-0	ACP-043441	interleaved_b	T3_hard_solvable	100k	31	true		
ac-v1-02471	INTLB-b4-2217-1	ACP-045855	interleaved_b	T2_medium	100k	24	true		
ac-v1-02472	INTLB-b3t-168-0	ACP-044792	interleaved_b	T1_easy	10k_final	22	true		
ac-v1-02473	INTLB-b3t-705-1	ACP-044543	interleaved_b	T1_easy	10k_final	29	true		
ac-v1-02474	INTLB-b4-1763-1	ACP-038140	interleaved_b	T1_easy	10k_final	24	true		
ac-v1-02475	MS-n8-wXXXYxxYxY	ACP-005620	ms_expanded	T4_frontier	100k	29	true		
ac-v1-02476	MS-n8-wYXYxy	ACP-017852	ms_expanded	T2_medium	100k	25	true		
ac-v1-02477	MS-n6-wXXXYYxxyxY	ACP-002454	ms_expanded	T4_frontier	100k	26	true		
ac-v1-02478	INTLB-b4-182-1	ACP-038478	interleaved_b	T1_easy	10k_final	31	true		
ac-v1-02479	INTLB-b3t-87-1	ACP-037861	interleaved_b	T1_easy	10k_final	27	true		
ac-v1-02480	MS-n8-wXXYYYYxxY	ACP-030962	ms_expanded	T4_frontier	100k	29	true		
ac-v1-02481	INTLB-b4-1352-0	ACP-037239	interleaved_b	T3_hard_solvable	100k	23	true		
ac-v1-02482	AUTH-18_3-k1-0	ACP-026601	aut_hard	T5_moonshot	100k	25	true		
ac-v1-02483	MS-n5-wXyyxyyy	ACP-017155	ms_expanded	T1_easy	10k_final	21	true	uncertified	656
ac-v1-02484	INTLB-b4-233-0	ACP-043968	interleaved_b	T2_medium	100k	27	true		
ac-v1-02485	MS-n6-wYYYYXYYYxY	ACP-032498	ms_expanded	T2_medium	100k	26	true		
ac-v1-02486	MS-n9-wXXXYxYxxy	ACP-015256	ms_expanded	T4_frontier	100k	31	true		
ac-v1-02487	MS-n10-wXXXYxyxxy	ACP-021797	ms_expanded	T4_frontier	100k	33	true		
ac-v1-02488	INTLB-b4-204-1	ACP-037408	interleaved_b	T1_easy	10k_final	27	true		
ac-v1-02489	AUTH-20_1-k1-0	ACP-007813	aut_hard	T5_moonshot	100k	29	true		
ac-v1-02490	INTLB-b3t-300-1	ACP-038412	interleaved_b	T1_easy	10k_final	24	true		
ac-v1-02491	INTLB-b4-2028-0	ACP-044662	interleaved_b	T1_easy	10k_final	31	true		
ac-v1-02492	INTLB-b4-1357-0	ACP-042797	interleaved_b	T2_medium	100k	25	true		
ac-v1-02493	INTLB-b4-1617-0	ACP-044640	interleaved_b	T1_easy	10k_final	33	true		
ac-v1-02494	INTLB-b4-2121-0	ACP-044541	interleaved_b	T1_easy	10k_final	33	true		
ac-v1-02495	AUTH-22_10-k0-0	ACP-011992	aut_hard	T5_moonshot	100k	22	true		
ac-v1-02496	INTLB-b4-217-0	ACP-044881	interleaved_b	T1_easy	10k_final	28	true		
ac-v1-02497	INTLB-b4-2243-0	ACP-042469	interleaved_b	T3_hard_solvable	100k	31	true		
ac-v1-02498	INTLB-b4-1710-0	ACP-039170	interleaved_b	T3_hard_solvable	100k	20	true		
ac-v1-02499	INTLB-b4-1782-0	ACP-043628	interleaved_b	T3_hard_solvable	100k	30	true		
ac-v1-02500	MS-n9-wXYxYYYY	ACP-014924	ms_expanded	T4_frontier	100k	29	true		
ac-v1-02501	INTLB-b3t-451-0	ACP-040266	interleaved_b	T1_easy	10k_final	35	true		
ac-v1-02502	INTLB-b4-2778-0	ACP-042583	interleaved_b	T2_medium	100k	36	true		
ac-v1-02503	AUTH-19_14-k1-0	ACP-015458	aut_hard	T5_moonshot	100k	19	true		
ac-v1-02504	MS-n10-wXXXYxxYxY	ACP-035474	ms_expanded	T4_frontier	100k	33	true		
ac-v1-02505	INTLB-b3t-700-1	ACP-040163	interleaved_b	T1_easy	10k_final	26	true		
ac-v1-02506	MS-n5-wXXXYxYxYxY	ACP-017430	ms_expanded	T4_frontier	100k	24	true		
ac-v1-02507	INTL-b4-92-1	ACP-006637	interleaved	T2_medium	100k	30	true		
ac-v1-02508	INTLB-b4-774-1	ACP-037362	interleaved_b	T2_medium	100k	23	true		
ac-v1-02509	AUTH-25_9-k1-1	ACP-033564	aut_hard	T5_moonshot	100k	39	true		
ac-v1-02510	INTLB-b4-1497-1	ACP-046888	interleaved_b	T1_easy	10k_final	27	true		
ac-v1-02511	INTLB-b3t-531-0	ACP-043560	interleaved_b	T1_easy	10k_final	29	true		
ac-v1-02512	INTLB-b3t-904-1	ACP-040251	interleaved_b	T1_easy	10k_final	29	true		
ac-v1-02513	INTLB-b4-2060-1	ACP-045329	interleaved_b	T1_easy	10k_final	35	true		
ac-v1-02514	INTLB-b4-1716-1	ACP-044975	interleaved_b	T2_medium	100k	29	true		
ac-v1-02515	MS-n7-wYYYYXYYxyy	ACP-012158	ms_expanded	T2_medium	100k	28	true		
ac-v1-02516	MS-n5-wXXXYxYxyxy	ACP-007484	ms_expanded	T4_frontier	100k	24	true		
ac-v1-02517	INTLB-b3t-724-1	ACP-042130	interleaved_b	T1_easy	10k_final	34	true		
ac-v1-02518	INTLB-b3t-654-0	ACP-040570	interleaved_b	T1_easy	10k_final	33	true		
ac-v1-02519	INTLB-b4-1195-0	ACP-037658	interleaved_b	T1_easy	10k_final	31	true		
ac-v1-02520	INTLB-b4-289-0	ACP-038700	interleaved_b	T3_hard_solvable	100k	25	true		
ac-v1-02521	MS-n6-wXXXYxxyxyy	ACP-006072	ms_expanded	T4_frontier	100k	26	true		
ac-v1-02522	MS-n3-wXXXyxxxyy	ACP-015498	ms_expanded	T4_frontier	100k	19	true		
ac-v1-02523	INTLB-b4-2227-0	ACP-044314	interleaved_b	T2_medium	100k	32	true		
ac-v1-02524	INTLB-b3t-615-1	ACP-042614	interleaved_b	T1_easy	10k_final	34	true		
ac-v1-02525	INTL-b3-155-1	ACP-009750	interleaved	T1_easy	10k_final	33	true		
ac-v1-02526	INTLB-b3t-887-0	ACP-040830	interleaved_b	T1_easy	10k_final	34	true		
ac-v1-02527	MS-n6-wXXXYYxYxxy	ACP-020060	ms_expanded	T4_frontier	100k	26	true		
ac-v1-02528	INTLB-b4-1247-1	ACP-037977	interleaved_b	T1_easy	10k_final	29	true		
ac-v1-02529	AUTH-25_29-k12-0	ACP-006028	aut_hard	T5_moonshot	100k	32	true		
ac-v1-02530	INTLB-b4-2159-1	ACP-039196	interleaved_b	T1_easy	10k_final	30	true		
ac-v1-02531	INTLB-b3t-783-1	ACP-039553	interleaved_b	T1_easy	10k_final	33	true		
ac-v1-02532	INTLB-b4-1804-1	ACP-043897	interleaved_b	T1_easy	10k_final	28	true		
ac-v1-02533	INTLB-b3t-767-1	ACP-037651	interleaved_b	T1_easy	10k_final	25	true		
ac-v1-02534	MS-n2-wXXXYYxxxYY	ACP-000950	ms_expanded	T4_frontier	100k	18	true		
ac-v1-02535	INTLB-b4-629-1	ACP-045939	interleaved_b	T2_medium	100k	30	true		
ac-v1-02536	INTL-b4-239-1	ACP-023869	interleaved	T3_hard_solvable	100k	28	true		
ac-v1-02537	INTL-b4-178-1	ACP-001625	interleaved	T2_medium	100k	30	true		
ac-v1-02538	INTLB-b3t-709-1	ACP-045506	interleaved_b	T1_easy	10k_final	29	true		
ac-v1-02539	INTLB-b4-2713-1	ACP-042830	interleaved_b	T2_medium	100k	19	true		
ac-v1-02540	INTLB-b4-2026-1	ACP-047012	interleaved_b	T2_medium	100k	23	true		
ac-v1-02541	AUTH-20_1-k1-2	ACP-036208	aut_hard	T5_moonshot	100k	29	true		
ac-v1-02542	INTLB-b4-1898-0	ACP-040392	interleaved_b	T3_hard_solvable	100k	31	true		
ac-v1-02543	INTLB-b4-632-0	ACP-046815	interleaved_b	T2_medium	100k	27	true		
ac-v1-02544	INTLB-b4-3806-0	ACP-045954	interleaved_b	T2_medium	100k	32	true		
ac-v1-02545	INTLB-b4-1955-0	ACP-042639	interleaved_b	T3_hard_solvable	100k	33	true		
ac-v1-02546	INTLB-b3t-132-1	ACP-046763	interleaved_b	T1_easy	10k_final	27	true		
ac-v1-02547	INTL-b4-49-0	ACP-015413	interleaved	T3_hard_solvable	100k	33	true		
ac-v1-02548	INTLB-b4-2585-0	ACP-040614	interleaved_b	T2_medium	100k	31	true		
ac-v1-02549	MS-n10-wyXyyxY	ACP-032707	ms_expanded	T4_frontier	100k	30	true		
ac-v1-02550	INTLB-b3t-181-1	ACP-040874	interleaved_b	T1_easy	10k_final	35	true		
ac-v1-02551	INTLB-b4-111-0	ACP-038605	interleaved_b	T1_easy	10k_final	31	true		
ac-v1-02552	MS-n5-wXyyyyxYYYY	ACP-006858	ms_expanded	T1_easy	10k_final	24	true		
ac-v1-02553	INTLB-b4-1714-0	ACP-047186	interleaved_b	T2_medium	100k	27	true		
ac-v1-02554	AUTH-15_8-k1-1	ACP-020571	aut_hard	T5_moonshot	100k	17	true		
ac-v1-02555	MS-n2-wXYxxYYXy	ACP-012872	ms_expanded	T4_frontier	100k	16	true		
ac-v1-02556	INTLB-b4-2455-0	ACP-037867	interleaved_b	T3_hard_solvable	100k	33	true		
ac-v1-02557	INTLB-b4-572-1	ACP-043160	interleaved_b	T2_medium	100k	33	true		
ac-v1-02558	INTLB-b3t-598-1	ACP-042855	interleaved_b	T1_easy	10k_final	31	true		
ac-v1-02559	INTLB-b4-1339-1	ACP-041983	interleaved_b	T1_easy	10k_final	27	true		
ac-v1-02560	INTLB-b4-55-0	ACP-046801	interleaved_b	T2_medium	100k	31	true		
ac-v1-02561	INTLB-b4-1124-0	ACP-038629	interleaved_b	T1_easy	10k_final	27	true		
ac-v1-02562	INTLB-b3t-56-0	ACP-041109	interleaved_b	T2_medium	100k	34	true		
ac-v1-02563	MS-n2-wXXyxyxY	ACP-014265	ms_expanded	T5_moonshot	100k	15	true	open	527
ac-v1-02564	INTLB-b4-1530-1	ACP-046250	interleaved_b	T1_easy	10k_final	25	true		
ac-v1-02565	INTLB-b4-1314-0	ACP-042476	interleaved_b	T2_medium	100k	27	true		
ac-v1-02566	MS-n6-wXXXyxxxyy	ACP-006271	ms_expanded	T4_frontier	100k	25	true		
ac-v1-02567	INTLB-b4-2957-1	ACP-045569	interleaved_b	T3_hard_solvable	100k	30	true		
ac-v1-02568	MS-n8-wXYXYxxy	ACP-005092	ms_expanded	T4_frontier	100k	27	true		
ac-v1-02569	INTL-b4-195-1	ACP-023303	interleaved	T2_medium	100k	29	true		
ac-v1-02570	INTLB-b4-3464-0	ACP-043670	interleaved_b	T2_medium	100k	33	true		
ac-v1-02571	MS-n4-wYXyxyy	ACP-011787	ms_expanded	T4_frontier	100k	18	true	open	438
ac-v1-02572	MS-n4-wXXYYYYxxY	ACP-015253	ms_expanded	T5_moonshot	100k	21	true		
ac-v1-02573	MS-n5-wXXyxyxYY	ACP-032612	ms_expanded	T4_frontier	100k	22	true		
ac-v1-02574	INTLB-b4-166-1	ACP-037968	interleaved_b	T1_easy	10k_final	21	true		
ac-v1-02575	AUTH-19_34-k0-0	ACP-016472	aut_hard	T5_moonshot	100k	19	true		
ac-v1-02576	AUTH-15_11-k0-0	ACP-020910	aut_hard	T5_moonshot	100k	15	true		
ac-v1-02577	INTLB-b4-1172-0	ACP-042723	interleaved_b	T1_easy	10k_final	33	true		
ac-v1-02578	AUTH-21_28-k1-3	ACP-009041	aut_hard	T5_moonshot	100k	21	true		
ac-v1-02579	INTL-b3-141-0	ACP-012410	interleaved	T1_easy	10k_final	31	true		
ac-v1-02580	MS-n9-wXXYxyxyy	ACP-030678	ms_expanded	T4_frontier	100k	30	true		
ac-v1-02581	AUTH-21_39-k1-0	ACP-006542	aut_hard	T5_moonshot	100k	22	true		
ac-v1-02582	INTLB-b4-55-1	ACP-039290	interleaved_b	T3_hard_solvable	100k	34	true		
ac-v1-02583	INTL-b4-149-0	ACP-031710	interleaved	T3_hard_solvable	100k	22	true		
ac-v1-02584	INTLB-b4-3087-0	ACP-038755	interleaved_b	T2_medium	100k	29	true		
ac-v1-02585	INTLB-b4-541-0	ACP-040465	interleaved_b	T2_medium	100k	28	true		
ac-v1-02586	MS-n5-wXXyxYxyy	ACP-012858	ms_expanded	T4_frontier	100k	22	true		
ac-v1-02587	INTLB-b3t-409-0	ACP-041031	interleaved_b	T1_easy	10k_final	26	true		
ac-v1-02588	INTLB-b4-606-0	ACP-038690	interleaved_b	T2_medium	100k	31	true		
ac-v1-02589	INTLB-b4-2982-1	ACP-044719	interleaved_b	T2_medium	100k	31	true		
ac-v1-02590	INTLB-b3t-435-0	ACP-042537	interleaved_b	T1_easy	10k_final	27	true		
ac-v1-02591	MS-n4-wyxYXyy	ACP-030032	ms_expanded	T1_easy	10k_final	18	true	uncertified	312
ac-v1-02592	INTLB-b4-880-0	ACP-042842	interleaved_b	T2_medium	100k	26	true		
ac-v1-02593	MS-n6-wYYXyyyxy	ACP-008561	ms_expanded	T1_easy	10k_final	24	true		
ac-v1-02594	INTLB-b3t-567-0	ACP-038127	interleaved_b	T1_easy	10k_final	23	true		
ac-v1-02595	INTLB-b3t-633-0	ACP-040599	interleaved_b	T1_easy	10k_final	23	true		
ac-v1-02596	MS-n10-wXXyxYxYY	ACP-009023	ms_expanded	T4_frontier	100k	32	true		
ac-v1-02597	MS-n9-wXXyyxyxY	ACP-029807	ms_expanded	T4_frontier	100k	30	true		
ac-v1-02598	MS-n4-wXXyyxxy	ACP-014476	ms_expanded	T4_frontier	100k	19	true	open	690
ac-v1-02599	MS-n9-wXXXyxxxY	ACP-029639	ms_expanded	T4_frontier	100k	30	true		
ac-v1-02600	MS-n2-wXyxxyXY	ACP-015754	ms_expanded	T4_frontier	100k	15	true	open	989
ac-v1-02601	INTLB-b3t-88-0	ACP-046470	interleaved_b	T1_easy	10k_final	31	true		
ac-v1-02602	AUTH-19_35-k1-0	ACP-002895	aut_hard	T5_moonshot	100k	19	true		
ac-v1-02603	INTLB-b3t-443-0	ACP-038877	interleaved_b	T1_easy	10k_final	21	true		
ac-v1-02604	INTLB-b3t-757-0	ACP-041613	interleaved_b	T1_easy	10k_final	25	true		
ac-v1-02605	MS-n4-wYYXYYxY	ACP-024479	ms_expanded	T1_easy	10k_final	19	true	uncertified	788
ac-v1-02606	INTLB-b3t-139-1	ACP-038630	interleaved_b	T1_easy	10k_final	24	true		
ac-v1-02607	INTLB-b4-3208-0	ACP-045174	interleaved_b	T3_hard_solvable	100k	31	true		
ac-v1-02608	INTLB-b3t-114-1	ACP-040979	interleaved_b	T1_easy	10k_final	27	true		
ac-v1-02609	INTLB-b4-19-1	ACP-041260	interleaved_b	T2_medium	100k	33	true		
ac-v1-02610	INTL-b4-131-1	ACP-031193	interleaved	T1_easy	10k_final	19	true		
ac-v1-02611	INTLB-b3t-535-0	ACP-037621	interleaved_b	T1_easy	10k_final	31	true		
ac-v1-02612	INTL-b3-121-1	ACP-032645	interleaved	T1_easy	10k_final	33	true		
ac-v1-02613	INTLB-b3t-173-1	ACP-045211	interleaved_b	T1_easy	10k_final	29	true		
ac-v1-02614	AUTH-21_3-k1-1	ACP-031825	aut_hard	T5_moonshot	100k	29	true		
ac-v1-02615	INTLB-b4-1634-1	ACP-038443	interleaved_b	T1_easy	10k_final	29	true		
ac-v1-02616	INTLB-b4-2419-0	ACP-037639	interleaved_b	T2_medium	100k	28	true		
ac-v1-02617	MS-n4-wYXYxY	ACP-027953	ms_expanded	T5_moonshot	100k	17	true	open	130
ac-v1-02618	INTL-b2-210-0	ACP-018809	interleaved	T2_medium	100k	33	true		
ac-v1-02619	AUTH-21_24-k1-2	ACP-003715	aut_hard	T5_moonshot	100k	29	true		
ac-v1-02620	MS-n5-wXXYYxyxY	ACP-019041	ms_expanded	T4_frontier	100k	22	true		
ac-v1-02621	MS-n5-wYXyyyxyy	ACP-023859	ms_expanded	T1_easy	10k_final	22	true		
ac-v1-02622	MS-n8-wXXXyxyxxY	ACP-015547	ms_expanded	T4_frontier	100k	29	true		
ac-v1-02623	INTLB-b3t-860-1	ACP-044428	interleaved_b	T1_easy	10k_final	24	true		
ac-v1-02624	INTLB-b3t-797-0	ACP-046311	interleaved_b	T1_easy	10k_final	35	true		
ac-v1-02625	INTLB-b4-2123-1	ACP-040999	interleaved_b	T1_easy	10k_final	30	true		
ac-v1-02626	INTLB-b3t-90-1	ACP-038608	interleaved_b	T1_easy	10k_final	29	true		
ac-v1-02627	INTL-b4-22-0	ACP-003942	interleaved	T3_hard_solvable	100k	35	true		
ac-v1-02628	INTLB-b4-1147-0	ACP-042191	interleaved_b	T1_easy	10k_final	29	true		
ac-v1-02629	INTLB-b3t-506-0	ACP-044293	interleaved_b	T1_easy	10k_final	32	true		
ac-v1-02630	MS-n9-wXYYYxyy	ACP-003118	ms_expanded	T4_frontier	100k	29	true		
ac-v1-02631	AUTH-19_49-k1-0	ACP-005792	aut_hard	T5_moonshot	100k	26	true		
ac-v1-02632	INTL-b2-149-0	ACP-016668	interleaved	T1_easy	10k_final	27	true		
ac-v1-02633	MS-n7-wXXXyxyxxy	ACP-032584	ms_expanded	T4_frontier	100k	27	true		
ac-v1-02634	MS-n10-wYYY	ACP-013055	ms_expanded	T0_warmup	10k_final	27	true		
ac-v1-02635	INTLB-b4-2746-1	ACP-043661	interleaved_b	T2_medium	100k	31	true		
ac-v1-02636	MS-n7-wXXXYxxYYxy	ACP-027077	ms_expanded	T4_frontier	100k	28	true		
ac-v1-02637	INTLB-b3t-877-0	ACP-039949	interleaved_b	T1_easy	10k_final	30	true		
ac-v1-02638	MS-n10-wYYYYYxyXyy	ACP-016407	ms_expanded	T1_easy	10k_final	34	true		
ac-v1-02639	MS-n5-wXXXYxxyyxY	ACP-018863	ms_expanded	T4_frontier	100k	24	true		
ac-v1-02640	INTL-b4-233-1	ACP-026473	interleaved	T2_medium	100k	31	true		
ac-v1-02641	MS-n7-wYXYxyyyy	ACP-007906	ms_expanded	T1_easy	10k_final	26	true		
ac-v1-02642	INTL-b3-142-0	ACP-018298	interleaved	T1_easy	10k_final	18	true		
ac-v1-02643	INTLB-b4-1291-0	ACP-042950	interleaved_b	T1_easy	10k_final	32	true		
ac-v1-02644	INTLB-b3t-451-1	ACP-039219	interleaved_b	T1_easy	10k_final	32	true		
ac-v1-02645	AUTH-21_27-k12-0	ACP-028673	aut_hard	T5_moonshot	100k	22	true		
ac-v1-02646	INTLB-b4-1853-1	ACP-040623	interleaved_b	T2_medium	100k	31	true		
ac-v1-02647	INTLB-b4-2814-0	ACP-037549	interleaved_b	T2_medium	100k	32	true		
ac-v1-02648	MS-n4-wXXyxxYYYYY	ACP-000755	ms_expanded	T5_moonshot	10k_final	22	true		
ac-v1-02649	INTL-b4-143-1	ACP-007428	interleaved	T1_easy	10k_final	31	true		
ac-v1-02650	MS-n3-wXXXYxxYYxy	ACP-019997	ms_expanded	T4_frontier	100k	20	true		
ac-v1-02651	MS-n3-wXXXYYxxYxy	ACP-004621	ms_expanded	T4_frontier	100k	20	true		
ac-v1-02652	INTLB-b3t-7-1	ACP-043346	interleaved_b	T1_easy	10k_final	29	true		
ac-v1-02653	INTLB-b4-384-1	ACP-047061	interleaved_b	T3_hard_solvable	100k	21	true		
ac-v1-02654	MS-n7-wXXXXYxxxxY	ACP-025385	ms_expanded	T4_frontier	100k	28	true		
ac-v1-02655	INTLB-b4-1007-1	ACP-045601	interleaved_b	T1_easy	10k_final	31	true		
ac-v1-02656	INTLB-b3t-283-1	ACP-041499	interleaved_b	T1_easy	10k_final	33	true		
ac-v1-02657	MS-n3-wXyyyyxY	ACP-006825	ms_expanded	T1_easy	10k_final	17	true	uncertified	591
ac-v1-02658	INTLB-b4-1889-0	ACP-043653	interleaved_b	T1_easy	10k_final	28	true		
ac-v1-02659	INTLB-b4-1527-0	ACP-038496	interleaved_b	T2_medium	100k	33	true		
ac-v1-02660	MS-n4-wYXyyxyy	ACP-013131	ms_expanded	T1_easy	10k_final	19	true	uncertified	669
ac-v1-02661	MS-n3-wXXYYYxYYxY	ACP-004405	ms_expanded	T0_warmup	10k_final	20	true		
ac-v1-02662	INTLB-b4-1462-0	ACP-044851	interleaved_b	T1_easy	10k_final	24	true		
ac-v1-02663	INTLB-b4-3061-1	ACP-046590	interleaved_b	T2_medium	100k	34	true		
ac-v1-02664	MS-n10-wXXYYxYxy	ACP-000561	ms_expanded	T4_frontier	100k	32	true		
ac-v1-02665	MS-n1-wXXXYxYYxxy	ACP-025938	ms_expanded	T1_easy	10k_final	16	true		
ac-v1-02666	INTLB-b3t-204-0	ACP-044642	interleaved_b	T1_easy	10k_final	33	true		
ac-v1-02667	MS-n3-wXXyxxyyy	ACP-030329	ms_expanded	T4_frontier	100k	18	true		
ac-v1-02668	INTLB-b4-1868-0	ACP-041592	interleaved_b	T3_hard_solvable	100k	29	true		
ac-v1-02669	MS-n6-wYXyyyyyxy	ACP-026963	ms_expanded	T2_medium	100k	25	true		
ac-v1-02670	INTLB-b4-126-0	ACP-045905	interleaved_b	T1_easy	10k_final	31	true		
ac-v1-02671	INTL-b4-105-0	ACP-036506	interleaved	T1_easy	10k_final	29	true		
ac-v1-02672	INTLB-b3t-784-1	ACP-037273	interleaved_b	T1_easy	10k_final	26	true		
ac-v1-02673	INTLB-b4-1265-1	ACP-046074	interleaved_b	T1_easy	10k_final	29	true		
ac-v1-02674	AUTH-19_6-k12-0	ACP-028204	aut_hard	T5_moonshot	100k	22	true		
ac-v1-02675	INTLB-b4-1962-1	ACP-041450	interleaved_b	T3_hard_solvable	100k	33	true		
ac-v1-02676	INTLB-b4-1559-0	ACP-046676	interleaved_b	T3_hard_solvable	100k	31	true		
ac-v1-02677	MS-n9-wXXYYYxxY	ACP-032002	ms_expanded	T4_frontier	100k	30	true		
ac-v1-02678	MS-n6-wYYXyyxY	ACP-022906	ms_expanded	T4_frontier	100k	23	true	open	727
ac-v1-02679	MS-n3-wXXYxyxYY	ACP-001756	ms_expanded	T4_frontier	100k	18	true		
ac-v1-02680	INTLB-b4-2079-1	ACP-040357	interleaved_b	T1_easy	10k_final	27	true		
ac-v1-02681	AUTH-25_7-k1-2	ACP-013623	aut_hard	T5_moonshot	100k	39	true		
ac-v1-02682	MS-n8-wyXyyyyxYYY	ACP-006409	ms_expanded	T1_easy	10k_final	30	true		
ac-v1-02683	MS-n3-wXXyxyyxy	ACP-031926	ms_expanded	T4_frontier	100k	18	true		
ac-v1-02684	INTLB-b4-773-0	ACP-046684	interleaved_b	T3_hard_solvable	100k	23	true		
ac-v1-02685	INTLB-b4-2083-1	ACP-041446	interleaved_b	T1_easy	10k_final	31	true		
ac-v1-02686	INTLB-b4-514-1	ACP-039102	interleaved_b	T2_medium	100k	32	true		
ac-v1-02687	MS-n8-wXXYxxYYY	ACP-020204	ms_expanded	T4_frontier	100k	28	true		
ac-v1-02688	MS-n2-wXXXYxYxYxY	ACP-029324	ms_expanded	T4_frontier	100k	18	true		
ac-v1-02689	MS-n6-wYXyxy	ACP-011472	ms_expanded	T5_moonshot	10k_final	21	true	open	104
ac-v1-02690	INTLB-b3t-311-1	ACP-038559	interleaved_b	T1_easy	10k_final	31	true		
ac-v1-02691	AUTH-20_7-k12-0	ACP-012691	aut_hard	T5_moonshot	100k	37	true		
ac-v1-02692	INTL-b3-52-0	ACP-016824	interleaved	T3_hard_solvable	100k	33	true		
ac-v1-02693	INTLB-b4-1294-1	ACP-046923	interleaved_b	T1_easy	10k_final	28	true		
ac-v1-02694	INTLB-b3t-317-1	ACP-046224	interleaved_b	T1_easy	10k_final	29	true		
ac-v1-02695	INTLB-b4-2958-0	ACP-046318	interleaved_b	T3_hard_solvable	100k	31	true		
ac-v1-02696	INTLB-b3t-498-0	ACP-041196	interleaved_b	T3_hard_solvable	100k	23	true		
ac-v1-02697	INTLB-b4-2967-1	ACP-038405	interleaved_b	T2_medium	100k	29	true		
ac-v1-02698	MS-n2-wXYXyxyxy	ACP-016153	ms_expanded	T4_frontier	100k	16	true		
ac-v1-02699	INTLB-b3t-82-0	ACP-046118	interleaved_b	T1_easy	10k_final	32	true		
ac-v1-02700	INTLB-b3t-544-1	ACP-041539	interleaved_b	T1_easy	10k_final	29	true		
ac-v1-02701	INTLB-b4-1448-0	ACP-039717	interleaved_b	T1_easy	10k_final	31	true		
ac-v1-02702	INTLB-b3t-568-0	ACP-041258	interleaved_b	T3_hard_solvable	100k	25	true		
ac-v1-02703	INTL-b4-121-1	ACP-017171	interleaved	T1_easy	10k_final	22	true		
ac-v1-02704	INTLB-b3t-923-1	ACP-039900	interleaved_b	T1_easy	10k_final	33	true		
ac-v1-02705	INTLB-b4-1991-1	ACP-038609	interleaved_b	T3_hard_solvable	100k	32	true		
ac-v1-02706	MS-n8-wXXyxxyy	ACP-013091	ms_expanded	T4_frontier	100k	27	true		
ac-v1-02707	AUTH-19_12-k1-3	ACP-016899	aut_hard	T5_moonshot	100k	27	true		
ac-v1-02708	INTLB-b3t-691-1	ACP-044703	interleaved_b	T1_easy	10k_final	33	true		
ac-v1-02709	INTLB-b4-3339-0	ACP-041128	interleaved_b	T3_hard_solvable	100k	30	true		
ac-v1-02710	MS-n4-wYYXyxy	ACP-005988	ms_expanded	T5_moonshot	10k_final	18	false	open	347
ac-v1-02711	MS-n10-wXXXyxyxxY	ACP-005501	ms_expanded	T4_frontier	100k	33	true		
ac-v1-02712	INTLB-b4-409-1	ACP-044523	interleaved_b	T2_medium	100k	31	true		
ac-v1-02713	INTLB-b4-3323-0	ACP-046567	interleaved_b	T3_hard_solvable	100k	29	true		
ac-v1-02714	INTLB-b4-2955-1	ACP-037731	interleaved_b	T2_medium	100k	32	true		
ac-v1-02715	INTL-b4-215-0	ACP-026641	interleaved	T3_hard_solvable	100k	35	true		
ac-v1-02716	INTLB-b4-2718-0	ACP-047132	interleaved_b	T2_medium	100k	26	true		
ac-v1-02717	INTLB-b4-2775-1	ACP-040825	interleaved_b	T2_medium	100k	31	true		
ac-v1-02718	INTLB-b4-2932-0	ACP-044667	interleaved_b	T2_medium	100k	24	true		
ac-v1-02719	INTLB-b4-2562-1	ACP-040738	interleaved_b	T2_medium	100k	29	true		
ac-v1-02720	AUTH-19_2-k1-0	ACP-005862	aut_hard	T5_moonshot	100k	26	true		
ac-v1-02721	AUTH-23_17-k1-2	ACP-011694	aut_hard	T5_moonshot	100k	33	true		
ac-v1-02722	AUTH-17_16-k1-2	ACP-015836	aut_hard	T5_moonshot	100k	17	true		
ac-v1-02723	AUTH-20_2-k1-0	ACP-036418	aut_hard	T5_moonshot	100k	20	true		
ac-v1-02724	INTLB-b4-1789-0	ACP-044882	interleaved_b	T1_easy	10k_final	33	true		
ac-v1-02725	INTLB-b4-2397-1	ACP-044008	interleaved_b	T2_medium	100k	34	true		
ac-v1-02726	INTLB-b4-1631-0	ACP-037457	interleaved_b	T1_easy	10k_final	28	true		
ac-v1-02727	MS-n6-wYYXYYxYYYY	ACP-013602	ms_expanded	T2_medium	100k	26	true		
ac-v1-02728	INTL-b2-125-0	ACP-013820	interleaved	T1_easy	10k_final	23	true		
ac-v1-02729	MS-n3-wXXXYYxxxyy	ACP-019643	ms_expanded	T4_frontier	100k	20	true		
ac-v1-02730	MS-n6-wYXYYYxy	ACP-021747	ms_expanded	T1_easy	10k_final	23	true	uncertified	818
ac-v1-02731	INTLB-b3t-889-0	ACP-039036	interleaved_b	T1_easy	10k_final	27	true		
ac-v1-02732	INTLB-b3t-193-1	ACP-045411	interleaved_b	T1_easy	10k_final	30	true		
ac-v1-02733	INTLB-b4-1421-1	ACP-044239	interleaved_b	T1_easy	10k_final	23	true		
ac-v1-02734	MS-n7-wyXyyyxY	ACP-024470	ms_expanded	T4_frontier	100k	25	false	open	630
ac-v1-02735	INTLB-b4-2029-0	ACP-040284	interleaved_b	T1_easy	10k_final	31	true		
ac-v1-02736	MS-n4-wXXXYxxYxyy	ACP-032945	ms_expanded	T4_frontier	100k	22	true		
ac-v1-02737	INTLB-b4-212-0	ACP-043075	interleaved_b	T1_easy	10k_final	33	true		
ac-v1-02738	INTLB-b4-837-0	ACP-037399	interleaved_b	T2_medium	100k	28	true		
ac-v1-02739	INTLB-b3t-563-1	ACP-040814	interleaved_b	T1_easy	10k_final	23	true		
ac-v1-02740	INTLB-b3t-691-0	ACP-038084	interleaved_b	T1_easy	10k_final	27	true		
ac-v1-02741	MS-n6-wXYYYYxYY	ACP-006350	ms_expanded	T1_easy	10k_final	24	true		
ac-v1-02742	INTLB-b4-656-0	ACP-047006	interleaved_b	T2_medium	100k	28	true		
ac-v1-02743	MS-n9-wYxyyyyyXyy	ACP-002103	ms_expanded	T2_medium	100k	32	true		
ac-v1-02744	MS-n10-wYYYY	ACP-033619	ms_expanded	T0_warmup	10k_final	28	true		
ac-v1-02745	INTLB-b4-138-1	ACP-047227	interleaved_b	T2_medium	100k	33	true		
ac-v1-02746	MS-n8-wXXXYYxxyxY	ACP-033439	ms_expanded	T4_frontier	100k	30	true		
ac-v1-02747	INTLB-b4-1745-1	ACP-042368	interleaved_b	T1_easy	10k_final	26	true		
ac-v1-02748	MS-n8-wXXXyxxxyy	ACP-033677	ms_expanded	T4_frontier	100k	29	true		
ac-v1-02749	INTLB-b3t-666-1	ACP-039679	interleaved_b	T1_easy	10k_final	26	true		
ac-v1-02750	INTLB-b3t-590-0	ACP-038419	interleaved_b	T1_easy	10k_final	31	true		
ac-v1-02751	AUTH-17_11-k0-0	ACP-035037	aut_hard	T5_moonshot	100k	17	true		
ac-v1-02752	MS-n5-wYxYYYYXyy	ACP-024419	ms_expanded	T2_medium	100k	23	true		
ac-v1-02753	INTLB-b4-3962-1	ACP-046819	interleaved_b	T2_medium	100k	26	true		
ac-v1-02754	INTLB-b4-1315-0	ACP-040703	interleaved_b	T1_easy	10k_final	27	true		
ac-v1-02755	AUTH-25_12-k12-0	ACP-028242	aut_hard	T5_moonshot	100k	28	true		
ac-v1-02756	INTLB-b4-1823-1	ACP-037259	interleaved_b	T1_easy	10k_final	35	true		
ac-v1-02757	INTL-b4-19-0	ACP-014011	interleaved	T1_easy	10k_final	27	true		
ac-v1-02758	MS-n3-wXXXYYxxxy	ACP-020856	ms_expanded	T4_frontier	100k	19	true		
ac-v1-02759	INTLB-b4-1663-0	ACP-038984	interleaved_b	T1_easy	10k_final	31	true		
ac-v1-02760	INTLB-b4-3251-1	ACP-041850	interleaved_b	T2_medium	100k	31	true		
ac-v1-02761	MS-n9-wyyyyyyyyy	ACP-033310	ms_expanded	T0_warmup	10k_final	31	true		
ac-v1-02762	MS-n7-wYXYxYYYY	ACP-000204	ms_expanded	T1_easy	10k_final	26	true		
ac-v1-02763	AUTH-19_40-k0-0	ACP-019498	aut_hard	T5_moonshot	100k	19	true		
ac-v1-02764	INTL-b3-167-0	ACP-010715	interleaved	T1_easy	10k_final	24	true		
ac-v1-02765	INTLB-b4-2912-0	ACP-040205	interleaved_b	T2_medium	100k	26	true		
ac-v1-02766	AUTH-18_7-k1-0	ACP-005761	aut_hard	T5_moonshot	100k	19	true		
ac-v1-02767	AUTH-25_20-k12-0	ACP-016732	aut_hard	T5_moonshot	100k	35	true		
ac-v1-02768	MS-n7-wXXyxyxYY	ACP-034091	ms_expanded	T4_frontier	100k	26	true		
ac-v1-02769	INTLB-b4-3929-1	ACP-040678	interleaved_b	T2_medium	100k	29	true		
ac-v1-02770	INTLB-b3t-169-0	ACP-038541	interleaved_b	T1_easy	10k_final	33	true		
ac-v1-02771	INTLB-b3t-601-1	ACP-037990	interleaved_b	T1_easy	10k_final	33	true		
ac-v1-02772	INTL-b3-158-0	ACP-031677	interleaved	T1_easy	10k_final	26	true		
ac-v1-02773	MS-n9-wXXYYYxYxy	ACP-001326	ms_expanded	T4_frontier	100k	31	true		
ac-v1-02774	MS-n6-wYYxyXy	ACP-021106	ms_expanded	T4_frontier	100k	22	true	open	307
ac-v1-02775	MS-n7-wyxyyyyXyy	ACP-007919	ms_expanded	T1_easy	10k_final	27	true		
ac-v1-02776	AUTH-19_7-k1-3	ACP-002695	aut_hard	T5_moonshot	100k	19	true		
ac-v1-02777	INTLB-b3t-913-1	ACP-038033	interleaved_b	T1_easy	10k_final	28	true		
ac-v1-02778	INTLB-b4-532-1	ACP-046146	interleaved_b	T2_medium	100k	27	true		
ac-v1-02779	MS-n4-wXyxyyy	ACP-032283	ms_expanded	T4_frontier	100k	18	true	open	480
ac-v1-02780	INTLB-b4-3970-0	ACP-042984	interleaved_b	T3_hard_solvable	100k	31	true		
ac-v1-02781	INTLB-b4-2182-1	ACP-040917	interleaved_b	T2_medium	100k	29	true		
ac-v1-02782	AUTH-19_36-k0-0	ACP-003291	aut_hard	T5_moonshot	100k	19	true		
ac-v1-02783	AUTH-24_3-k12-1	ACP-014253	aut_hard	T5_moonshot	100k	33	true		
ac-v1-02784	INTLB-b4-1096-0	ACP-040986	interleaved_b	T1_easy	10k_final	26	true		
ac-v1-02785	INTLB-b4-11-1	ACP-045240	interleaved_b	T1_easy	10k_final	33	true		
ac-v1-02786	INTLB-b3t-432-1	ACP-038271	interleaved_b	T1_easy	10k_final	25	true		
ac-v1-02787	INTLB-b3t-188-1	ACP-043954	interleaved_b	T1_easy	10k_final	28	true		
ac-v1-02788	INTLB-b4-2749-1	ACP-046617	interleaved_b	T2_medium	100k	30	true		
ac-v1-02789	INTLB-b3t-57-1	ACP-041603	interleaved_b	T3_hard_solvable	100k	29	true		
ac-v1-02790	INTLB-b4-2746-0	ACP-039941	interleaved_b	T2_medium	100k	25	true		
ac-v1-02791	INTLB-b4-2991-0	ACP-042455	interleaved_b	T2_medium	100k	34	true		
ac-v1-02792	AUTH-18_10-k0-0	ACP-009871	aut_hard	T5_moonshot	100k	18	true		
ac-v1-02793	INTLB-b3t-436-0	ACP-040819	interleaved_b	T1_easy	10k_final	35	true		
ac-v1-02794	INTLB-b4-2293-1	ACP-046809	interleaved_b	T2_medium	100k	26	true		
ac-v1-02795	INTLB-b4-1453-1	ACP-037796	interleaved_b	T1_easy	10k_final	31	true		
ac-v1-02796	INTLB-b4-1827-1	ACP-040656	interleaved_b	T1_easy	10k_final	29	true		
ac-v1-02797	INTLB-b3t-737-1	ACP-043789	interleaved_b	T1_easy	10k_final	33	true		
ac-v1-02798	MS-n8-wXXXYxxxYYY	ACP-023999	ms_expanded	T4_frontier	100k	30	true		
ac-v1-02799	AUTH-20_9-k1-3	ACP-007668	aut_hard	T5_moonshot	100k	20	true		
ac-v1-02800	MS-n4-wXXXYxxyxY	ACP-007508	ms_expanded	T4_frontier	100k	21	true		
ac-v1-02801	MS-n4-wXXXYYxxYxy	ACP-001512	ms_expanded	T4_frontier	100k	22	true		
ac-v1-02802	INTLB-b3t-349-1	ACP-046509	interleaved_b	T1_easy	10k_final	31	true		
ac-v1-02803	MS-n3-wXXYxxY	ACP-034284	ms_expanded	T4_frontier	100k	16	true	open	353
ac-v1-02804	INTLB-b3t-721-0	ACP-045403	interleaved_b	T1_easy	10k_final	29	true		
ac-v1-02805	INTLB-b4-1493-1	ACP-037378	interleaved_b	T2_medium	100k	22	true		
ac-v1-02806	INTLB-b4-2050-0	ACP-045568	interleaved_b	T3_hard_solvable	100k	29	true		
ac-v1-02807	INTLB-b4-2494-0	ACP-040771	interleaved_b	T3_hard_solvable	100k	27	true		
ac-v1-02808	INTLB-b4-1918-1	ACP-039749	interleaved_b	T2_medium	100k	34	true		
ac-v1-02809	INTLB-b4-382-1	ACP-046197	interleaved_b	T3_hard_solvable	100k	35	true		
ac-v1-02810	INTL-b4-5-0	ACP-002596	interleaved	T2_medium	100k	31	true		
ac-v1-02811	INTLB-b4-1824-1	ACP-037947	interleaved_b	T1_easy	10k_final	27	true		
ac-v1-02812	INTL-b2-122-1	ACP-033571	interleaved	T1_easy	10k_final	21	true		
ac-v1-02813	INTLB-b4-2031-1	ACP-041868	interleaved_b	T3_hard_solvable	100k	27	true		
ac-v1-02814	INTLB-b4-2447-1	ACP-043949	interleaved_b	T2_medium	100k	32	true		
ac-v1-02815	INTLB-b4-1725-0	ACP-040753	interleaved_b	T2_medium	100k	23	true		
ac-v1-02816	MS-n10-wXXXYxYxxy	ACP-022847	ms_expanded	T4_frontier	100k	33	true		
ac-v1-02817	INTLB-b3t-88-1	ACP-039059	interleaved_b	T1_easy	10k_final	31	true		
ac-v1-02818	INTLB-b4-219-0	ACP-040153	interleaved_b	T1_easy	10k_final	29	true		
ac-v1-02819	INTLB-b3t-481-0	ACP-045252	interleaved_b	T3_hard_solvable	100k	35	true		
ac-v1-02820	INTLB-b4-2317-0	ACP-040925	interleaved_b	T2_medium	100k	31	true		
ac-v1-02821	MS-n10-wXXYYYxxY	ACP-007119	ms_expanded	T4_frontier	100k	32	true		
ac-v1-02822	INTLB-b4-1131-0	ACP-040090	interleaved_b	T1_easy	10k_final	33	true		
ac-v1-02823	MS-n10-wyyXyyxYY	ACP-034221	ms_expanded	T2_medium	100k	32	true		
ac-v1-02824	INTLB-b4-1984-0	ACP-045975	interleaved_b	T3_hard_solvable	100k	34	true		
ac-v1-02825	INTLB-b4-1618-0	ACP-046715	interleaved_b	T2_medium	100k	36	true		
ac-v1-02826	INTLB-b4-1881-1	ACP-041408	interleaved_b	T2_medium	100k	36	true		
ac-v1-02827	INTLB-b4-1085-0	ACP-042318	interleaved_b	T1_easy	10k_final	35	true		
ac-v1-02828	MS-n2-wXyXyxxY	ACP-036938	ms_expanded	T5_moonshot	100k	15	false	open	1031
ac-v1-02829	MS-n6-wXXXyxyxxy	ACP-032799	ms_expanded	T4_frontier	100k	25	true		
ac-v1-02830	INTLB-b3t-85-1	ACP-040151	interleaved_b	T1_easy	10k_final	33	true		
ac-v1-02831	AUTH-25_25-k1-0	ACP-030064	aut_hard	T5_moonshot	100k	39	true		
ac-v1-02832	MS-n9-wYXyxYY	ACP-005843	ms_expanded	T4_frontier	100k	28	true		
ac-v1-02833	MS-n7-wXXYYYxxy	ACP-015733	ms_expanded	T4_frontier	100k	26	true		
ac-v1-02834	MS-n4-wXYxyyyyyy	ACP-016605	ms_expanded	T1_easy	10k_final	21	true		
ac-v1-02835	INTL-b3-109-1	ACP-019508	interleaved	T1_easy	10k_final	23	true		
ac-v1-02836	AUTH-19_11-k1-2	ACP-019035	aut_hard	T5_moonshot	100k	19	true		
ac-v1-02837	INTLB-b3t-520-0	ACP-041951	interleaved_b	T1_easy	10k_final	31	true		
ac-v1-02838	MS-n5-wXXYxxYY	ACP-006021	ms_expanded	T4_frontier	100k	21	true	open	936
ac-v1-02839	AUTH-AK(5)-k0-0	ACP-001720	aut_hard	T5_moonshot	10k_final	17	true		
ac-v1-02840	INTLB-b4-1454-0	ACP-047032	interleaved_b	T1_easy	10k_final	25	true		
ac-v1-02841	INTLB-b3t-249-1	ACP-040229	interleaved_b	T1_easy	10k_final	27	true		
ac-v1-02842	MS-n3-wXYxY	ACP-012697	ms_expanded	T5_moonshot	10k_final	14	true	open	59
ac-v1-02843	AUTH-19_39-k0-0	ACP-036495	aut_hard	T5_moonshot	100k	19	true		
ac-v1-02844	MS-n8-wXYYYxy	ACP-019808	ms_expanded	T4_frontier	100k	26	true		
ac-v1-02845	INTLB-b4-211-0	ACP-041880	interleaved_b	T1_easy	10k_final	34	true		
ac-v1-02846	MS-n10-wXXXYYxxxy	ACP-005518	ms_expanded	T4_frontier	100k	33	true		
ac-v1-02847	MS-n9-wyxyyyyyXyy	ACP-010739	ms_expanded	T2_medium	100k	32	true		
ac-v1-02848	MS-n8-wXXYxxy	ACP-007099	ms_expanded	T4_frontier	100k	26	true		
ac-v1-02849	INTL-b4-222-0	ACP-034777	interleaved	T1_easy	10k_final	35	true		
ac-v1-02850	MS-n8-wXXYYYxxyy	ACP-010302	ms_expanded	T4_frontier	100k	29	true		
ac-v1-02851	INTLB-b4-2179-0	ACP-046741	interleaved_b	T3_hard_solvable	100k	31	true		
ac-v1-02852	INTLB-b4-468-1	ACP-044661	interleaved_b	T3_hard_solvable	100k	30	true		
ac-v1-02853	INTLB-b4-41-0	ACP-043865	interleaved_b	T2_medium	100k	27	true		
ac-v1-02854	AUTH-19_37-k0-0	ACP-027787	aut_hard	T5_moonshot	100k	19	true		
ac-v1-02855	INTLB-b4-1718-1	ACP-039188	interleaved_b	T2_medium	100k	34	true		
ac-v1-02856	INTLB-b4-12-0	ACP-041305	interleaved_b	T2_medium	100k	29	true		
ac-v1-02857	INTLB-b3t-917-1	ACP-042098	interleaved_b	T1_easy	10k_final	31	true		
ac-v1-02858	INTLB-b3t-400-1	ACP-043242	interleaved_b	T1_easy	10k_final	33	true		
ac-v1-02859	INTLB-b4-2208-0	ACP-038337	interleaved_b	T1_easy	10k_final	24	true		
ac-v1-02860	MS-n8-wXXYxyxyy	ACP-017813	ms_expanded	T4_frontier	100k	28	true		
ac-v1-02861	INTLB-b3t-885-0	ACP-041876	interleaved_b	T1_easy	10k_final	23	true		
ac-v1-02862	INTLB-b4-3604-0	ACP-039560	interleaved_b	T2_medium	100k	33	true		
ac-v1-02863	INTLB-b3t-862-1	ACP-046079	interleaved_b	T1_easy	10k_final	27	true		
ac-v1-02864	INTLB-b3t-778-0	ACP-046265	interleaved_b	T1_easy	10k_final	24	true		
ac-v1-02865	MS-n10-wXXYxxYY	ACP-025241	ms_expanded	T4_frontier	100k	31	true		
ac-v1-02866	INTLB-b3t-308-0	ACP-040333	interleaved_b	T1_easy	10k_final	25	true		
ac-v1-02867	INTLB-b4-271-0	ACP-039322	interleaved_b	T2_medium	100k	31	true		
ac-v1-02868	INTLB-b4-2437-1	ACP-041525	interleaved_b	T2_medium	100k	32	true		
ac-v1-02869	INTLB-b4-1267-0	ACP-037841	interleaved_b	T1_easy	10k_final	27	true		
ac-v1-02870	INTLB-b3t-848-1	ACP-043921	interleaved_b	T1_easy	10k_final	19	true		
ac-v1-02871	INTLB-b4-1887-0	ACP-040903	interleaved_b	T1_easy	10k_final	36	true		
ac-v1-02872	INTLB-b4-765-1	ACP-041508	interleaved_b	T3_hard_solvable	100k	34	true		
ac-v1-02873	MS-n4-wYXYYYxY	ACP-030675	ms_expanded	T1_easy	10k_final	19	true	uncertified	823
ac-v1-02874	INTLB-b4-2521-0	ACP-043082	interleaved_b	T2_medium	100k	29	true		
ac-v1-02875	INTLB-b4-1957-1	ACP-042828	interleaved_b	T1_easy	10k_final	23	true		
ac-v1-02876	INTLB-b4-1754-1	ACP-038977	interleaved_b	T1_easy	10k_final	31	true		
ac-v1-02877	INTLB-b4-250-0	ACP-044446	interleaved_b	T2_medium	100k	31	true		
ac-v1-02878	MS-n8-wXXXYYYxxxy	ACP-009586	ms_expanded	T4_frontier	100k	30	true		
ac-v1-02879	AUTH-17_17-k12-0	ACP-011332	aut_hard	T5_moonshot	100k	31	true		
ac-v1-02880	MS-n7-wXXyxYxy	ACP-027414	ms_expanded	T5_moonshot	100k	25	false	open	1050
ac-v1-02881	INTLB-b3t-935-0	ACP-037474	interleaved_b	T1_easy	10k_final	33	true		
ac-v1-02882	INTLB-b4-1167-1	ACP-047044	interleaved_b	T1_easy	10k_final	26	true		
ac-v1-02883	MS-n2-wXyxxyXy	ACP-012749	ms_expanded	T5_moonshot	100k	15	false	open	765
ac-v1-02884	INTLB-b4-2189-1	ACP-044333	interleaved_b	T1_easy	10k_final	20	true		
ac-v1-02885	INTLB-b3t-230-0	ACP-038937	interleaved_b	T1_easy	10k_final	19	true		
ac-v1-02886	INTLB-b4-2290-1	ACP-041710	interleaved_b	T2_medium	100k	27	true		
ac-v1-02887	MS-n10-wXXyxYxy	ACP-004955	ms_expanded	T4_frontier	100k	31	true		
ac-v1-02888	INTLB-b3t-632-0	ACP-041996	interleaved_b	T1_easy	10k_final	20	true		
ac-v1-02889	INTLB-b3t-546-1	ACP-042625	interleaved_b	T1_easy	10k_final	23	true		
ac-v1-02890	INTLB-b3t-846-0	ACP-047190	interleaved_b	T1_easy	10k_final	25	true		
ac-v1-02891	INTLB-b3t-302-1	ACP-043867	interleaved_b	T1_easy	10k_final	29	true		
ac-v1-02892	INTLB-b4-2232-1	ACP-039119	interleaved_b	T2_medium	100k	25	true		
ac-v1-02893	INTLB-b4-2867-0	ACP-042256	interleaved_b	T2_medium	100k	33	true		
ac-v1-02894	INTLB-b3t-537-1	ACP-044402	interleaved_b	T1_easy	10k_final	31	true		
ac-v1-02895	INTLB-b3t-633-1	ACP-037817	interleaved_b	T1_easy	10k_final	25	true		
ac-v1-02896	INTL-b4-21-1	ACP-007252	interleaved	T1_easy	10k_final	23	true		
ac-v1-02897	AUTH-23_15-k12-0	ACP-000865	aut_hard	T5_moonshot	100k	38	true		
ac-v1-02898	INTLB-b4-1405-0	ACP-046050	interleaved_b	T3_hard_solvable	100k	34	true		
ac-v1-02899	INTLB-b4-2389-0	ACP-039860	interleaved_b	T2_medium	100k	29	true		
ac-v1-02900	MS-n4-wXYYYxY	ACP-029784	ms_expanded	T1_easy	10k_final	18	true	uncertified	389
ac-v1-02901	MS-n2-wXXXXyxxxxY	ACP-032693	ms_expanded	T4_frontier	100k	18	true		
ac-v1-02902	INTLB-b4-1595-0	ACP-042168	interleaved_b	T2_medium	100k	31	true		
ac-v1-02903	INTLB-b4-1980-1	ACP-041097	interleaved_b	T2_medium	100k	35	true		
ac-v1-02904	INTLB-b4-100-1	ACP-044616	interleaved_b	T1_easy	10k_final	25	true		
ac-v1-02905	MS-n7-wXXXYxYxxY	ACP-011798	ms_expanded	T4_frontier	100k	27	true		
ac-v1-02906	INTL-b4-168-0	ACP-034663	interleaved	T3_hard_solvable	100k	26	true		
ac-v1-02907	INTLB-b4-1856-1	ACP-045214	interleaved_b	T1_easy	10k_final	30	true		
ac-v1-02908	INTLB-b4-73-0	ACP-045296	interleaved_b	T2_medium	100k	22	true		
ac-v1-02909	INTLB-b4-1262-1	ACP-046873	interleaved_b	T1_easy	10k_final	29	true		
ac-v1-02910	MS-n3-wYXYxyyy	ACP-009874	ms_expanded	T5_moonshot	10k_final	17	false	open	1172
ac-v1-02911	MS-n9-wXXXYxxyyxy	ACP-036677	ms_expanded	T4_frontier	100k	32	true		
ac-v1-02912	MS-n4-wYYXyxYY	ACP-013727	ms_expanded	T4_frontier	100k	19	true	open	1089
ac-v1-02913	INTLB-b4-642-1	ACP-041715	interleaved_b	T3_hard_solvable	100k	31	true		
ac-v1-02914	INTLB-b4-1893-0	ACP-045830	interleaved_b	T1_easy	10k_final	33	true		
ac-v1-02915	INTLB-b3t-525-0	ACP-042767	interleaved_b	T1_easy	10k_final	27	true		
ac-v1-02916	INTL-b4-92-0	ACP-003198	interleaved	T2_medium	100k	33	true		
ac-v1-02917	MS-n4-wXXyxxY	ACP-007888	ms_expanded	T5_moonshot	100k	18	true	open	417
ac-v1-02918	INTLB-b3t-776-1	ACP-043238	interleaved_b	T3_hard_solvable	100k	33	true		
ac-v1-02919	MS-n8-wXXYYYYxxy	ACP-027752	ms_expanded	T4_frontier	100k	29	true		
ac-v1-02920	INTL-b3-188-1	ACP-013985	interleaved	T1_easy	10k_final	19	true		
ac-v1-02921	INTL-b2-250-0	ACP-008057	interleaved	T1_easy	10k_final	32	true		
ac-v1-02922	AUTH-17_2-k1-0	ACP-017258	aut_hard	T5_moonshot	100k	17	true		
ac-v1-02923	AUTH-15_10-k0-0	ACP-025755	aut_hard	T5_moonshot	100k	15	true		
ac-v1-02924	INTLB-b4-231-0	ACP-040546	interleaved_b	T2_medium	100k	33	true		
ac-v1-02925	MS-n5-wYXyyyxyyy	ACP-000928	ms_expanded	T1_easy	10k_final	23	true		
ac-v1-02926	INTLB-b4-2935-0	ACP-041631	interleaved_b	T3_hard_solvable	100k	20	true		
ac-v1-02927	INTLB-b3t-574-1	ACP-040660	interleaved_b	T1_easy	10k_final	27	true		
ac-v1-02928	INTLB-b4-1362-0	ACP-046837	interleaved_b	T1_easy	10k_final	32	true		
ac-v1-02929	INTLB-b3t-749-0	ACP-046903	interleaved_b	T1_easy	10k_final	31	true		
ac-v1-02930	INTLB-b4-1369-1	ACP-037354	interleaved_b	T1_easy	10k_final	29	true		
ac-v1-02931	INTL-b4-231-0	ACP-000431	interleaved	T2_medium	100k	30	true		
ac-v1-02932	MS-n4-wXXyyyyxxY	ACP-014819	ms_expanded	T1_easy	10k_final	21	true		
ac-v1-02933	INTLB-b4-2366-0	ACP-041162	interleaved_b	T2_medium	100k	33	true		
ac-v1-02934	INTLB-b4-3218-1	ACP-045778	interleaved_b	T3_hard_solvable	100k	29	true		
ac-v1-02935	INTLB-b3t-919-1	ACP-045038	interleaved_b	T1_easy	10k_final	29	true		
ac-v1-02936	AUTH-25_15-k1-2	ACP-010654	aut_hard	T5_moonshot	100k	25	true		
ac-v1-02937	INTLB-b3t-141-1	ACP-040261	interleaved_b	T1_easy	10k_final	28	true		
ac-v1-02938	MS-n4-wXYYYYYYxYY	ACP-010199	ms_expanded	T1_easy	10k_final	22	true		
ac-v1-02939	INTLB-b4-2158-0	ACP-041018	interleaved_b	T1_easy	10k_final	25	true		
ac-v1-02940	INTLB-b4-2377-1	ACP-038154	interleaved_b	T2_medium	100k	27	true		
ac-v1-02941	MS-n3-wXXXYxxyyxy	ACP-031774	ms_expanded	T4_frontier	100k	20	true		
ac-v1-02942	INTLB-b3t-118-0	ACP-038862	interleaved_b	T1_easy	10k_final	33	true		
ac-v1-02943	INTLB-b4-1695-0	ACP-041298	interleaved_b	T1_easy	10k_final	23	true		
ac-v1-02944	INTL-b4-58-0	ACP-019616	interleaved	T2_medium	100k	32	true		
ac-v1-02945	MS-n3-wXyxYYYYY	ACP-006312	ms_expanded	T1_easy	10k_final	18	true		
ac-v1-02946	MS-n3-wXXyxyxYY	ACP-007386	ms_expanded	T4_frontier	100k	18	true		
ac-v1-02947	INTLB-b3t-829-1	ACP-038967	interleaved_b	T1_easy	10k_final	31	true		
ac-v1-02948	INTLB-b4-3992-0	ACP-039839	interleaved_b	T3_hard_solvable	100k	27	true		
ac-v1-02949	MS-n5-wYYXYYxYYYY	ACP-024417	ms_expanded	T1_easy	10k_final	24	true		
ac-v1-02950	INTLB-b4-294-0	ACP-041364	interleaved_b	T3_hard_solvable	100k	29	true		
ac-v1-02951	INTLB-b4-2133-0	ACP-040951	interleaved_b	T3_hard_solvable	100k	27	true		
ac-v1-02952	INTLB-b4-1552-0	ACP-042863	interleaved_b	T1_easy	10k_final	27	true		
ac-v1-02953	INTLB-b3t-760-0	ACP-039928	interleaved_b	T3_hard_solvable	100k	31	true		
ac-v1-02954	AUTH-22_14-k12-1	ACP-008102	aut_hard	T5_moonshot	100k	24	true		
ac-v1-02955	AUTH-25_1-k1-3	ACP-001146	aut_hard	T5_moonshot	100k	25	true		
ac-v1-02956	INTLB-b3t-273-1	ACP-046999	interleaved_b	T1_easy	10k_final	26	true		
ac-v1-02957	INTL-b2-16-1	ACP-002165	interleaved	T1_easy	10k_final	21	true		
ac-v1-02958	MS-n5-wYXyyyxy	ACP-027057	ms_expanded	T4_frontier	100k	21	true	open	614
ac-v1-02959	INTLB-b4-1469-0	ACP-038713	interleaved_b	T1_easy	10k_final	34	true		
ac-v1-02960	MS-n9-wXXyxYxYY	ACP-035762	ms_expanded	T4_frontier	100k	30	true		
ac-v1-02961	MS-n6-wYxyXyyyy	ACP-029037	ms_expanded	T2_medium	100k	24	true		
ac-v1-02962	INTLB-b3t-24-1	ACP-045681	interleaved_b	T1_easy	10k_final	35	true		
ac-v1-02963	INTL-b4-100-0	ACP-012786	interleaved	T1_easy	10k_final	29	true		
ac-v1-02964	INTLB-b4-1507-0	ACP-045103	interleaved_b	T1_easy	10k_final	25	true		
ac-v1-02965	INTLB-b3t-77-0	ACP-041829	interleaved_b	T1_easy	10k_final	33	true		
ac-v1-02966	INTLB-b3t-592-0	ACP-042990	interleaved_b	T1_easy	10k_final	30	true		
ac-v1-02967	INTLB-b3t-304-1	ACP-037560	interleaved_b	T1_easy	10k_final	33	true		
ac-v1-02968	MS-n6-wXYxY	ACP-034072	ms_expanded	T5_moonshot	100k	20	true	open	62
ac-v1-02969	INTLB-b4-1826-1	ACP-040088	interleaved_b	T2_medium	100k	36	true		
ac-v1-02970	INTL-b3-172-0	ACP-009008	interleaved	T1_easy	10k_final	20	true		
ac-v1-02971	MS-n9-wXXXYYxxxYY	ACP-012636	ms_expanded	T4_frontier	100k	32	true		
ac-v1-02972	INTL-b3-162-1	ACP-000630	interleaved	T1_easy	10k_final	27	true		
ac-v1-02973	INTL-b4-110-0	ACP-020868	interleaved	T1_easy	10k_final	33	true		
ac-v1-02974	INTLB-b3t-850-0	ACP-042926	interleaved_b	T1_easy	10k_final	31	true		
ac-v1-02975	INTL-b4-133-0	ACP-023774	interleaved	T1_easy	10k_final	19	true		
ac-v1-02976	MS-n3-wYxYXyy	ACP-011492	ms_expanded	T5_moonshot	10k_final	16	false	open	262
ac-v1-02977	MS-n7-wXyxYYYY	ACP-029653	ms_expanded	T1_easy	10k_final	25	true	uncertified	1064
ac-v1-02978	INTLB-b4-738-1	ACP-044786	interleaved_b	T2_medium	100k	29	true		
ac-v1-02979	INTLB-b4-457-1	ACP-042446	interleaved_b	T2_medium	100k	31	true		
ac-v1-02980	INTLB-b4-2101-1	ACP-042601	interleaved_b	T1_easy	10k_final	25	true		
ac-v1-02981	INTLB-b4-1699-0	ACP-038643	interleaved_b	T3_hard_solvable	100k	28	true		
ac-v1-02982	MS-n4-wXyxxYXy	ACP-020324	ms_expanded	T5_moonshot	100k	19	false	open	1019
ac-v1-02983	INTLB-b4-2523-0	ACP-045615	interleaved_b	T2_medium	100k	31	true		
ac-v1-02984	MS-n9-wXYxxYXY	ACP-005103	ms_expanded	T4_frontier	100k	29	true		
ac-v1-02985	MS-n5-wyXyxyy	ACP-027111	ms_expanded	T4_frontier	100k	20	true	open	453
ac-v1-02986	INTLB-b4-2465-0	ACP-037392	interleaved_b	T2_medium	100k	26	true		
ac-v1-02987	MS-n5-wXXXYYxxYxY	ACP-025787	ms_expanded	T4_frontier	100k	24	true		
ac-v1-02988	INTLB-b4-1815-1	ACP-041788	interleaved_b	T2_medium	100k	33	true		
ac-v1-02989	INTLB-b4-1015-0	ACP-046438	interleaved_b	T0_warmup	10k_final	35	true		
ac-v1-02990	INTLB-b4-1593-0	ACP-045423	interleaved_b	T1_easy	10k_final	26	true		
ac-v1-02991	MS-n9-wXXXyxxxYY	ACP-001226	ms_expanded	T4_frontier	100k	31	true		
ac-v1-02992	AUTH-17_31-k1-0	ACP-001671	aut_hard	T5_moonshot	100k	17	true		
ac-v1-02993	INTL-b4-114-1	ACP-021960	interleaved	T1_easy	10k_final	20	true		
ac-v1-02994	MS-n4-wXXXyxxxy	ACP-017315	ms_expanded	T4_frontier	100k	20	true		
ac-v1-02995	INTLB-b4-1867-1	ACP-043096	interleaved_b	T1_easy	10k_final	27	true		
ac-v1-02996	MS-n2-wXYxyxyXy	ACP-016021	ms_expanded	T4_frontier	100k	16	true		
ac-v1-02997	MS-n4-wXXYxyxY	ACP-027533	ms_expanded	T5_moonshot	100k	19	false	open	921
ac-v1-02998	INTLB-b4-161-0	ACP-046371	interleaved_b	T1_easy	10k_final	17	true		
ac-v1-02999	MS-n5-wXXXYYxxxyy	ACP-027450	ms_expanded	T4_frontier	100k	24	true		
ac-v1-03000	MS-n9-wXyyxyyyyy	ACP-011120	ms_expanded	T1_easy	10k_final	31	true		
ac-v1-03001	INTL-b4-47-0	ACP-021560	interleaved	T2_medium	100k	32	true		
ac-v1-03002	MS-n8-wYYYYxYXyyy	ACP-005978	ms_expanded	T1_easy	10k_final	30	true		
ac-v1-03003	INTLB-b3t-31-0	ACP-044618	interleaved_b	T1_easy	10k_final	35	true		
ac-v1-03004	AUTH-21_22-k1-0	ACP-031195	aut_hard	T5_moonshot	100k	29	true		
ac-v1-03005	MS-n6-wXXXYxxYYxy	ACP-014830	ms_expanded	T4_frontier	100k	26	true		
ac-v1-03006	INTLB-b3t-775-1	ACP-043443	interleaved_b	T1_easy	10k_final	29	true		
ac-v1-03007	INTLB-b4-1478-1	ACP-042415	interleaved_b	T1_easy	10k_final	32	true		
ac-v1-03008	INTLB-b4-504-0	ACP-041338	interleaved_b	T2_medium	100k	32	true		
ac-v1-03009	INTLB-b4-2259-0	ACP-046252	interleaved_b	T2_medium	100k	32	true		
ac-v1-03010	INTLB-b4-1237-0	ACP-038547	interleaved_b	T1_easy	10k_final	28	true		
ac-v1-03011	INTLB-b3t-374-0	ACP-038891	interleaved_b	T3_hard_solvable	100k	23	true		
ac-v1-03012	MS-n8-wXXXYxyxxyy	ACP-022405	ms_expanded	T4_frontier	100k	30	true		
ac-v1-03013	MS-n7-wXYxxYXy	ACP-002845	ms_expanded	T5_moonshot	100k	25	false	open	1169
ac-v1-03014	MS-n5-wXXyxyxyy	ACP-001235	ms_expanded	T4_frontier	100k	22	true		
ac-v1-03015	INTLB-b4-1253-0	ACP-042609	interleaved_b	T1_easy	10k_final	28	true		
ac-v1-03016	INTLB-b4-1579-1	ACP-045339	interleaved_b	T2_medium	100k	29	true		
ac-v1-03017	INTL-b4-193-1	ACP-008096	interleaved	T2_medium	100k	27	true		
ac-v1-03018	INTLB-b4-87-0	ACP-037634	interleaved_b	T2_medium	100k	30	true		
ac-v1-03019	INTLB-b4-1832-1	ACP-046385	interleaved_b	T1_easy	10k_final	33	true		
ac-v1-03020	INTLB-b3t-793-1	ACP-039800	interleaved_b	T1_easy	10k_final	32	true		
ac-v1-03021	INTLB-b4-2699-1	ACP-045760	interleaved_b	T2_medium	100k	34	true		
ac-v1-03022	MS-n7-wXXyyxYxy	ACP-017687	ms_expanded	T4_frontier	100k	26	true		
ac-v1-03023	MS-n3-wXXXYxYxyxY	ACP-000926	ms_expanded	T4_frontier	100k	20	true		
ac-v1-03024	INTLB-b3t-777-1	ACP-045788	interleaved_b	T1_easy	10k_final	32	true		
ac-v1-03025	AUTH-22_13-k1-0	ACP-019783	aut_hard	T5_moonshot	10k_final	23	true		
ac-v1-03026	INTLB-b4-687-1	ACP-044340	interleaved_b	T2_medium	100k	32	true		
ac-v1-03027	INTLB-b4-1753-1	ACP-040255	interleaved_b	T2_medium	100k	31	true		
ac-v1-03028	INTLB-b4-1855-1	ACP-042741	interleaved_b	T1_easy	10k_final	31	true		
ac-v1-03029	INTLB-b4-2156-1	ACP-044364	interleaved_b	T3_hard_solvable	100k	28	true		
ac-v1-03030	INTLB-b4-3932-1	ACP-041476	interleaved_b	T3_hard_solvable	100k	31	true		
ac-v1-03031	AUTH-23_7-k1-3	ACP-009933	aut_hard	T5_moonshot	100k	23	true		
ac-v1-03032	INTLB-b4-2170-0	ACP-046916	interleaved_b	T1_easy	10k_final	29	true		
ac-v1-03033	INTLB-b3t-5-1	ACP-040147	interleaved_b	T1_easy	10k_final	27	true		
ac-v1-03034	MS-n5-wXXYYxxYY	ACP-021374	ms_expanded	T4_frontier	100k	22	true		
ac-v1-03035	INTLB-b3t-847-0	ACP-039281	interleaved_b	T1_easy	10k_final	31	true		
ac-v1-03036	INTLB-b4-596-1	ACP-042066	interleaved_b	T2_medium	100k	33	true		
ac-v1-03037	MS-n6-wYYXYYYxy	ACP-021454	ms_expanded	T1_easy	10k_final	24	true		
ac-v1-03038	INTLB-b4-1149-0	ACP-038703	interleaved_b	T1_easy	10k_final	30	true		
ac-v1-03039	INTLB-b4-3063-1	ACP-040490	interleaved_b	T2_medium	100k	33	true		
ac-v1-03040	INTLB-b4-1248-1	ACP-041957	interleaved_b	T1_easy	10k_final	27	true		
ac-v1-03041	MS-n3-wXyyyyyxy	ACP-016011	ms_expanded	T1_easy	10k_final	18	true		
ac-v1-03042	MS-n4-wXXXYYxxxY	ACP-033123	ms_expanded	T4_frontier	100k	21	true		
ac-v1-03043	INTLB-b4-321-0	ACP-043436	interleaved_b	T2_medium	100k	33	true		
ac-v1-03044	INTLB-b3t-269-0	ACP-040615	interleaved_b	T1_easy	10k_final	25	true		
ac-v1-03045	INTLB-b3t-607-0	ACP-044878	interleaved_b	T1_easy	10k_final	27	true		
ac-v1-03046	INTLB-b4-2105-0	ACP-040324	interleaved_b	T1_easy	10k_final	25	true		
ac-v1-03047	INTLB-b4-27-0	ACP-046969	interleaved_b	T2_medium	100k	35	true		
ac-v1-03048	INTLB-b4-1215-1	ACP-042726	interleaved_b	T1_easy	10k_final	20	true		
ac-v1-03049	MS-n5-wYYYXYxYYYY	ACP-016951	ms_expanded	T2_medium	100k	24	true		
ac-v1-03050	INTLB-b4-2971-1	ACP-040723	interleaved_b	T3_hard_solvable	100k	34	true		
ac-v1-03051	INTLB-b3t-462-0	ACP-046437	interleaved_b	T1_easy	10k_final	29	true		
ac-v1-03052	MS-n5-wYXyxy	ACP-014542	ms_expanded	T5_moonshot	10k_final	19	true	open	103
ac-v1-03053	INTLB-b3t-347-0	ACP-038714	interleaved_b	T1_easy	10k_final	28	true		
ac-v1-03054	INTLB-b4-2136-0	ACP-045154	interleaved_b	T1_easy	10k_final	21	true		
ac-v1-03055	MS-n4-wYXyxY	ACP-012370	ms_expanded	T1_easy	10k_final	17	true	uncertified	179
ac-v1-03056	INTLB-b4-1603-1	ACP-040928	interleaved_b	T3_hard_solvable	100k	33	true		
ac-v1-03057	INTL-b2-250-1	ACP-028902	interleaved	T2_medium	100k	21	true		
ac-v1-03058	INTLB-b4-274-1	ACP-040968	interleaved_b	T3_hard_solvable	100k	30	true		
ac-v1-03059	INTLB-b4-3238-1	ACP-038308	interleaved_b	T2_medium	100k	33	true		
ac-v1-03060	INTL-b2-216-0	ACP-007980	interleaved	T1_easy	10k_final	22	true		
ac-v1-03061	INTLB-b4-1696-0	ACP-047138	interleaved_b	T1_easy	10k_final	29	true		
ac-v1-03062	INTLB-b4-1622-1	ACP-045407	interleaved_b	T1_easy	10k_final	33	true		
ac-v1-03063	INTLB-b4-662-0	ACP-044573	interleaved_b	T3_hard_solvable	100k	32	true		
ac-v1-03064	INTLB-b3t-617-1	ACP-039472	interleaved_b	T1_easy	10k_final	32	true		
ac-v1-03065	INTLB-b4-2469-1	ACP-040476	interleaved_b	T2_medium	100k	28	true		
ac-v1-03066	MS-n8-wYYYYxyXyy	ACP-024397	ms_expanded	T1_easy	10k_final	29	true		
ac-v1-03067	INTLB-b4-1418-1	ACP-039635	interleaved_b	T1_easy	10k_final	30	true		
ac-v1-03068	INTLB-b3t-67-0	ACP-040688	interleaved_b	T1_easy	10k_final	31	true		
ac-v1-03069	MS-n7-wXXYxyxyy	ACP-028071	ms_expanded	T4_frontier	100k	26	true		
ac-v1-03070	MS-n8-wyXyyyyxYY	ACP-020648	ms_expanded	T1_easy	10k_final	29	true		
ac-v1-03071	INTLB-b4-2431-1	ACP-046463	interleaved_b	T2_medium	100k	29	true		
ac-v1-03072	AUTH-25_17-k1-1	ACP-035125	aut_hard	T5_moonshot	100k	25	true		
ac-v1-03073	INTLB-b4-2614-0	ACP-043321	interleaved_b	T2_medium	100k	29	true		
ac-v1-03074	AUTH-17_37-k0-0	ACP-012535	aut_hard	T5_moonshot	100k	17	true		
ac-v1-03075	MS-n6-wXXXYYxxYxy	ACP-029802	ms_expanded	T4_frontier	100k	26	true		
ac-v1-03076	INTLB-b4-1929-0	ACP-047176	interleaved_b	T1_easy	10k_final	26	true		
ac-v1-03077	INTLB-b4-1567-1	ACP-041683	interleaved_b	T1_easy	10k_final	31	true		
ac-v1-03078	INTLB-b4-1683-0	ACP-043833	interleaved_b	T3_hard_solvable	100k	22	true		
ac-v1-03079	MS-n8-wXyxY	ACP-018187	ms_expanded	T4_frontier	100k	24	true		
ac-v1-03080	INTLB-b4-1066-1	ACP-042374	interleaved_b	T1_easy	10k_final	23	true		
ac-v1-03081	INTLB-b3t-58-0	ACP-043534	interleaved_b	T1_easy	10k_final	33	true		
ac-v1-03082	INTLB-b4-1899-0	ACP-044819	interleaved_b	T1_easy	10k_final	21	true		
ac-v1-03083	INTLB-b4-1416-1	ACP-042711	interleaved_b	T3_hard_solvable	100k	29	true		
ac-v1-03084	MS-n1-wXXyyyyxxY	ACP-003292	ms_expanded	T1_easy	10k_final	15	true		
ac-v1-03085	AUTH-20_4-k1-0	ACP-005555	aut_hard	T5_moonshot	100k	25	true		
ac-v1-03086	INTLB-b4-474-0	ACP-045336	interleaved_b	T3_hard_solvable	100k	33	true		
ac-v1-03087	MS-n8-wYXYYYYxyyy	ACP-015622	ms_expanded	T1_easy	10k_final	30	true		
ac-v1-03088	MS-n4-wXXYYxYxy	ACP-014733	ms_expanded	T4_frontier	100k	20	true		
ac-v1-03089	MS-n8-wXyyyyyxyyy	ACP-035232	ms_expanded	T2_medium	100k	30	true		
ac-v1-03090	INTLB-b4-1318-1	ACP-046373	interleaved_b	T3_hard_solvable	100k	30	true		
ac-v1-03091	MS-n9-wyXyxyy	ACP-004019	ms_expanded	T4_frontier	100k	28	true		
ac-v1-03092	MS-n6-wXXYXyxxxY	ACP-027400	ms_expanded	T4_frontier	100k	25	true		
ac-v1-03093	INTLB-b4-2109-0	ACP-047087	interleaved_b	T2_medium	100k	27	true		
ac-v1-03094	INTLB-b4-2626-0	ACP-044431	interleaved_b	T2_medium	100k	28	true		
ac-v1-03095	INTLB-b3t-317-0	ACP-040116	interleaved_b	T1_easy	10k_final	35	true		
ac-v1-03096	MS-n4-wXXXYxxyxy	ACP-002156	ms_expanded	T4_frontier	100k	21	true		
ac-v1-03097	INTLB-b4-1012-1	ACP-042799	interleaved_b	T1_easy	10k_final	29	true		
ac-v1-03098	MS-n7-wXXXYxxyxYY	ACP-034145	ms_expanded	T4_frontier	100k	28	true		
ac-v1-03099	AUTH-25_1-k1-0	ACP-006827	aut_hard	T5_moonshot	100k	39	true		
ac-v1-03100	INTLB-b4-1854-0	ACP-044256	interleaved_b	T2_medium	100k	36	true		
ac-v1-03101	INTLB-b3t-347-1	ACP-043043	interleaved_b	T1_easy	10k_final	27	true		
ac-v1-03102	INTLB-b3t-530-0	ACP-043091	interleaved_b	T3_hard_solvable	100k	30	true		
ac-v1-03103	INTLB-b4-2046-0	ACP-045641	interleaved_b	T3_hard_solvable	100k	31	true		
ac-v1-03104	INTL-b4-180-1	ACP-007599	interleaved	T2_medium	100k	36	true		
ac-v1-03105	MS-n9-wXXYYYxxYY	ACP-017660	ms_expanded	T4_frontier	100k	31	true		
ac-v1-03106	INTLB-b4-1463-0	ACP-039384	interleaved_b	T1_easy	10k_final	31	true		
ac-v1-03107	MS-n4-wXyXyyyyxxY	ACP-031884	ms_expanded	T1_easy	10k_final	22	true		
ac-v1-03108	MS-n10-wY	ACP-032225	ms_expanded	T0_warmup	10k_final	25	true		
ac-v1-03109	MS-n2-wXXYYYYxYxY	ACP-025198	ms_expanded	T1_easy	10k_final	18	true		
ac-v1-03110	AUTH-25_23-k1-1	ACP-035491	aut_hard	T5_moonshot	100k	39	true		
ac-v1-03111	INTLB-b4-7-1	ACP-039987	interleaved_b	T2_medium	100k	29	true		
ac-v1-03112	INTLB-b4-2023-0	ACP-044140	interleaved_b	T1_easy	10k_final	31	true		
ac-v1-03113	MS-n5-wYYYYYXYxy	ACP-022513	ms_expanded	T2_medium	100k	23	true		
ac-v1-03114	MS-n9-wXXXYxyxyxY	ACP-006919	ms_expanded	T4_frontier	100k	32	true		
ac-v1-03115	INTLB-b4-1572-0	ACP-039297	interleaved_b	T1_easy	10k_final	29	true		
ac-v1-03116	MS-n5-wXXyxxY	ACP-001678	ms_expanded	T4_frontier	100k	20	true	open	418
ac-v1-03117	INTLB-b3t-247-0	ACP-042375	interleaved_b	T1_easy	10k_final	23	true		
ac-v1-03118	MS-n6-wXXyxyyxy	ACP-030632	ms_expanded	T4_frontier	100k	24	true		
ac-v1-03119	INTLB-b3t-518-1	ACP-045781	interleaved_b	T1_easy	10k_final	29	true		
ac-v1-03120	INTLB-b4-1995-0	ACP-044336	interleaved_b	T1_easy	10k_final	32	true		
ac-v1-03121	MS-n4-wyXyxYYY	ACP-011416	ms_expanded	T4_frontier	100k	19	true	open	1068
ac-v1-03122	AUTH-19_39-k1-0	ACP-035110	aut_hard	T5_moonshot	100k	19	true		
ac-v1-03123	INTLB-b4-1628-0	ACP-045425	interleaved_b	T3_hard_solvable	100k	31	true		
ac-v1-03124	INTL-b3-156-1	ACP-030995	interleaved	T1_easy	10k_final	32	true		
ac-v1-03125	MS-n10-wXXYYYxYxY	ACP-000326	ms_expanded	T4_frontier	100k	33	true		
ac-v1-03126	MS-n5-wyxYYXyyyyy	ACP-022119	ms_expanded	T2_medium	100k	24	true		
ac-v1-03127	INTLB-b4-1384-0	ACP-040007	interleaved_b	T2_medium	100k	30	true		
ac-v1-03128	MS-n4-wXXyxyyxY	ACP-009652	ms_expanded	T4_frontier	100k	20	true		
ac-v1-03129	INTLB-b3t-765-1	ACP-046393	interleaved_b	T1_easy	10k_final	29	true		
ac-v1-03130	INTLB-b4-302-0	ACP-043919	interleaved_b	T3_hard_solvable	100k	32	true		
ac-v1-03131	MS-n4-wXyyyxYY	ACP-005193	ms_expanded	T4_frontier	100k	19	true	open	620
ac-v1-03132	INTLB-b3t-223-1	ACP-038823	interleaved_b	T3_hard_solvable	100k	31	true		
ac-v1-03133	INTLB-b4-1103-1	ACP-043915	interleaved_b	T1_easy	10k_final	30	true		
ac-v1-03134	INTLB-b3t-342-1	ACP-038968	interleaved_b	T1_easy	10k_final	26	true		
ac-v1-03135	INTLB-b3t-457-0	ACP-042759	interleaved_b	T1_easy	10k_final	29	true		
ac-v1-03136	INTLB-b4-139-1	ACP-043329	interleaved_b	T1_easy	10k_final	36	true		
ac-v1-03137	INTLB-b4-1436-0	ACP-045216	interleaved_b	T2_medium	100k	31	true		
ac-v1-03138	INTLB-b4-2105-1	ACP-038746	interleaved_b	T1_easy	10k_final	33	true		
ac-v1-03139	AUTH-24_4-k12-2	ACP-035617	aut_hard	T5_moonshot	100k	30	true		
ac-v1-03140	MS-n10-wXXYYxxy	ACP-015381	ms_expanded	T4_frontier	100k	31	true		
ac-v1-03141	MS-n8-wyXyyyxYYY	ACP-035253	ms_expanded	T1_easy	10k_final	29	true		
ac-v1-03142	MS-n2-wXXYXyyxxxy	ACP-006582	ms_expanded	T1_easy	10k_final	18	true		
ac-v1-03143	INTLB-b4-1586-0	ACP-038888	interleaved_b	T1_easy	10k_final	24	true		
ac-v1-03144	INTLB-b4-2229-0	ACP-041432	interleaved_b	T1_easy	10k_final	25	true		
ac-v1-03145	INTL-b1-111-0	ACP-025557	interleaved	T1_easy	10k_final	15	true		
ac-v1-03146	INTLB-b4-2387-0	ACP-044347	interleaved_b	T2_medium	100k	29	true		
ac-v1-03147	MS-n7-wXXXYxxxyy	ACP-035727	ms_expanded	T4_frontier	100k	27	true		
ac-v1-03148	MS-n2-wXXXyxxyxY	ACP-027731	ms_expanded	T4_frontier	100k	17	true		
ac-v1-03149	INTLB-b4-2585-1	ACP-038122	interleaved_b	T2_medium	100k	26	true		
ac-v1-03150	INTL-b2-104-1	ACP-017913	interleaved	T1_easy	10k_final	27	true		
ac-v1-03151	INTLB-b4-2774-0	ACP-039313	interleaved_b	T2_medium	100k	27	true		
ac-v1-03152	INTL-b3-206-1	ACP-001535	interleaved	T3_hard_solvable	100k	31	true		
ac-v1-03153	INTLB-b4-2010-1	ACP-038420	interleaved_b	T2_medium	100k	28	true		
ac-v1-03154	MS-n5-wYYYXyxY	ACP-002018	ms_expanded	T1_easy	10k_final	21	true	uncertified	1097
ac-v1-03155	MS-n6-wXXyxxYY	ACP-025415	ms_expanded	T5_moonshot	100k	23	false	open	1014
ac-v1-03156	AUTH-19_30-k1-2	ACP-020161	aut_hard	T5_moonshot	100k	25	true		
ac-v1-03157	INTLB-b4-2649-0	ACP-046978	interleaved_b	T2_medium	100k	34	true		
ac-v1-03158	INTLB-b4-2010-0	ACP-039299	interleaved_b	T1_easy	10k_final	32	true		
ac-v1-03159	INTLB-b4-1205-1	ACP-044655	interleaved_b	T1_easy	10k_final	33	true		
ac-v1-03160	INTLB-b4-2638-1	ACP-042733	interleaved_b	T2_medium	100k	33	true		
ac-v1-03161	INTLB-b4-587-1	ACP-046791	interleaved_b	T3_hard_solvable	100k	25	true		
ac-v1-03162	INTLB-b4-1882-1	ACP-042949	interleaved_b	T1_easy	10k_final	29	true		
ac-v1-03163	INTLB-b3t-227-0	ACP-046234	interleaved_b	T1_easy	10k_final	22	true		
ac-v1-03164	INTLB-b4-1994-0	ACP-037484	interleaved_b	T1_easy	10k_final	25	true		
ac-v1-03165	MS-n5-wXyxxyXy	ACP-033179	ms_expanded	T4_frontier	100k	21	true	open	768
ac-v1-03166	AUTH-25_21-k0-0	ACP-002161	aut_hard	T5_moonshot	100k	25	true		
ac-v1-03167	INTLB-b4-200-1	ACP-042215	interleaved_b	T1_easy	10k_final	23	true		
ac-v1-03168	INTLB-b3t-43-1	ACP-038697	interleaved_b	T1_easy	10k_final	35	true		
ac-v1-03169	INTLB-b4-2468-1	ACP-038636	interleaved_b	T3_hard_solvable	100k	28	true		
ac-v1-03170	MS-n4-wYXYYYYYxy	ACP-009296	ms_expanded	T1_easy	10k_final	21	true		
ac-v1-03171	MS-n7-wYXyyyxy	ACP-006483	ms_expanded	T4_frontier	100k	25	true	open	616
ac-v1-03172	INTL-b4-297-1	ACP-027559	interleaved	T3_hard_solvable	100k	31	true		
ac-v1-03173	INTLB-b4-1417-0	ACP-039107	interleaved_b	T1_easy	10k_final	30	true		
ac-v1-03174	INTLB-b3t-824-1	ACP-041493	interleaved_b	T1_easy	10k_final	29	true		
ac-v1-03175	INTLB-b3t-453-0	ACP-043522	interleaved_b	T2_medium	100k	33	true		
ac-v1-03176	MS-n9-wYXyxY	ACP-033786	ms_expanded	T2_medium	100k	27	true		
ac-v1-03177	INTLB-b4-1599-1	ACP-046404	interleaved_b	T1_easy	10k_final	33	true		
ac-v1-03178	INTLB-b4-1711-1	ACP-043914	interleaved_b	T1_easy	10k_final	29	true		
ac-v1-03179	MS-n5-wXyyxyyyy	ACP-020788	ms_expanded	T1_easy	10k_final	22	true		
ac-v1-03180	MS-n5-wYxyyXy	ACP-019015	ms_expanded	T2_medium	100k	20	true	uncertified	215
ac-v1-03181	MS-n6-wXyyxyyyyy	ACP-018877	ms_expanded	T1_easy	10k_final	25	true		
ac-v1-03182	INTLB-b3t-190-0	ACP-042387	interleaved_b	T1_easy	10k_final	31	true		
ac-v1-03183	AUTH-19_44-k0-0	ACP-003130	aut_hard	T5_moonshot	100k	19	true		
ac-v1-03184	MS-n10-wXXXYYxyxxY	ACP-019471	ms_expanded	T4_frontier	100k	34	true		
ac-v1-03185	INTLB-b4-739-1	ACP-043737	interleaved_b	T3_hard_solvable	100k	34	true		
ac-v1-03186	INTLB-b4-936-1	ACP-043141	interleaved_b	T2_medium	100k	34	true		
ac-v1-03187	INTLB-b3t-651-1	ACP-045817	interleaved_b	T1_easy	10k_final	33	true		
ac-v1-03188	INTLB-b3t-325-0	ACP-038362	interleaved_b	T1_easy	10k_final	29	true		
ac-v1-03189	AUTH-23_12-k1-2	ACP-015546	aut_hard	T5_moonshot	100k	23	true		
ac-v1-03190	INTLB-b3t-509-1	ACP-047184	interleaved_b	T1_easy	10k_final	33	true		
ac-v1-03191	INTLB-b3t-803-1	ACP-044301	interleaved_b	T1_easy	10k_final	29	true		
ac-v1-03192	MS-n10-wXXyxYYxy	ACP-018168	ms_expanded	T4_frontier	100k	32	true		
ac-v1-03193	MS-n8-wYYXYxy	ACP-020323	ms_expanded	T4_frontier	100k	26	true		
ac-v1-03194	MS-n8-wXYYxy	ACP-036226	ms_expanded	T4_frontier	100k	25	true		
ac-v1-03195	MS-n3-wXXyyyxxyyy	ACP-008616	ms_expanded	T1_easy	10k_final	20	true		
ac-v1-03196	INTLB-b4-3060-0	ACP-040657	interleaved_b	T2_medium	100k	30	true		
ac-v1-03197	INTLB-b3t-41-1	ACP-046718	interleaved_b	T1_easy	10k_final	34	true		
ac-v1-03198	INTLB-b4-1598-0	ACP-040134	interleaved_b	T3_hard_solvable	100k	31	true		
ac-v1-03199	MS-n5-wXXYYYxYxY	ACP-023458	ms_expanded	T4_frontier	100k	23	true		
ac-v1-03200	INTLB-b4-1396-1	ACP-041220	interleaved_b	T2_medium	100k	32	true		
ac-v1-03201	MS-n6-wyyyxyXyyyy	ACP-007752	ms_expanded	T2_medium	100k	26	true		
ac-v1-03202	INTLB-b3t-196-1	ACP-040654	interleaved_b	T1_easy	10k_final	34	true		
ac-v1-03203	INTLB-b3t-676-0	ACP-043456	interleaved_b	T1_easy	10k_final	31	true		
ac-v1-03204	INTLB-b3t-496-0	ACP-041817	interleaved_b	T1_easy	10k_final	29	true		
ac-v1-03205	INTLB-b4-1718-0	ACP-041281	interleaved_b	T1_easy	10k_final	29	true		
ac-v1-03206	INTLB-b3t-297-0	ACP-042062	interleaved_b	T1_easy	10k_final	21	true		
ac-v1-03207	INTLB-b4-1777-0	ACP-046623	interleaved_b	T1_easy	10k_final	29	true		
ac-v1-03208	INTLB-b4-155-1	ACP-040822	interleaved_b	T1_easy	10k_final	29	true		
ac-v1-03209	MS-n4-wXYxyyyy	ACP-000810	ms_expanded	T5_moonshot	100k	19	false	open	830
ac-v1-03210	MS-n10-wYYYYYxYYXy	ACP-026879	ms_expanded	T2_medium	100k	34	true		
ac-v1-03211	MS-n9-wYYYxyyyXy	ACP-027204	ms_expanded	T1_easy	10k_final	31	true		
ac-v1-03212	INTLB-b3t-495-0	ACP-041514	interleaved_b	T1_easy	10k_final	33	true		
ac-v1-03213	MS-n5-wXYYYYxYYY	ACP-008641	ms_expanded	T1_easy	10k_final	23	true		
ac-v1-03214	MS-n8-wXyxyy	ACP-011442	ms_expanded	T4_frontier	100k	25	true		
ac-v1-03215	INTLB-b3t-107-1	ACP-043933	interleaved_b	T1_easy	10k_final	30	true		
ac-v1-03216	INTL-b3-166-1	ACP-011633	interleaved	T1_easy	10k_final	31	true		
ac-v1-03217	INTLB-b3t-628-1	ACP-046417	interleaved_b	T1_easy	10k_final	31	true		
ac-v1-03218	MS-n9-wXyyxy	ACP-015147	ms_expanded	T4_frontier	100k	27	true		
ac-v1-03219	MS-n6-wYYYXyxy	ACP-008313	ms_expanded	T4_frontier	100k	23	false	open	510
ac-v1-03220	INTLB-b4-1833-0	ACP-038395	interleaved_b	T2_medium	100k	36	true		
ac-v1-03221	MS-n4-wYxyXy	ACP-023369	ms_expanded	T1_easy	10k_final	17	true	uncertified	95
ac-v1-03222	MS-n7-wXXYxYxY	ACP-012441	ms_expanded	T5_moonshot	100k	25	true	open	952
ac-v1-03223	INTLB-b3t-50-1	ACP-038768	interleaved_b	T1_easy	10k_final	31	true		
ac-v1-03224	INTLB-b3t-215-1	ACP-047094	interleaved_b	T1_easy	10k_final	31	true		
ac-v1-03225	INTLB-b4-1671-0	ACP-046241	interleaved_b	T3_hard_solvable	100k	24	true		
ac-v1-03226	INTLB-b3t-699-1	ACP-045215	interleaved_b	T1_easy	10k_final	32	true		
ac-v1-03227	INTLB-b3t-111-0	ACP-041903	interleaved_b	T1_easy	10k_final	29	true		
ac-v1-03228	MS-n6-wXYxYYYY	ACP-021122	ms_expanded	T4_frontier	100k	23	true	open	853
ac-v1-03229	INTLB-b4-2734-1	ACP-046057	interleaved_b	T2_medium	100k	30	true		
ac-v1-03230	MS-n5-wXXyyxxyy	ACP-031364	ms_expanded	T4_frontier	100k	22	true		
ac-v1-03231	MS-n3-wXYxyyyyy	ACP-002966	ms_expanded	T1_easy	10k_final	18	true		
ac-v1-03232	MS-n9-wXXyxxy	ACP-032779	ms_expanded	T4_frontier	100k	28	true		
ac-v1-03233	MS-n10-wXXYYxyxy	ACP-018957	ms_expanded	T4_frontier	100k	32	true		
ac-v1-03234	INTLB-b3t-504-0	ACP-041905	interleaved_b	T1_easy	10k_final	29	true		
ac-v1-03235	INTLB-b4-153-1	ACP-046989	interleaved_b	T1_easy	10k_final	24	true		
ac-v1-03236	INTLB-b4-2053-0	ACP-044362	interleaved_b	T2_medium	100k	29	true		
ac-v1-03237	MS-n5-wYYYYYYXYxy	ACP-009685	ms_expanded	T2_medium	100k	24	true		
ac-v1-03238	AUTH-15_7-k12-0	ACP-004837	aut_hard	T5_moonshot	100k	21	true		
ac-v1-03239	MS-n6-wyXyyyxy	ACP-005166	ms_expanded	T1_easy	10k_final	23	true	uncertified	608
ac-v1-03240	INTLB-b4-2529-1	ACP-038666	interleaved_b	T2_medium	100k	35	true		
ac-v1-03241	INTL-b3-162-0	ACP-014368	interleaved	T1_easy	10k_final	29	true		
ac-v1-03242	MS-n9-wXXXYxyxyxy	ACP-027561	ms_expanded	T4_frontier	100k	32	true		
ac-v1-03243	INTLB-b3t-582-1	ACP-037465	interleaved_b	T1_easy	10k_final	23	true		
ac-v1-03244	MS-n6-wXyyyyxyy	ACP-006715	ms_expanded	T1_easy	10k_final	24	true		
ac-v1-03245	INTLB-b4-1589-1	ACP-046103	interleaved_b	T3_hard_solvable	100k	33	true		
ac-v1-03246	INTL-b2-209-1	ACP-034909	interleaved	T1_easy	10k_final	17	true		
ac-v1-03247	AUTH-21_36-k0-0	ACP-014480	aut_hard	T5_moonshot	100k	21	true		
ac-v1-03248	INTLB-b4-256-1	ACP-043312	interleaved_b	T3_hard_solvable	100k	31	true		
ac-v1-03249	INTLB-b3t-819-0	ACP-046552	interleaved_b	T1_easy	10k_final	35	true		
ac-v1-03250	INTLB-b4-1219-0	ACP-038319	interleaved_b	T1_easy	10k_final	26	true		
ac-v1-03251	INTLB-b4-3064-0	ACP-039185	interleaved_b	T2_medium	100k	25	true		
ac-v1-03252	INTLB-b4-3149-1	ACP-039627	interleaved_b	T2_medium	100k	33	true		
ac-v1-03253	INTLB-b3t-246-0	ACP-040693	interleaved_b	T1_easy	10k_final	29	true		
ac-v1-03254	MS-n2-wyxyXyyy	ACP-018192	ms_expanded	T1_easy	10k_final	15	true	uncertified	555
ac-v1-03255	MS-n2-wXXYxyyxyy	ACP-012939	ms_expanded	T4_frontier	100k	17	true		
ac-v1-03256	MS-n7-wXXXYxxxYY	ACP-017469	ms_expanded	T4_frontier	100k	27	true		
ac-v1-03257	INTLB-b4-1823-0	ACP-045192	interleaved_b	T1_easy	10k_final	22	true		
ac-v1-03258	AUTH-19_5-k1-1	ACP-007657	aut_hard	T5_moonshot	100k	25	true		
ac-v1-03259	AUTH-19_25-k1-3	ACP-010579	aut_hard	T5_moonshot	100k	19	true		
ac-v1-03260	INTLB-b4-1950-1	ACP-041782	interleaved_b	T1_easy	10k_final	31	true		
ac-v1-03261	INTL-b4-213-1	ACP-006162	interleaved	T1_easy	10k_final	29	true		
ac-v1-03262	MS-n8-wXYxyyyy	ACP-004373	ms_expanded	T4_frontier	100k	27	true		
ac-v1-03263	INTLB-b4-151-0	ACP-039468	interleaved_b	T1_easy	10k_final	23	true		
ac-v1-03264	MS-n8-wYxYXy	ACP-028584	ms_expanded	T4_frontier	100k	25	true		
ac-v1-03265	AUTH-21_23-k1-3	ACP-009379	aut_hard	T5_moonshot	100k	21	true		
ac-v1-03266	AUTH-15_15-k0-0	ACP-012287	aut_hard	T5_moonshot	100k	15	true		
ac-v1-03267	INTLB-b4-59-0	ACP-043067	interleaved_b	T2_medium	100k	36	true		
ac-v1-03268	INTLB-b4-2190-0	ACP-041995	interleaved_b	T1_easy	10k_final	27	true		
ac-v1-03269	INTLB-b4-1356-1	ACP-039342	interleaved_b	T3_hard_solvable	100k	33	true		
ac-v1-03270	INTLB-b4-265-0	ACP-045370	interleaved_b	T3_hard_solvable	100k	34	true		
ac-v1-03271	INTLB-b4-3055-0	ACP-037954	interleaved_b	T2_medium	100k	33	true		
ac-v1-03272	INTLB-b4-1023-1	ACP-041768	interleaved_b	T1_easy	10k_final	19	true		
ac-v1-03273	INTLB-b3t-720-0	ACP-042781	interleaved_b	T1_easy	10k_final	23	true		
ac-v1-03274	MS-n7-wYYXYYxy	ACP-005410	ms_expanded	T4_frontier	100k	25	true	open	784
ac-v1-03275	INTLB-b3t-680-1	ACP-046781	interleaved_b	T1_easy	10k_final	31	true		
ac-v1-03276	INTLB-b4-184-0	ACP-043173	interleaved_b	T1_easy	10k_final	23	true		
ac-v1-03277	INTLB-b4-2161-1	ACP-039008	interleaved_b	T1_easy	10k_final	31	true		
ac-v1-03278	AUTH-19_1-k1-3	ACP-019285	aut_hard	T5_moonshot	100k	19	true		
ac-v1-03279	INTLB-b3t-874-0	ACP-042185	interleaved_b	T1_easy	10k_final	29	true		
ac-v1-03280	INTLB-b3t-336-1	ACP-041145	interleaved_b	T1_easy	10k_final	25	true		
ac-v1-03281	INTLB-b3t-456-1	ACP-046755	interleaved_b	T1_easy	10k_final	32	true		
ac-v1-03282	INTL-b2-106-0	ACP-027588	interleaved	T1_easy	10k_final	25	true		
ac-v1-03283	INTLB-b4-1379-0	ACP-045013	interleaved_b	T1_easy	10k_final	35	true		
ac-v1-03284	INTLB-b3t-398-0	ACP-041669	interleaved_b	T1_easy	10k_final	23	true		
ac-v1-03285	INTLB-b4-1706-0	ACP-046885	interleaved_b	T1_easy	10k_final	33	true		
ac-v1-03286	INTLB-b4-2202-1	ACP-038056	interleaved_b	T2_medium	100k	31	true		
ac-v1-03287	INTLB-b3t-337-0	ACP-040377	interleaved_b	T1_easy	10k_final	30	true		
ac-v1-03288	INTLB-b3t-144-0	ACP-039638	interleaved_b	T1_easy	10k_final	31	true		
ac-v1-03289	MS-n6-wYXYxyy	ACP-009795	ms_expanded	T4_frontier	100k	22	true	open	258
ac-v1-03290	INTLB-b4-1465-1	ACP-043808	interleaved_b	T2_medium	100k	33	true		
ac-v1-03291	INTLB-b3t-759-1	ACP-040813	interleaved_b	T1_easy	10k_final	27	true		
ac-v1-03292	INTL-b4-160-1	ACP-003845	interleaved	T1_easy	10k_final	33	true		
ac-v1-03293	MS-n2-wXYXYxYxY	ACP-015011	ms_expanded	T4_frontier	100k	16	true		
ac-v1-03294	INTLB-b3t-505-0	ACP-045499	interleaved_b	T1_easy	10k_final	29	true		
ac-v1-03295	INTLB-b4-759-1	ACP-041956	interleaved_b	T3_hard_solvable	100k	27	true		
ac-v1-03296	AUTH-21_41-k0-0	ACP-015838	aut_hard	T5_moonshot	100k	21	true		
ac-v1-03297	INTLB-b4-1390-1	ACP-037387	interleaved_b	T1_easy	10k_final	29	true		
ac-v1-03298	INTLB-b4-448-0	ACP-037769	interleaved_b	T2_medium	100k	21	true		
ac-v1-03299	INTLB-b4-1356-0	ACP-045159	interleaved_b	T1_easy	10k_final	33	true		
ac-v1-03300	INTLB-b4-821-0	ACP-043701	interleaved_b	T2_medium	100k	26	true		
ac-v1-03301	MS-n3-wYYXyxy	ACP-013373	ms_expanded	T5_moonshot	10k_final	16	false	open	346
ac-v1-03302	MS-n4-wXYXYYxxY	ACP-009546	ms_expanded	T4_frontier	100k	20	true		
ac-v1-03303	INTLB-b4-2063-1	ACP-046836	interleaved_b	T2_medium	100k	36	true		
ac-v1-03304	INTLB-b4-2966-0	ACP-039144	interleaved_b	T3_hard_solvable	100k	33	true		
ac-v1-03305	INTLB-b3t-83-1	ACP-044697	interleaved_b	T1_easy	10k_final	24	true		
ac-v1-03306	MS-n8-wXyyyxY	ACP-004060	ms_expanded	T4_frontier	100k	26	true		
ac-v1-03307	MS-n10-wXXYXYxxxY	ACP-023188	ms_expanded	T4_frontier	100k	33	true		
ac-v1-03308	MS-n10-wXXXyxxxyy	ACP-016014	ms_expanded	T4_frontier	100k	33	true		
ac-v1-03309	INTLB-b4-2050-1	ACP-038372	interleaved_b	T2_medium	100k	31	true		
ac-v1-03310	INTL-b2-288-0	ACP-004379	interleaved	T1_easy	10k_final	24	true		
ac-v1-03311	INTLB-b4-2002-1	ACP-045439	interleaved_b	T1_easy	10k_final	33	true		
ac-v1-03312	MS-n7-wXXYxyxY	ACP-024960	ms_expanded	T5_moonshot	100k	25	false	open	924
ac-v1-03313	INTLB-b4-1316-1	ACP-044723	interleaved_b	T1_easy	10k_final	31	true		
ac-v1-03314	MS-n6-wXYxYYY	ACP-024657	ms_expanded	T4_frontier	100k	22	true	open	489
ac-v1-03315	INTLB-b4-2455-1	ACP-042379	interleaved_b	T2_medium	100k	31	true		
ac-v1-03316	MS-n8-wXYxyyy	ACP-002514	ms_expanded	T4_frontier	100k	26	true		
ac-v1-03317	MS-n9-wyXyxY	ACP-026795	ms_expanded	T2_medium	100k	27	true		
ac-v1-03318	INTLB-b4-1659-1	ACP-039041	interleaved_b	T2_medium	100k	23	true		
ac-v1-03319	INTLB-b4-3955-0	ACP-041930	interleaved_b	T2_medium	100k	25	true		
ac-v1-03320	MS-n4-wYYXyxyy	ACP-004809	ms_expanded	T4_frontier	100k	19	true	open	550
ac-v1-03321	MS-n4-wXXyyyxxy	ACP-034137	ms_expanded	T4_frontier	100k	20	true		
ac-v1-03322	AUTH-19_52-k1-0	ACP-022264	aut_hard	T5_moonshot	100k	22	true		
ac-v1-03323	MS-n5-wXXXXyxxxxy	ACP-000137	ms_expanded	T4_frontier	100k	24	true		
ac-v1-03324	INTLB-b3t-511-1	ACP-039239	interleaved_b	T1_easy	10k_final	31	true		
ac-v1-03325	INTL-b2-231-0	ACP-012599	interleaved	T1_easy	10k_final	32	true		
ac-v1-03326	INTLB-b3t-324-1	ACP-045541	interleaved_b	T1_easy	10k_final	31	true		
ac-v1-03327	MS-n6-wXXyyxxyy	ACP-027352	ms_expanded	T4_frontier	100k	24	true		
ac-v1-03328	INTLB-b3t-337-1	ACP-043804	interleaved_b	T1_easy	10k_final	30	true		
ac-v1-03329	INTLB-b3t-550-1	ACP-045464	interleaved_b	T1_easy	10k_final	31	true		
ac-v1-03330	INTLB-b4-2830-0	ACP-044622	interleaved_b	T2_medium	100k	29	true		
ac-v1-03331	AUTH-21_9-k1-0	ACP-007754	aut_hard	T5_moonshot	100k	24	true		
ac-v1-03332	INTLB-b4-2051-0	ACP-040497	interleaved_b	T3_hard_solvable	100k	35	true		
ac-v1-03333	MS-n10-wXXXYxxyxYY	ACP-035458	ms_expanded	T4_frontier	100k	34	true		
ac-v1-03334	INTLB-b4-2786-0	ACP-037681	interleaved_b	T2_medium	100k	20	true		
ac-v1-03335	INTLB-b4-286-0	ACP-045876	interleaved_b	T3_hard_solvable	100k	29	true		
ac-v1-03336	INTL-b3-111-1	ACP-011479	interleaved	T1_easy	10k_final	25	true		
ac-v1-03337	INTLB-b4-499-1	ACP-040184	interleaved_b	T2_medium	100k	33	true		
ac-v1-03338	INTLB-b3t-566-0	ACP-040722	interleaved_b	T1_easy	10k_final	33	true		
ac-v1-03339	INTLB-b4-1128-1	ACP-038754	interleaved_b	T1_easy	10k_final	33	true		
ac-v1-03340	MS-n7-wXXXXyxxxxY	ACP-025928	ms_expanded	T4_frontier	100k	28	true		
ac-v1-03341	INTLB-b3t-319-0	ACP-044753	interleaved_b	T1_easy	10k_final	23	true		
ac-v1-03342	INTLB-b4-2164-1	ACP-040306	interleaved_b	T3_hard_solvable	100k	33	true		
ac-v1-03343	INTL-b3-112-1	ACP-020104	interleaved	T1_easy	10k_final	32	true		
ac-v1-03344	MS-n6-wyxyyXyy	ACP-034912	ms_expanded	T4_frontier	100k	23	false	open	545
ac-v1-03345	MS-n7-wXyyyxyy	ACP-027969	ms_expanded	T4_frontier	100k	25	true	open	602
ac-v1-03346	MS-n3-wXXXYxYxxy	ACP-030727	ms_expanded	T4_frontier	100k	19	true		
ac-v1-03347	MS-n6-wYxyXyyy	ACP-023056	ms_expanded	T2_medium	100k	23	true	uncertified	643
ac-v1-03348	INTLB-b4-2041-1	ACP-040709	interleaved_b	T3_hard_solvable	100k	26	true		
ac-v1-03349	AUTH-21_5-k1-1	ACP-021716	aut_hard	T5_moonshot	100k	21	true		
ac-v1-03350	AUTH-19_26-k1-2	ACP-023337	aut_hard	T5_moonshot	100k	25	true		
ac-v1-03351	MS-n8-wXXXyxYxxy	ACP-034480	ms_expanded	T4_frontier	100k	29	true		
ac-v1-03352	INTLB-b4-143-0	ACP-046918	interleaved_b	T1_easy	10k_final	19	true		
ac-v1-03353	MS-n7-wXXXYxYYxxy	ACP-027491	ms_expanded	T4_frontier	100k	28	true		
ac-v1-03354	INTLB-b4-1667-0	ACP-037276	interleaved_b	T1_easy	10k_final	24	true		
ac-v1-03355	MS-n8-wXYXYxxY	ACP-003468	ms_expanded	T4_frontier	100k	27	true		
ac-v1-03356	MS-n8-wXYYxyyy	ACP-014068	ms_expanded	T4_frontier	100k	27	true		
ac-v1-03357	INTLB-b4-3196-0	ACP-044383	interleaved_b	T2_medium	100k	15	true		
ac-v1-03358	MS-n5-wXYYYYYYxyy	ACP-004307	ms_expanded	T2_medium	100k	24	true		
ac-v1-03359	INTLB-b3t-696-0	ACP-041306	interleaved_b	T1_easy	10k_final	22	true		
ac-v1-03360	INTLB-b4-1364-1	ACP-043801	interleaved_b	T1_easy	10k_final	31	true		
ac-v1-03361	INTLB-b4-1200-1	ACP-042467	interleaved_b	T1_easy	10k_final	33	true		
ac-v1-03362	INTL-b4-256-1	ACP-035371	interleaved	T2_medium	100k	32	true		
ac-v1-03363	INTLB-b4-782-0	ACP-039367	interleaved_b	T3_hard_solvable	100k	26	true		
ac-v1-03364	MS-n3-wYxYYYXy	ACP-032293	ms_expanded	T1_easy	10k_final	17	true	uncertified	1123
ac-v1-03365	INTLB-b4-2706-0	ACP-039309	interleaved_b	T3_hard_solvable	100k	18	true		
ac-v1-03366	INTLB-b3t-130-0	ACP-046037	interleaved_b	T1_easy	10k_final	27	true		
ac-v1-03367	MS-n4-wXyyyxyy	ACP-035418	ms_expanded	T4_frontier	100k	19	true	open	599
ac-v1-03368	INTLB-b4-109-1	ACP-043837	interleaved_b	T1_easy	10k_final	33	true		
ac-v1-03369	INTLB-b4-2740-1	ACP-042567	interleaved_b	T3_hard_solvable	100k	24	true		
ac-v1-03370	INTLB-b3t-354-1	ACP-045992	interleaved_b	T1_easy	10k_final	31	true		
ac-v1-03371	INTLB-b4-1194-1	ACP-046587	interleaved_b	T1_easy	10k_final	28	true		
ac-v1-03372	INTLB-b4-1544-0	ACP-040582	interleaved_b	T2_medium	100k	33	true		
ac-v1-03373	INTLB-b4-2090-1	ACP-038991	interleaved_b	T2_medium	100k	33	true		
ac-v1-03374	MS-n4-wXyXyxxy	ACP-010971	ms_expanded	T5_moonshot	100k	19	false	open	998
ac-v1-03375	INTLB-b4-3024-0	ACP-037843	interleaved_b	T2_medium	100k	29	true		
ac-v1-03376	MS-n9-wXXXyxxxy	ACP-024049	ms_expanded	T4_frontier	100k	30	true		
ac-v1-03377	INTLB-b3t-552-0	ACP-045213	interleaved_b	T1_easy	10k_final	21	true		
ac-v1-03378	INTLB-b3t-139-0	ACP-042623	interleaved_b	T1_easy	10k_final	19	true		
ac-v1-03379	INTLB-b4-1920-0	ACP-038144	interleaved_b	T3_hard_solvable	100k	22	true		
ac-v1-03380	INTLB-b3t-433-1	ACP-045256	interleaved_b	T1_easy	10k_final	29	true		
ac-v1-03381	INTLB-b4-2159-0	ACP-046242	interleaved_b	T3_hard_solvable	100k	31	true		
ac-v1-03382	MS-n8-wXYxxyXY	ACP-014849	ms_expanded	T4_frontier	100k	27	true		
ac-v1-03383	MS-n10-wXXXYxYxxyy	ACP-033800	ms_expanded	T4_frontier	100k	34	true		
ac-v1-03384	AUTH-21_21-k1-1	ACP-009378	aut_hard	T5_moonshot	100k	29	true		
ac-v1-03385	INTLB-b4-2344-1	ACP-041017	interleaved_b	T2_medium	100k	24	true		
ac-v1-03386	INTLB-b4-1452-1	ACP-042216	interleaved_b	T1_easy	10k_final	28	true		
ac-v1-03387	AUTH-19_13-k1-2	ACP-012460	aut_hard	T5_moonshot	100k	25	true		
ac-v1-03388	INTLB-b4-1666-0	ACP-043601	interleaved_b	T1_easy	10k_final	32	true		
ac-v1-03389	INTLB-b4-1630-1	ACP-041127	interleaved_b	T1_easy	10k_final	30	true		
ac-v1-03390	MS-n5-wXYYxy	ACP-013831	ms_expanded	T4_frontier	100k	19	true	open	208
ac-v1-03391	INTLB-b4-3011-0	ACP-040836	interleaved_b	T2_medium	100k	28	true		
ac-v1-03392	INTLB-b4-2216-0	ACP-046603	interleaved_b	T3_hard_solvable	100k	33	true		
ac-v1-03393	MS-n3-wXYxxYXy	ACP-031910	ms_expanded	T5_moonshot	100k	17	false	open	1165
ac-v1-03394	INTLB-b3t-188-0	ACP-039811	interleaved_b	T1_easy	10k_final	34	true		
ac-v1-03395	INTLB-b4-498-0	ACP-040716	interleaved_b	T2_medium	100k	30	true		
ac-v1-03396	AUTH-25_2-k1-1	ACP-018318	aut_hard	T5_moonshot	100k	25	true		
ac-v1-03397	INTLB-b4-2020-0	ACP-043149	interleaved_b	T1_easy	10k_final	26	true		
ac-v1-03398	INTLB-b4-2014-1	ACP-044577	interleaved_b	T1_easy	10k_final	34	true		
ac-v1-03399	INTLB-b4-2048-0	ACP-042844	interleaved_b	T1_easy	10k_final	30	true		
ac-v1-03400	MS-n5-wYYYYXYxyy	ACP-005010	ms_expanded	T2_medium	100k	23	true		
ac-v1-03401	INTLB-b3t-629-0	ACP-042652	interleaved_b	T1_easy	10k_final	26	true		
ac-v1-03402	MS-n3-wyXyxyyy	ACP-006226	ms_expanded	T1_easy	10k_final	17	true	uncertified	521
ac-v1-03403	INTLB-b4-357-0	ACP-040706	interleaved_b	T2_medium	100k	29	true		
ac-v1-03404	INTLB-b3t-474-1	ACP-046172	interleaved_b	T1_easy	10k_final	29	true		
ac-v1-03405	INTLB-b4-3085-0	ACP-045550	interleaved_b	T3_hard_solvable	100k	34	true		
ac-v1-03406	INTLB-b4-718-1	ACP-038382	interleaved_b	T2_medium	100k	33	true		
ac-v1-03407	MS-n9-wXYxyyyy	ACP-009515	ms_expanded	T4_frontier	100k	29	true		
ac-v1-03408	INTLB-b4-2055-0	ACP-037481	interleaved_b	T2_medium	100k	24	true		
ac-v1-03409	MS-n1-wXXXYxYYxxY	ACP-012997	ms_expanded	T1_easy	10k_final	16	true		
ac-v1-03410	AUTH-19_45-k1-0	ACP-022746	aut_hard	T5_moonshot	100k	26	true		
ac-v1-03411	MS-n7-wXXyxYYxY	ACP-022515	ms_expanded	T4_frontier	100k	26	true		
ac-v1-03412	MS-n5-wyxYXyyy	ACP-031355	ms_expanded	T2_medium	100k	21	true	uncertified	761
ac-v1-03413	INTLB-b4-3189-1	ACP-044317	interleaved_b	T2_medium	100k	34	true		
ac-v1-03414	AUTH-21_10-k1-3	ACP-022395	aut_hard	T5_moonshot	100k	21	true		
ac-v1-03415	INTLB-b4-216-0	ACP-039433	interleaved_b	T1_easy	10k_final	26	true		
ac-v1-03416	INTLB-b4-3481-1	ACP-038344	interleaved_b	T2_medium	100k	31	true		
ac-v1-03417	MS-n5-wYxYYXy	ACP-011697	ms_expanded	T4_frontier	100k	20	true	open	243
ac-v1-03418	INTLB-b4-1364-0	ACP-047122	interleaved_b	T1_easy	10k_final	31	true		
ac-v1-03419	INTLB-b4-1427-0	ACP-046039	interleaved_b	T1_easy	10k_final	31	true		
ac-v1-03420	INTLB-b4-2961-1	ACP-045690	interleaved_b	T3_hard_solvable	100k	28	true		
ac-v1-03421	INTLB-b4-1475-0	ACP-041926	interleaved_b	T1_easy	10k_final	35	true		
ac-v1-03422	INTLB-b4-531-0	ACP-039592	interleaved_b	T2_medium	100k	24	true		
ac-v1-03423	INTLB-b4-1545-0	ACP-046002	interleaved_b	T1_easy	10k_final	34	true		
ac-v1-03424	MS-n6-wXXyxxY	ACP-013718	ms_expanded	T5_moonshot	100k	22	true	open	419
ac-v1-03425	MS-n4-wXXYxYYxY	ACP-002747	ms_expanded	T4_frontier	100k	20	true		
ac-v1-03426	MS-n4-wXXYxxyyy	ACP-031394	ms_expanded	T4_frontier	100k	20	true		
ac-v1-03427	INTLB-b4-1732-1	ACP-042258	interleaved_b	T1_easy	10k_final	23	true		
ac-v1-03428	AUTH-18_7-k0-0	ACP-011105	aut_hard	T5_moonshot	100k	18	true		
ac-v1-03429	INTLB-b3t-675-0	ACP-044234	interleaved_b	T1_easy	10k_final	31	true		
ac-v1-03430	AUTH-20_12-k1-0	ACP-011327	aut_hard	T5_moonshot	100k	23	true		
ac-v1-03431	INTLB-b4-263-1	ACP-044842	interleaved_b	T3_hard_solvable	100k	31	true		
ac-v1-03432	MS-n10-wXXXYxxyxy	ACP-033008	ms_expanded	T4_frontier	100k	33	true		
ac-v1-03433	INTLB-b4-284-0	ACP-042048	interleaved_b	T3_hard_solvable	100k	29	true		
ac-v1-03434	AUTH-23_15-k1-0	ACP-001358	aut_hard	T5_moonshot	100k	35	true		
ac-v1-03435	MS-n3-wXXYYxyxY	ACP-001165	ms_expanded	T4_frontier	100k	18	true		
ac-v1-03436	MS-n6-wYXYYxYYYYY	ACP-005895	ms_expanded	T1_easy	10k_final	26	true		
ac-v1-03437	INTLB-b3t-258-1	ACP-038661	interleaved_b	T1_easy	10k_final	31	true		
ac-v1-03438	INTLB-b4-46-1	ACP-040517	interleaved_b	T2_medium	100k	34	true		
ac-v1-03439	INTLB-b4-1399-1	ACP-038007	interleaved_b	T3_hard_solvable	100k	25	true		
ac-v1-03440	INTLB-b4-2993-0	ACP-045531	interleaved_b	T2_medium	100k	33	true		
ac-v1-03441	INTLB-b4-1618-1	ACP-040274	interleaved_b	T3_hard_solvable	100k	31	true		
ac-v1-03442	INTLB-b4-196-1	ACP-039390	interleaved_b	T1_easy	10k_final	29	true		
ac-v1-03443	INTLB-b3t-228-1	ACP-043467	interleaved_b	T1_easy	10k_final	35	true		
ac-v1-03444	INTLB-b3t-918-1	ACP-037382	interleaved_b	T1_easy	10k_final	27	true		
ac-v1-03445	INTLB-b4-1217-0	ACP-046548	interleaved_b	T1_easy	10k_final	19	true		
ac-v1-03446	INTLB-b4-1201-1	ACP-037810	interleaved_b	T1_easy	10k_final	31	true		
ac-v1-03447	INTLB-b4-1987-1	ACP-040008	interleaved_b	T2_medium	100k	31	true		
ac-v1-03448	MS-n10-wyyyyyy	ACP-015163	ms_expanded	T0_warmup	10k_final	30	true		
ac-v1-03449	MS-n6-wYYYXYxY	ACP-017130	ms_expanded	T4_frontier	100k	23	true	open	776
ac-v1-03450	INTLB-b4-1371-1	ACP-039142	interleaved_b	T1_easy	10k_final	29	true		
ac-v1-03451	MS-n8-wXXXYxYYxxY	ACP-029452	ms_expanded	T4_frontier	100k	30	true		
ac-v1-03452	AUTH-19_20-k1-2	ACP-031224	aut_hard	T5_moonshot	100k	19	true		
ac-v1-03453	INTLB-b4-1350-0	ACP-038078	interleaved_b	T1_easy	10k_final	25	true		
ac-v1-03454	INTLB-b4-1680-0	ACP-041691	interleaved_b	T1_easy	10k_final	33	true		
ac-v1-03455	MS-n2-wXXXYYxxxy	ACP-026061	ms_expanded	T5_moonshot	10k_final	17	true		
ac-v1-03456	INTLB-b4-3251-0	ACP-039314	interleaved_b	T2_medium	100k	23	true		
ac-v1-03457	INTLB-b3t-288-1	ACP-043926	interleaved_b	T1_easy	10k_final	30	true		
ac-v1-03458	INTLB-b3t-273-0	ACP-041138	interleaved_b	T1_easy	10k_final	27	true		
ac-v1-03459	INTL-b4-134-1	ACP-027348	interleaved	T1_easy	10k_final	27	true		
ac-v1-03460	INTLB-b4-2544-1	ACP-038745	interleaved_b	T2_medium	100k	26	true		
ac-v1-03461	INTLB-b3t-292-1	ACP-045577	interleaved_b	T1_easy	10k_final	31	true		
ac-v1-03462	INTLB-b4-1512-0	ACP-047037	interleaved_b	T2_medium	100k	33	true		
ac-v1-03463	INTLB-b4-1377-1	ACP-039503	interleaved_b	T1_easy	10k_final	31	true		
ac-v1-03464	INTL-b4-59-0	ACP-033945	interleaved	T2_medium	100k	26	true		
ac-v1-03465	INTLB-b3t-786-1	ACP-041602	interleaved_b	T1_easy	10k_final	29	true		
ac-v1-03466	INTL-b4-211-1	ACP-003847	interleaved	T1_easy	10k_final	19	true		
ac-v1-03467	MS-n2-wXXyxxy	ACP-012606	ms_expanded	T5_moonshot	10k_final	14	true	open	366
ac-v1-03468	INTLB-b4-1633-0	ACP-045497	interleaved_b	T1_easy	10k_final	33	true		
ac-v1-03469	MS-n10-wXXXYxxyxyy	ACP-032410	ms_expanded	T4_frontier	100k	34	true		
ac-v1-03470	INTLB-b4-2038-0	ACP-046788	interleaved_b	T2_medium	100k	28	true		
ac-v1-03471	MS-n2-wXyXYxxY	ACP-033742	ms_expanded	T5_moonshot	10k_final	15	false	open	1115
ac-v1-03472	MS-n7-wXXyxxYYY	ACP-027015	ms_expanded	T4_frontier	100k	26	true		
ac-v1-03473	INTLB-b3t-855-1	ACP-044748	interleaved_b	T1_easy	10k_final	31	true		
ac-v1-03474	INTL-b2-243-0	ACP-014963	interleaved	T1_easy	10k_final	31	true		
ac-v1-03475	INTLB-b3t-382-1	ACP-040852	interleaved_b	T1_easy	10k_final	31	true		
ac-v1-03476	MS-n2-wXXYxxxyXY	ACP-005650	ms_expanded	T4_frontier	100k	17	true		
ac-v1-03477	INTLB-b4-1715-1	ACP-040214	interleaved_b	T1_easy	10k_final	31	true		
ac-v1-03478	INTLB-b4-2501-0	ACP-038804	interleaved_b	T2_medium	100k	32	true		
ac-v1-03479	AUTH-17_5-k12-0	ACP-011354	aut_hard	T5_moonshot	100k	17	true		
ac-v1-03480	MS-n7-wYYXyxyyyy	ACP-022639	ms_expanded	T1_easy	10k_final	27	true		
ac-v1-03481	INTLB-b4-2076-1	ACP-040583	interleaved_b	T2_medium	100k	35	true		
ac-v1-03482	INTL-b4-27-0	ACP-003444	interleaved	T3_hard_solvable	100k	36	true		
ac-v1-03483	MS-n7-wXXXYxxYxy	ACP-019608	ms_expanded	T4_frontier	100k	27	true		
ac-v1-03484	INTLB-b3t-78-0	ACP-045739	interleaved_b	T1_easy	10k_final	30	true		
ac-v1-03485	MS-n7-wXYYxYYYYYY	ACP-010233	ms_expanded	T2_medium	100k	28	true		
ac-v1-03486	MS-n5-wXXXYYxxxYY	ACP-008880	ms_expanded	T4_frontier	100k	24	true		
ac-v1-03487	INTLB-b3t-142-0	ACP-044131	interleaved_b	T1_easy	10k_final	26	true		
ac-v1-03488	INTL-b4-210-1	ACP-013323	interleaved	T2_medium	100k	31	true		
ac-v1-03489	INTLB-b3t-470-0	ACP-042885	interleaved_b	T2_medium	100k	25	true		
ac-v1-03490	INTLB-b3t-303-0	ACP-043917	interleaved_b	T1_easy	10k_final	28	true		
ac-v1-03491	INTLB-b4-857-0	ACP-039193	interleaved_b	T3_hard_solvable	100k	34	true		
ac-v1-03492	MS-n6-wYxYXyyy	ACP-010201	ms_expanded	T4_frontier	100k	23	false	open	650
ac-v1-03493	MS-n8-wyyyy	ACP-035408	ms_expanded	T0_warmup	10k_final	24	true		
ac-v1-03494	INTLB-b4-1459-1	ACP-046036	interleaved_b	T1_easy	10k_final	31	true		
ac-v1-03495	MS-n3-wXXYxYxY	ACP-029298	ms_expanded	T5_moonshot	100k	17	true	open	948
ac-v1-03496	AUTH-23_14-k1-2	ACP-036554	aut_hard	T5_moonshot	100k	35	true		
ac-v1-03497	INTLB-b3t-839-0	ACP-039911	interleaved_b	T1_easy	10k_final	31	true		
ac-v1-03498	AUTH-17_8-k12-0	ACP-017586	aut_hard	T5_moonshot	100k	17	true		
ac-v1-03499	INTLB-b3t-486-0	ACP-046352	interleaved_b	T1_easy	10k_final	29	true		
ac-v1-03500	INTLB-b4-117-1	ACP-045197	interleaved_b	T1_easy	10k_final	34	true		
ac-v1-03501	MS-n8-wYYYY	ACP-017440	ms_expanded	T0_warmup	10k_final	24	true		
ac-v1-03502	INTLB-b4-1500-1	ACP-037499	interleaved_b	T1_easy	10k_final	32	true		
ac-v1-03503	MS-n2-wXXYYYxxY	ACP-007191	ms_expanded	T5_moonshot	10k_final	16	true		
ac-v1-03504	INTLB-b4-2141-0	ACP-046905	interleaved_b	T1_easy	10k_final	34	true		
ac-v1-03505	INTLB-b4-2184-0	ACP-044249	interleaved_b	T1_easy	10k_final	34	true		
ac-v1-03506	MS-n3-wXXYYxyxy	ACP-024243	ms_expanded	T4_frontier	100k	18	true		
ac-v1-03507	MS-n9-wXyxxYXy	ACP-010887	ms_expanded	T4_frontier	100k	29	true		
ac-v1-03508	INTLB-b4-3196-1	ACP-037636	interleaved_b	T2_medium	100k	22	true		
ac-v1-03509	INTLB-b4-2804-0	ACP-037918	interleaved_b	T3_hard_solvable	100k	35	true		
ac-v1-03510	MS-n7-wXYxxyXY	ACP-009916	ms_expanded	T5_moonshot	100k	25	false	open	840
ac-v1-03511	INTLB-b4-3311-1	ACP-040478	interleaved_b	T3_hard_solvable	100k	35	true		
ac-v1-03512	INTLB-b4-12-1	ACP-042073	interleaved_b	T1_easy	10k_final	29	true		
ac-v1-03513	INTLB-b4-3194-1	ACP-039374	interleaved_b	T2_medium	100k	26	true		
ac-v1-03514	INTL-b2-222-0	ACP-031890	interleaved	T1_easy	10k_final	28	true		
ac-v1-03515	INTLB-b4-1989-1	ACP-045575	interleaved_b	T1_easy	10k_final	31	true		
ac-v1-03516	INTLB-b3t-655-0	ACP-046784	interleaved_b	T1_easy	10k_final	27	true		
ac-v1-03517	MS-n5-wYXYxYYY	ACP-004595	ms_expanded	T1_easy	10k_final	21	true	uncertified	978
ac-v1-03518	INTLB-b3t-610-1	ACP-040772	interleaved_b	T1_easy	10k_final	33	true		
ac-v1-03519	INTLB-b4-1185-0	ACP-041651	interleaved_b	T1_easy	10k_final	29	true		
ac-v1-03520	INTLB-b4-1557-1	ACP-039432	interleaved_b	T1_easy	10k_final	31	true		
ac-v1-03521	MS-n8-wyyXyyxYYY	ACP-010512	ms_expanded	T2_medium	100k	29	true		
ac-v1-03522	INTLB-b4-1606-1	ACP-043707	interleaved_b	T2_medium	100k	27	true		
ac-v1-03523	MS-n5-wYYXYxYY	ACP-028327	ms_expanded	T4_frontier	100k	21	true	open	964
ac-v1-03524	AUTH-23_5-k12-0	ACP-028512	aut_hard	T5_moonshot	100k	27	true		
ac-v1-03525	MS-n3-wYXYxY	ACP-011967	ms_expanded	T5_moonshot	10k_final	15	true	open	129
ac-v1-03526	INTLB-b4-2396-0	ACP-041810	interleaved_b	T2_medium	100k	21	true		
ac-v1-03527	INTLB-b4-2642-0	ACP-046980	interleaved_b	T2_medium	100k	33	true		
ac-v1-03528	MS-n7-wXXXyxxYxy	ACP-033903	ms_expanded	T4_frontier	100k	27	true		
ac-v1-03529	INTLB-b3t-264-0	ACP-040132	interleaved_b	T1_easy	10k_final	31	true		
ac-v1-03530	INTLB-b3t-14-1	ACP-039302	interleaved_b	T1_easy	10k_final	28	true		
ac-v1-03531	MS-n6-wXYxYY	ACP-011272	ms_expanded	T4_frontier	100k	21	true	open	118
ac-v1-03532	INTLB-b4-287-0	ACP-043740	interleaved_b	T3_hard_solvable	100k	35	true		
ac-v1-03533	MS-n2-wXyyxxyXY	ACP-019736	ms_expanded	T1_easy	10k_final	16	true		
ac-v1-03534	INTLB-b4-1134-0	ACP-041635	interleaved_b	T1_easy	10k_final	25	true		
ac-v1-03535	INTLB-b4-459-0	ACP-038524	interleaved_b	T2_medium	100k	27	true		
ac-v1-03536	INTL-b4-194-0	ACP-022359	interleaved	T2_medium	100k	31	true		
ac-v1-03537	MS-n9-wXXXXYxxxxY	ACP-030710	ms_expanded	T4_frontier	100k	32	true		
ac-v1-03538	MS-n4-wXXXYxyxxYY	ACP-011858	ms_expanded	T4_frontier	100k	22	true		
ac-v1-03539	INTL-b3-116-0	ACP-020373	interleaved	T1_easy	10k_final	24	true		
ac-v1-03540	INTLB-b4-2516-0	ACP-044405	interleaved_b	T2_medium	100k	21	true		
ac-v1-03541	AUTH-19_18-k1-1	ACP-034010	aut_hard	T5_moonshot	100k	27	true		
ac-v1-03542	INTLB-b4-1973-1	ACP-041461	interleaved_b	T3_hard_solvable	100k	29	true		
ac-v1-03543	MS-n8-wXXXYxyxYxy	ACP-033864	ms_expanded	T4_frontier	100k	30	true		
ac-v1-03544	MS-n6-wXXyxYYxY	ACP-009954	ms_expanded	T4_frontier	100k	24	true		
ac-v1-03545	MS-n2-wXYxxyXYY	ACP-017815	ms_expanded	T4_frontier	100k	16	true		
ac-v1-03546	INTLB-b4-269-0	ACP-042816	interleaved_b	T3_hard_solvable	100k	36	true		
ac-v1-03547	INTLB-b3t-897-1	ACP-045561	interleaved_b	T1_easy	10k_final	33	true		
ac-v1-03548	INTLB-b3t-486-1	ACP-044880	interleaved_b	T1_easy	10k_final	29	true		
ac-v1-03549	MS-n10-wXyxxyXY	ACP-013630	ms_expanded	T4_frontier	100k	31	true		
ac-v1-03550	INTLB-b3t-128-0	ACP-044161	interleaved_b	T1_easy	10k_final	27	true		
ac-v1-03551	MS-n6-wXXYYxYxY	ACP-028689	ms_expanded	T4_frontier	100k	24	true		
ac-v1-03552	MS-n5-wYxYXyy	ACP-017779	ms_expanded	T4_frontier	100k	20	true	open	264
ac-v1-03553	MS-n5-wXYxYYYYY	ACP-001966	ms_expanded	T2_medium	100k	22	true		
ac-v1-03554	INTLB-b3t-687-1	ACP-040342	interleaved_b	T1_easy	10k_final	27	true		
ac-v1-03555	AUTH-23_14-k12-0	ACP-011173	aut_hard	T5_moonshot	100k	36	true		
ac-v1-03556	INTLB-b4-460-1	ACP-037945	interleaved_b	T2_medium	100k	28	true		
ac-v1-03557	MS-n5-wXXXYxxyxyy	ACP-005064	ms_expanded	T4_frontier	100k	24	true		
ac-v1-03558	INTLB-b4-2452-1	ACP-039040	interleaved_b	T2_medium	100k	29	true		
ac-v1-03559	INTLB-b3t-489-0	ACP-039584	interleaved_b	T3_hard_solvable	100k	29	true		
ac-v1-03560	AUTH-17_3-k1-2	ACP-018763	aut_hard	T5_moonshot	100k	17	true		
ac-v1-03561	INTLB-b3t-838-0	ACP-043322	interleaved_b	T1_easy	10k_final	27	true		
ac-v1-03562	MS-n2-wXXyyxyyxYY	ACP-008089	ms_expanded	T1_easy	10k_final	18	true		
ac-v1-03563	INTLB-b4-1853-0	ACP-039957	interleaved_b	T1_easy	10k_final	23	true		
ac-v1-03564	INTLB-b4-1077-1	ACP-046300	interleaved_b	T1_easy	10k_final	27	true		
ac-v1-03565	INTLB-b4-1632-1	ACP-040275	interleaved_b	T1_easy	10k_final	30	true		
ac-v1-03566	INTL-b2-178-0	ACP-014879	interleaved	T1_easy	10k_final	31	true		
ac-v1-03567	INTLB-b3t-521-0	ACP-037407	interleaved_b	T1_easy	10k_final	21	true		
ac-v1-03568	INTLB-b4-1831-1	ACP-047196	interleaved_b	T3_hard_solvable	100k	33	true		
ac-v1-03569	MS-n8-wYXYxY	ACP-010101	ms_expanded	T4_frontier	100k	25	true		
ac-v1-03570	INTLB-b3t-376-1	ACP-044279	interleaved_b	T1_easy	10k_final	23	true		
ac-v1-03571	MS-n9-wyXyyxY	ACP-028975	ms_expanded	T4_frontier	100k	28	true		
ac-v1-03572	INTL-b4-184-0	ACP-022410	interleaved	T1_easy	10k_final	29	true		
ac-v1-03573	INTLB-b4-531-1	ACP-043989	interleaved_b	T2_medium	100k	27	true		
ac-v1-03574	AUTH-21_4-k12-0	ACP-023550	aut_hard	T5_moonshot	100k	31	true		
ac-v1-03575	MS-n7-wXYYYYxYYYY	ACP-026218	ms_expanded	T1_easy	10k_final	28	true		
ac-v1-03576	MS-n4-wXYYYYxYYY	ACP-012223	ms_expanded	T0_warmup	10k_final	21	true		
ac-v1-03577	INTLB-b3t-338-0	ACP-038389	interleaved_b	T1_easy	10k_final	24	true		
ac-v1-03578	MS-n9-wYYYYYY	ACP-017646	ms_expanded	T0_warmup	10k_final	28	true		
ac-v1-03579	INTLB-b4-1837-1	ACP-039510	interleaved_b	T3_hard_solvable	100k	30	true		
ac-v1-03580	INTLB-b4-1933-0	ACP-038852	interleaved_b	T1_easy	10k_final	28	true		
ac-v1-03581	INTLB-b4-1374-1	ACP-042632	interleaved_b	T1_easy	10k_final	28	true		
ac-v1-03582	INTLB-b3t-843-1	ACP-038234	interleaved_b	T1_easy	10k_final	31	true		
ac-v1-03583	AUTH-25_27-k1-2	ACP-002823	aut_hard	T5_moonshot	100k	25	true		
ac-v1-03584	INTLB-b4-1550-0	ACP-047100	interleaved_b	T2_medium	100k	28	true		
ac-v1-03585	INTLB-b3t-434-1	ACP-040536	interleaved_b	T1_easy	10k_final	33	true		
ac-v1-03586	AUTH-23_12-k1-1	ACP-017875	aut_hard	T5_moonshot	100k	35	true		
ac-v1-03587	MS-n8-wXYYYYxYY	ACP-010367	ms_expanded	T1_easy	10k_final	28	true		
ac-v1-03588	INTLB-b4-1038-0	ACP-045994	interleaved_b	T1_easy	10k_final	29	true		
ac-v1-03589	INTLB-b4-2041-0	ACP-041987	interleaved_b	T1_easy	10k_final	32	true		
ac-v1-03590	INTLB-b4-3588-1	ACP-041264	interleaved_b	T2_medium	100k	30	true		
ac-v1-03591	AUTH-21_14-k1-3	ACP-024757	aut_hard	T5_moonshot	100k	31	true		
ac-v1-03592	INTLB-b3t-346-0	ACP-043221	interleaved_b	T1_easy	10k_final	36	true		
ac-v1-03593	INTLB-b4-1997-1	ACP-042656	interleaved_b	T3_hard_solvable	100k	29	true		
ac-v1-03594	INTLB-b4-2779-0	ACP-038349	interleaved_b	T3_hard_solvable	100k	27	true		
ac-v1-03595	MS-n5-wYxyyXyyyy	ACP-001072	ms_expanded	T2_medium	100k	23	true		
ac-v1-03596	INTLB-b4-1229-0	ACP-043991	interleaved_b	T1_easy	10k_final	34	true		
ac-v1-03597	INTLB-b4-481-1	ACP-037577	interleaved_b	T2_medium	100k	35	true		
ac-v1-03598	MS-n8-wXXYXyxxxY	ACP-016948	ms_expanded	T4_frontier	100k	29	true		
ac-v1-03599	MS-n9-wXXyyxxyy	ACP-005754	ms_expanded	T4_frontier	100k	30	true		
ac-v1-03600	INTL-b4-203-0	ACP-000917	interleaved	T1_easy	10k_final	27	true		
ac-v1-03601	INTLB-b4-2037-1	ACP-046651	interleaved_b	T3_hard_solvable	100k	34	true		
ac-v1-03602	MS-n7-wyyXyyxYY	ACP-026362	ms_expanded	T1_easy	10k_final	26	true		
ac-v1-03603	INTLB-b3t-844-0	ACP-038355	interleaved_b	T1_easy	10k_final	32	true		
ac-v1-03604	INTLB-b4-2275-0	ACP-046995	interleaved_b	T3_hard_solvable	100k	30	true		
ac-v1-03605	INTLB-b4-529-0	ACP-037884	interleaved_b	T2_medium	100k	31	true		
ac-v1-03606	INTLB-b4-2727-0	ACP-045328	interleaved_b	T3_hard_solvable	100k	28	true		
ac-v1-03607	AUTH-20_11-k0-0	ACP-024032	aut_hard	T5_moonshot	100k	20	true		
ac-v1-03608	INTLB-b4-2341-1	ACP-043514	interleaved_b	T2_medium	100k	30	true		
ac-v1-03609	MS-n2-wXyxyXyxy	ACP-030316	ms_expanded	T1_easy	10k_final	16	true		
ac-v1-03610	MS-n8-wXXyxYYxy	ACP-025259	ms_expanded	T4_frontier	100k	28	true		
ac-v1-03611	INTL-b2-2-0	ACP-032130	interleaved	T1_easy	10k_final	23	true		
ac-v1-03612	AUTH-17_8-k1-3	ACP-004617	aut_hard	T5_moonshot	100k	17	true		
ac-v1-03613	MS-n9-wXXXYYYxxxY	ACP-022257	ms_expanded	T4_frontier	100k	32	true		
ac-v1-03614	INTLB-b3t-554-1	ACP-043969	interleaved_b	T1_easy	10k_final	36	true		
ac-v1-03615	INTL-b3-57-1	ACP-028003	interleaved	T3_hard_solvable	100k	33	true		
ac-v1-03616	AUTH-21_37-k0-0	ACP-018762	aut_hard	T5_moonshot	100k	21	true		
ac-v1-03617	INTLB-b4-1250-1	ACP-044148	interleaved_b	T1_easy	10k_final	23	true		
ac-v1-03618	INTLB-b4-3223-0	ACP-040368	interleaved_b	T3_hard_solvable	100k	34	true		
ac-v1-03619	INTLB-b4-2068-0	ACP-043666	interleaved_b	T1_easy	10k_final	31	true		
ac-v1-03620	AUTH-25_10-k0-0	ACP-007707	aut_hard	T5_moonshot	100k	25	true		
ac-v1-03621	MS-n6-wXXYxyxY	ACP-010085	ms_expanded	T5_moonshot	100k	23	false	open	923
ac-v1-03622	MS-n6-wYYxYYYYXy	ACP-030945	ms_expanded	T2_medium	100k	25	true		
ac-v1-03623	AUTH-15_14-k0-0	ACP-035396	aut_hard	T5_moonshot	100k	15	true		
ac-v1-03624	INTLB-b4-3309-1	ACP-040159	interleaved_b	T3_hard_solvable	100k	26	true		
ac-v1-03625	MS-n7-wYYXYxy	ACP-034380	ms_expanded	T2_medium	100k	24	true	uncertified	322
ac-v1-03626	INTL-b3-237-0	ACP-024858	interleaved	T2_medium	100k	28	true		
ac-v1-03627	INTLB-b3t-166-0	ACP-038062	interleaved_b	T3_hard_solvable	100k	33	true		
ac-v1-03628	AUTH-15_14-k1-0	ACP-019255	aut_hard	T5_moonshot	100k	16	true		
ac-v1-03629	INTLB-b3t-225-0	ACP-040347	interleaved_b	T1_easy	10k_final	28	true		
ac-v1-03630	MS-n5-wXXyyxxY	ACP-017580	ms_expanded	T5_moonshot	100k	21	false	open	698
ac-v1-03631	INTL-b4-155-0	ACP-036035	interleaved	T1_easy	10k_final	24	true		
ac-v1-03632	MS-n7-wXyyyyxy	ACP-017094	ms_expanded	T4_frontier	100k	25	true	open	588
ac-v1-03633	INTLB-b4-1666-1	ACP-044120	interleaved_b	T1_easy	10k_final	33	true		
ac-v1-03634	INTLB-b4-1108-0	ACP-046100	interleaved_b	T1_easy	10k_final	36	true		
ac-v1-03635	INTLB-b3t-368-0	ACP-044569	interleaved_b	T1_easy	10k_final	25	true		
ac-v1-03636	INTLB-b3t-30-1	ACP-044329	interleaved_b	T1_easy	10k_final	33	true		
ac-v1-03637	INTLB-b4-2675-0	ACP-043425	interleaved_b	T2_medium	100k	31	true		
ac-v1-03638	MS-n8-wYYXYYYYxyy	ACP-031315	ms_expanded	T1_easy	10k_final	30	true		
ac-v1-03639	MS-n4-wXYXYxxy	ACP-006334	ms_expanded	T5_moonshot	100k	19	false	open	900
ac-v1-03640	INTLB-b4-738-0	ACP-044013	interleaved_b	T2_medium	100k	33	true		
ac-v1-03641	INTLB-b3t-913-0	ACP-037359	interleaved_b	T1_easy	10k_final	30	true		
ac-v1-03642	MS-n3-wXXXYxxYxy	ACP-014024	ms_expanded	T4_frontier	100k	19	true		
ac-v1-03643	INTL-b4-12-0	ACP-020646	interleaved	T1_easy	10k_final	35	true		
ac-v1-03644	MS-n7-wXYYYxyyyy	ACP-001229	ms_expanded	T0_warmup	10k_final	27	true		
ac-v1-03645	MS-n7-wyyxYYXyyyy	ACP-011372	ms_expanded	T2_medium	100k	28	true		
ac-v1-03646	AUTH-17_32-k0-0	ACP-017444	aut_hard	T5_moonshot	100k	17	true		
ac-v1-03647	MS-n6-wXXXYxyxyxy	ACP-006238	ms_expanded	T4_frontier	100k	26	true		
ac-v1-03648	AUTH-18_6-k1-0	ACP-036059	aut_hard	T5_moonshot	100k	23	true		
ac-v1-03649	AUTH-19_46-k1-0	ACP-017039	aut_hard	T5_moonshot	100k	21	true		
ac-v1-03650	AUTH-20_9-k1-1	ACP-003171	aut_hard	T5_moonshot	100k	31	true		
ac-v1-03651	INTLB-b4-1352-1	ACP-037300	interleaved_b	T3_hard_solvable	100k	25	true		
ac-v1-03652	MS-n1-wXXXYYxYxxY	ACP-004406	ms_expanded	T1_easy	10k_final	16	true		
ac-v1-03653	INTL-b3-125-0	ACP-002334	interleaved	T3_hard_solvable	100k	30	true		
ac-v1-03654	MS-n5-wYYYYYXyxYY	ACP-000455	ms_expanded	T2_medium	100k	24	true		
ac-v1-03655	INTLB-b4-1653-1	ACP-044376	interleaved_b	T1_easy	10k_final	31	true		
ac-v1-03656	INTLB-b4-1563-1	ACP-044451	interleaved_b	T1_easy	10k_final	29	true		
ac-v1-03657	INTLB-b3t-656-0	ACP-039159	interleaved_b	T1_easy	10k_final	22	true		
ac-v1-03658	MS-n10-wXXXyxyxxy	ACP-011982	ms_expanded	T4_frontier	100k	33	true		
ac-v1-03659	INTLB-b3t-849-1	ACP-038813	interleaved_b	T1_easy	10k_final	28	true		
ac-v1-03660	INTLB-b4-3025-0	ACP-043812	interleaved_b	T3_hard_solvable	100k	31	true		
ac-v1-03661	INTLB-b3t-752-0	ACP-038914	interleaved_b	T1_easy	10k_final	35	true		
ac-v1-03662	INTLB-b3t-627-0	ACP-037896	interleaved_b	T1_easy	10k_final	33	true		
ac-v1-03663	AUTH-19_16-k1-0	ACP-011036	aut_hard	T5_moonshot	100k	24	true		
ac-v1-03664	INTLB-b4-3133-0	ACP-045330	interleaved_b	T2_medium	100k	23	true		
ac-v1-03665	INTLB-b4-2494-1	ACP-044685	interleaved_b	T2_medium	100k	24	true		
ac-v1-03666	MS-n8-wXXYxYxY	ACP-006867	ms_expanded	T4_frontier	100k	27	true		
ac-v1-03667	MS-n10-wXXXYYxxYxy	ACP-008160	ms_expanded	T4_frontier	100k	34	true		
ac-v1-03668	INTLB-b4-1622-0	ACP-043667	interleaved_b	T1_easy	10k_final	31	true		
ac-v1-03669	INTLB-b3t-526-1	ACP-042552	interleaved_b	T1_easy	10k_final	30	true		
ac-v1-03670	MS-n5-wYYXyyxY	ACP-016620	ms_expanded	T4_frontier	100k	21	true	open	726
ac-v1-03671	INTLB-b4-126-1	ACP-046380	interleaved_b	T2_medium	100k	35	true		
ac-v1-03672	INTLB-b4-3050-1	ACP-041842	interleaved_b	T2_medium	100k	19	true		
ac-v1-03673	INTLB-b3t-499-1	ACP-043726	interleaved_b	T1_easy	10k_final	35	true		
ac-v1-03674	MS-n4-wXXYxyxYY	ACP-016681	ms_expanded	T4_frontier	100k	20	true		
ac-v1-03675	INTLB-b4-484-0	ACP-046115	interleaved_b	T2_medium	100k	35	true		
ac-v1-03676	INTLB-b3t-278-1	ACP-045602	interleaved_b	T1_easy	10k_final	28	true		
ac-v1-03677	INTLB-b4-1395-0	ACP-037695	interleaved_b	T1_easy	10k_final	27	true		
ac-v1-03678	INTLB-b4-3035-1	ACP-045431	interleaved_b	T2_medium	100k	33	true		
ac-v1-03679	INTL-b2-103-0	ACP-010068	interleaved	T0_warmup	10k_final	33	true		
ac-v1-03680	MS-n10-wXXXYYxyxxy	ACP-034077	ms_expanded	T4_frontier	100k	34	true		
ac-v1-03681	INTLB-b3t-322-0	ACP-039316	interleaved_b	T1_easy	10k_final	23	true		
ac-v1-03682	INTLB-b3t-673-0	ACP-039499	interleaved_b	T1_easy	10k_final	27	true		
ac-v1-03683	INTLB-b4-1334-0	ACP-044124	interleaved_b	T2_medium	100k	25	true		
ac-v1-03684	INTLB-b4-2211-1	ACP-042282	interleaved_b	T2_medium	100k	23	true		
ac-v1-03685	INTLB-b4-135-0	ACP-037468	interleaved_b	T1_easy	10k_final	29	true		
ac-v1-03686	AUTH-17_34-k1-0	ACP-015633	aut_hard	T5_moonshot	100k	20	true		
ac-v1-03687	INTLB-b4-1611-0	ACP-046135	interleaved_b	T1_easy	10k_final	33	true		
ac-v1-03688	MS-n7-wXYYxyy	ACP-014441	ms_expanded	T1_easy	10k_final	24	true	uncertified	427
ac-v1-03689	INTL-b3-145-0	ACP-014114	interleaved	T1_easy	10k_final	27	true		
ac-v1-03690	MS-n6-wXXXyxxYxY	ACP-016440	ms_expanded	T4_frontier	100k	25	true		
ac-v1-03691	INTLB-b4-460-0	ACP-039248	interleaved_b	T2_medium	100k	25	true		
ac-v1-03692	MS-n10-wYXyxyy	ACP-025031	ms_expanded	T4_frontier	100k	30	true		
ac-v1-03693	MS-n2-wXXyyyyxYxy	ACP-034653	ms_expanded	T1_easy	10k_final	18	true		
ac-v1-03694	INTLB-b3t-841-0	ACP-044626	interleaved_b	T1_easy	10k_final	28	true		
ac-v1-03695	INTL-b4-56-1	ACP-013608	interleaved	T2_medium	100k	35	true		
ac-v1-03696	MS-n1-wXXYYYYxxy	ACP-012513	ms_expanded	T1_easy	10k_final	15	true		
ac-v1-03697	INTL-b2-290-0	ACP-027530	interleaved	T1_easy	10k_final	24	true		
ac-v1-03698	INTLB-b4-3086-1	ACP-041854	interleaved_b	T2_medium	100k	27	true		
ac-v1-03699	INTLB-b4-3175-1	ACP-042862	interleaved_b	T3_hard_solvable	100k	33	true		
ac-v1-03700	INTLB-b4-1134-1	ACP-045854	interleaved_b	T1_easy	10k_final	31	true		
ac-v1-03701	INTLB-b4-3276-0	ACP-045072	interleaved_b	T3_hard_solvable	100k	29	true		
ac-v1-03702	MS-n3-wXYXYYYxxYY	ACP-001952	ms_expanded	T1_easy	10k_final	20	true		
ac-v1-03703	INTLB-b3t-233-1	ACP-040143	interleaved_b	T1_easy	10k_final	32	true		
ac-v1-03704	INTLB-b4-1332-1	ACP-043393	interleaved_b	T1_easy	10k_final	26	true		
ac-v1-03705	INTLB-b3t-121-1	ACP-039784	interleaved_b	T1_easy	10k_final	33	true		
ac-v1-03706	AUTH-16_8-k0-0	ACP-010165	aut_hard	T5_moonshot	100k	16	true		
ac-v1-03707	AUTH-16_2-k1-0	ACP-019133	aut_hard	T5_moonshot	100k	21	true		
ac-v1-03708	AUTH-21_41-k1-1	ACP-011049	aut_hard	T5_moonshot	100k	22	true		
ac-v1-03709	INTLB-b3t-157-0	ACP-043104	interleaved_b	T2_medium	100k	25	true		
ac-v1-03710	INTL-b4-63-1	ACP-025527	interleaved	T2_medium	100k	27	true		
ac-v1-03711	MS-n5-wYYXYxyy	ACP-028986	ms_expanded	T1_easy	10k_final	21	true	uncertified	985
ac-v1-03712	INTLB-b4-1177-1	ACP-038752	interleaved_b	T1_easy	10k_final	31	true		
ac-v1-03713	AUTH-25_8-k1-2	ACP-032035	aut_hard	T5_moonshot	100k	37	true		
ac-v1-03714	INTLB-b4-1433-0	ACP-039160	interleaved_b	T1_easy	10k_final	27	true		
ac-v1-03715	INTLB-b4-1014-0	ACP-043745	interleaved_b	T1_easy	10k_final	24	true		
ac-v1-03716	MS-n3-wXXXXYxxxxY	ACP-029838	ms_expanded	T4_frontier	100k	20	true		
ac-v1-03717	INTLB-b4-1864-1	ACP-046282	interleaved_b	T1_easy	10k_final	22	true		
ac-v1-03718	AUTH-19_36-k1-0	ACP-010135	aut_hard	T5_moonshot	100k	21	true		
ac-v1-03719	INTLB-b3t-372-1	ACP-041655	interleaved_b	T0_warmup	10k_final	35	true		
ac-v1-03720	INTL-b4-115-0	ACP-003038	interleaved	T2_medium	100k	35	true		
ac-v1-03721	INTLB-b3t-935-1	ACP-043791	interleaved_b	T1_easy	10k_final	29	true		
ac-v1-03722	INTLB-b3t-316-0	ACP-043828	interleaved_b	T1_easy	10k_final	31	true		
ac-v1-03723	INTLB-b4-98-1	ACP-040277	interleaved_b	T3_hard_solvable	100k	29	true		
ac-v1-03724	INTLB-b4-3972-0	ACP-043635	interleaved_b	T3_hard_solvable	100k	31	true		
ac-v1-03725	INTLB-b3t-580-0	ACP-040486	interleaved_b	T1_easy	10k_final	28	true		
ac-v1-03726	AUTH-21_20-k0-0	ACP-016705	aut_hard	T5_moonshot	100k	21	true		
ac-v1-03727	INTLB-b4-2334-1	ACP-043872	interleaved_b	T2_medium	100k	27	true		
ac-v1-03728	INTLB-b3t-90-0	ACP-044414	interleaved_b	T1_easy	10k_final	30	true		
ac-v1-03729	MS-n10-wXXXyxxyxy	ACP-036875	ms_expanded	T4_frontier	100k	33	true		
ac-v1-03730	MS-n5-wYxYYYYYXy	ACP-027678	ms_expanded	T2_medium	100k	23	true		
ac-v1-03731	INTLB-b4-1475-1	ACP-038976	interleaved_b	T1_easy	10k_final	33	true		
ac-v1-03732	MS-n10-wXYYYxy	ACP-032907	ms_expanded	T4_frontier	100k	30	true		
ac-v1-03733	MS-n8-wXXXYxYxYxy	ACP-005700	ms_expanded	T4_frontier	100k	30	true		
ac-v1-03734	INTLB-b4-1757-0	ACP-040952	interleaved_b	T1_easy	10k_final	23	true		
ac-v1-03735	INTLB-b3t-877-1	ACP-038520	interleaved_b	T1_easy	10k_final	34	true		
ac-v1-03736	INTLB-b4-1797-0	ACP-041252	interleaved_b	T1_easy	10k_final	36	true		
ac-v1-03737	INTLB-b3t-523-1	ACP-040195	interleaved_b	T1_easy	10k_final	29	true		
ac-v1-03738	INTL-b2-249-1	ACP-004714	interleaved	T1_easy	10k_final	28	true		
ac-v1-03739	MS-n6-wXXXyyxxxY	ACP-028715	ms_expanded	T4_frontier	100k	25	true		
ac-v1-03740	INTL-b2-172-0	ACP-029405	interleaved	T1_easy	10k_final	27	true		
ac-v1-03741	INTLB-b4-1825-1	ACP-041437	interleaved_b	T3_hard_solvable	100k	34	true		
ac-v1-03742	AUTH-19_13-k12-0	ACP-022810	aut_hard	T5_moonshot	100k	20	true		
ac-v1-03743	INTLB-b4-2385-0	ACP-042405	interleaved_b	T2_medium	100k	22	true		
ac-v1-03744	INTLB-b4-614-0	ACP-037453	interleaved_b	T3_hard_solvable	100k	32	true		
ac-v1-03745	INTLB-b3t-807-0	ACP-038093	interleaved_b	T1_easy	10k_final	30	true		
ac-v1-03746	MS-n5-wYYYXyxYY	ACP-010811	ms_expanded	T2_medium	100k	22	true		
ac-v1-03747	INTLB-b4-2209-1	ACP-039703	interleaved_b	T2_medium	100k	25	true		
ac-v1-03748	AUTH-21_5-k1-0	ACP-000505	aut_hard	T5_moonshot	100k	31	true		
ac-v1-03749	INTLB-b4-2230-0	ACP-043054	interleaved_b	T1_easy	10k_final	29	true		
ac-v1-03750	MS-n8-wYYXYYxyyy	ACP-009183	ms_expanded	T2_medium	100k	29	true		
ac-v1-03751	INTLB-b3t-899-1	ACP-038027	interleaved_b	T1_easy	10k_final	31	true		
ac-v1-03752	INTLB-b4-2109-1	ACP-045157	interleaved_b	T3_hard_solvable	100k	32	true		
ac-v1-03753	INTLB-b3t-538-1	ACP-037318	interleaved_b	T1_easy	10k_final	33	true		
ac-v1-03754	INTLB-b4-582-1	ACP-044905	interleaved_b	T3_hard_solvable	100k	29	true		
ac-v1-03755	INTLB-b3t-762-0	ACP-046606	interleaved_b	T1_easy	10k_final	23	true		
ac-v1-03756	MS-n10-wYYYYYYY	ACP-029286	ms_expanded	T0_warmup	10k_final	31	true		
ac-v1-03757	INTLB-b3t-907-0	ACP-045485	interleaved_b	T1_easy	10k_final	27	true		
ac-v1-03758	MS-n6-wYxyXyyyyyy	ACP-012891	ms_expanded	T2_medium	100k	26	true		
ac-v1-03759	MS-n8-wXXXYxxYxYY	ACP-030201	ms_expanded	T4_frontier	100k	30	true		
ac-v1-03760	INTLB-b4-2190-1	ACP-042659	interleaved_b	T1_easy	10k_final	29	true		
ac-v1-03761	AUTH-18_3-k1-2	ACP-001511	aut_hard	T5_moonshot	100k	25	true		
ac-v1-03762	INTLB-b4-1702-0	ACP-041457	interleaved_b	T1_easy	10k_final	29	true		
ac-v1-03763	INTLB-b4-416-0	ACP-039092	interleaved_b	T2_medium	100k	22	true		
ac-v1-03764	INTL-b3-151-1	ACP-011597	interleaved	T1_easy	10k_final	34	true		
ac-v1-03765	AUTH-17_37-k1-0	ACP-004273	aut_hard	T5_moonshot	100k	17	true		
ac-v1-03766	MS-n9-wYXYYxY	ACP-023060	ms_expanded	T4_frontier	100k	28	true		
ac-v1-03767	INTLB-b4-739-0	ACP-044387	interleaved_b	T3_hard_solvable	100k	34	true		
ac-v1-03768	INTLB-b4-1219-1	ACP-045062	interleaved_b	T1_easy	10k_final	35	true		
ac-v1-03769	INTLB-b4-135-1	ACP-044654	interleaved_b	T1_easy	10k_final	31	true		
ac-v1-03770	INTLB-b4-2134-1	ACP-046343	interleaved_b	T2_medium	100k	30	true		
ac-v1-03771	INTL-b2-28-1	ACP-007801	interleaved	T1_easy	10k_final	22	true		
ac-v1-03772	AUTH-15_2-k0-0	ACP-001285	aut_hard	T5_moonshot	100k	15	true		
ac-v1-03773	MS-n8-wXYxy	ACP-031500	ms_expanded	T4_frontier	100k	24	true		
ac-v1-03774	INTLB-b4-1036-0	ACP-038550	interleaved_b	T1_easy	10k_final	23	true		
ac-v1-03775	INTLB-b4-288-1	ACP-043705	interleaved_b	T3_hard_solvable	100k	31	true		
ac-v1-03776	INTLB-b4-1621-1	ACP-041967	interleaved_b	T1_easy	10k_final	33	true		
ac-v1-03777	INTL-b3-131-1	ACP-031880	interleaved	T0_warmup	10k_final	26	true		
ac-v1-03778	INTLB-b3t-400-0	ACP-042702	interleaved_b	T1_easy	10k_final	25	true		
ac-v1-03779	INTLB-b4-1102-1	ACP-046860	interleaved_b	T1_easy	10k_final	33	true		
ac-v1-03780	INTLB-b3t-319-1	ACP-044544	interleaved_b	T1_easy	10k_final	25	true		
ac-v1-03781	INTL-b3-161-0	ACP-018394	interleaved	T1_easy	10k_final	32	true		
ac-v1-03782	INTLB-b3t-675-1	ACP-045352	interleaved_b	T1_easy	10k_final	29	true		
ac-v1-03783	INTLB-b4-617-0	ACP-046547	interleaved_b	T2_medium	100k	31	true		
ac-v1-03784	INTLB-b3t-404-0	ACP-039074	interleaved_b	T1_easy	10k_final	31	true		
ac-v1-03785	INTLB-b4-2721-1	ACP-040674	interleaved_b	T2_medium	100k	17	true		
ac-v1-03786	MS-n9-wXYYxyy	ACP-022996	ms_expanded	T4_frontier	100k	28	true		
ac-v1-03787	INTLB-b3t-13-0	ACP-041653	interleaved_b	T1_easy	10k_final	35	true		
ac-v1-03788	AUTH-21_27-k1-0	ACP-022326	aut_hard	T5_moonshot	100k	31	true		
ac-v1-03789	INTLB-b4-2147-1	ACP-046109	interleaved_b	T1_easy	10k_final	31	true		
ac-v1-03790	INTLB-b4-1906-0	ACP-039502	interleaved_b	T1_easy	10k_final	25	true		
ac-v1-03791	MS-n7-wXYxyyyy	ACP-015989	ms_expanded	T1_easy	10k_final	25	true	uncertified	833
ac-v1-03792	MS-n6-wXXXYxxxYYY	ACP-025342	ms_expanded	T4_frontier	100k	26	true		
ac-v1-03793	INTL-b4-229-0	ACP-020543	interleaved	T2_medium	100k	23	true		
ac-v1-03794	INTLB-b4-3995-0	ACP-038865	interleaved_b	T3_hard_solvable	100k	21	true		
ac-v1-03795	INTLB-b4-1129-0	ACP-046981	interleaved_b	T1_easy	10k_final	22	true		
ac-v1-03796	INTLB-b4-2993-1	ACP-044014	interleaved_b	T3_hard_solvable	100k	33	true		
ac-v1-03797	MS-n4-wXXyxyyxy	ACP-017653	ms_expanded	T4_frontier	100k	20	true		
ac-v1-03798	INTLB-b4-850-1	ACP-039445	interleaved_b	T3_hard_solvable	100k	31	true		
ac-v1-03799	INTLB-b3t-670-0	ACP-041009	interleaved_b	T1_easy	10k_final	17	true		
ac-v1-03800	MS-n6-wyXyxyy	ACP-020885	ms_expanded	T4_frontier	100k	22	true	open	454
ac-v1-03801	INTLB-b4-1534-1	ACP-044789	interleaved_b	T1_easy	10k_final	35	true		
ac-v1-03802	INTLB-b4-1524-1	ACP-040823	interleaved_b	T2_medium	100k	33	true		
ac-v1-03803	INTLB-b3t-770-0	ACP-043619	interleaved_b	T1_easy	10k_final	27	true		
ac-v1-03804	INTLB-b3t-517-0	ACP-046709	interleaved_b	T1_easy	10k_final	32	true		
ac-v1-03805	INTLB-b4-3952-0	ACP-041831	interleaved_b	T3_hard_solvable	100k	23	true		
ac-v1-03806	INTLB-b3t-32-1	ACP-040650	interleaved_b	T1_easy	10k_final	31	true		
ac-v1-03807	MS-n4-wXXXYxyxYxY	ACP-035492	ms_expanded	T4_frontier	100k	22	true		
ac-v1-03808	INTLB-b4-1380-0	ACP-039303	interleaved_b	T1_easy	10k_final	35	true		
ac-v1-03809	INTLB-b3t-674-1	ACP-041034	interleaved_b	T2_medium	100k	34	true		
ac-v1-03810	MS-n6-wXYYxYYYY	ACP-022829	ms_expanded	T2_medium	100k	24	true		
ac-v1-03811	INTLB-b4-1347-1	ACP-043092	interleaved_b	T2_medium	100k	27	true		
ac-v1-03812	MS-n9-wYYYY	ACP-014866	ms_expanded	T0_warmup	10k_final	26	true		
ac-v1-03813	INTLB-b4-1149-1	ACP-039824	interleaved_b	T1_easy	10k_final	30	true		
ac-v1-03814	INTLB-b4-3114-0	ACP-045505	interleaved_b	T3_hard_solvable	100k	28	true		
ac-v1-03815	INTLB-b4-1572-1	ACP-042464	interleaved_b	T1_easy	10k_final	34	true		
ac-v1-03816	AUTH-19_28-k1-0	ACP-033741	aut_hard	T5_moonshot	100k	22	true		
ac-v1-03817	INTLB-b4-1843-0	ACP-047107	interleaved_b	T1_easy	10k_final	33	true		
ac-v1-03818	MS-n6-wXyXYxxY	ACP-032156	ms_expanded	T4_frontier	100k	23	true	open	1119
ac-v1-03819	INTLB-b3t-36-0	ACP-046727	interleaved_b	T1_easy	10k_final	24	true		
ac-v1-03820	AUTH-19_26-k1-3	ACP-005278	aut_hard	T5_moonshot	100k	19	true		
ac-v1-03821	MS-n9-wYYXYYxyy	ACP-004419	ms_expanded	T2_medium	100k	30	true		
ac-v1-03822	INTLB-b4-2300-0	ACP-043217	interleaved_b	T2_medium	100k	32	true		
ac-v1-03823	MS-n3-wXXXYYxyxxy	ACP-005083	ms_expanded	T4_frontier	100k	20	true		
ac-v1-03824	MS-n3-wXYxyyy	ACP-016962	ms_expanded	T5_moonshot	10k_final	16	true	open	458
ac-v1-03825	MS-n4-wXXyxyxy	ACP-032121	ms_expanded	T5_moonshot	100k	19	false	open	536
ac-v1-03826	INTLB-b3t-377-1	ACP-044359	interleaved_b	T1_easy	10k_final	26	true		
ac-v1-03827	MS-n5-wXXXYxyxxYY	ACP-003689	ms_expanded	T4_frontier	100k	24	true		
ac-v1-03828	MS-n7-wYxyyyyXyy	ACP-022576	ms_expanded	T1_easy	10k_final	27	true		
ac-v1-03829	MS-n8-wYxYXyy	ACP-030102	ms_expanded	T4_frontier	100k	26	true		
ac-v1-03830	INTLB-b4-1850-0	ACP-040272	interleaved_b	T1_easy	10k_final	33	true		
ac-v1-03831	AUTH-19_33-k0-0	ACP-034819	aut_hard	T5_moonshot	100k	19	true		
ac-v1-03832	INTLB-b4-1968-1	ACP-040056	interleaved_b	T1_easy	10k_final	31	true		
ac-v1-03833	MS-n4-wXYYxYXYYxy	ACP-032655	ms_expanded	T1_easy	10k_final	22	true		
ac-v1-03834	MS-n5-wYXYYxYYY	ACP-017008	ms_expanded	T1_easy	10k_final	22	true		
ac-v1-03835	INTLB-b3t-128-1	ACP-046003	interleaved_b	T1_easy	10k_final	34	true		
ac-v1-03836	INTLB-b4-1323-1	ACP-046844	interleaved_b	T1_easy	10k_final	31	true		
ac-v1-03837	MS-n9-wXXYXYxxxy	ACP-024944	ms_expanded	T4_frontier	100k	31	true		
ac-v1-03838	INTLB-b4-2052-1	ACP-039407	interleaved_b	T1_easy	10k_final	29	true		
ac-v1-03839	INTLB-b4-2538-1	ACP-043265	interleaved_b	T3_hard_solvable	100k	35	true		
ac-v1-03840	INTLB-b4-1569-0	ACP-044686	interleaved_b	T1_easy	10k_final	29	true		
ac-v1-03841	INTLB-b4-1978-0	ACP-038101	interleaved_b	T3_hard_solvable	100k	27	true		
ac-v1-03842	MS-n9-wYXyxYYYYY	ACP-029698	ms_expanded	T1_easy	10k_final	31	true		
ac-v1-03843	INTLB-b4-3954-0	ACP-040083	interleaved_b	T2_medium	100k	30	true		
ac-v1-03844	INTLB-b4-1287-0	ACP-039670	interleaved_b	T1_easy	10k_final	33	true		
ac-v1-03845	INTLB-b4-1575-1	ACP-046575	interleaved_b	T1_easy	10k_final	31	true		
ac-v1-03846	MS-n5-wXXXyxyxxy	ACP-010480	ms_expanded	T4_frontier	100k	23	true		
ac-v1-03847	MS-n2-wXYXyxxyy	ACP-020755	ms_expanded	T4_frontier	100k	16	true		
ac-v1-03848	INTLB-b4-1865-1	ACP-039568	interleaved_b	T3_hard_solvable	100k	24	true		
ac-v1-03849	MS-n6-wYYYXYYYxYY	ACP-035542	ms_expanded	T1_easy	10k_final	26	true		
ac-v1-03850	INTLB-b4-1794-0	ACP-038159	interleaved_b	T3_hard_solvable	100k	26	true		
ac-v1-03851	MS-n4-wXXyyyyxyxy	ACP-018487	ms_expanded	T1_easy	10k_final	22	true		
ac-v1-03852	INTL-b4-60-0	ACP-022369	interleaved	T2_medium	100k	26	true		
ac-v1-03853	MS-n1-wXXXyyxxxY	ACP-027238	ms_expanded	T1_easy	10k_final	15	true		
ac-v1-03854	MS-n9-wXYYxYYY	ACP-013096	ms_expanded	T4_frontier	100k	29	true		
ac-v1-03855	MS-n5-wXYYYYYxYY	ACP-014283	ms_expanded	T0_warmup	10k_final	23	true		
ac-v1-03856	MS-n6-wXXXYxYxyxy	ACP-036805	ms_expanded	T4_frontier	100k	26	true		
ac-v1-03857	INTLB-b3t-428-0	ACP-047212	interleaved_b	T1_easy	10k_final	29	true		
ac-v1-03858	INTLB-b3t-462-1	ACP-045435	interleaved_b	T2_medium	100k	31	true		
ac-v1-03859	INTLB-b4-1827-0	ACP-046493	interleaved_b	T1_easy	10k_final	31	true		
ac-v1-03860	INTLB-b3t-897-0	ACP-037963	interleaved_b	T1_easy	10k_final	31	true		
ac-v1-03861	INTLB-b3t-487-0	ACP-044869	interleaved_b	T1_easy	10k_final	29	true		
ac-v1-03862	INTL-b2-287-0	ACP-027386	interleaved	T1_easy	10k_final	29	true		
ac-v1-03863	MS-n8-wXYxYY	ACP-022453	ms_expanded	T4_frontier	100k	25	true		
ac-v1-03864	INTLB-b4-3061-0	ACP-046557	interleaved_b	T2_medium	100k	33	true		
ac-v1-03865	INTLB-b3t-284-1	ACP-040043	interleaved_b	T1_easy	10k_final	31	true		
ac-v1-03866	INTLB-b4-1577-1	ACP-045126	interleaved_b	T1_easy	10k_final	31	true		
ac-v1-03867	INTL-b4-218-0	ACP-020977	interleaved	T1_easy	10k_final	25	true		
ac-v1-03868	INTLB-b4-2080-0	ACP-043195	interleaved_b	T1_easy	10k_final	24	true		
ac-v1-03869	INTLB-b3t-124-1	ACP-041334	interleaved_b	T1_easy	10k_final	33	true		
ac-v1-03870	INTLB-b4-2037-0	ACP-041480	interleaved_b	T3_hard_solvable	100k	31	true		
ac-v1-03871	INTLB-b4-1058-1	ACP-043159	interleaved_b	T1_easy	10k_final	23	true		
ac-v1-03872	INTLB-b4-545-0	ACP-041129	interleaved_b	T2_medium	100k	30	true		
ac-v1-03873	INTLB-b4-2390-0	ACP-045695	interleaved_b	T2_medium	100k	20	true		
ac-v1-03874	INTLB-b4-2286-0	ACP-040257	interleaved_b	T2_medium	100k	26	true		
ac-v1-03875	INTL-b2-297-1	ACP-034258	interleaved	T1_easy	10k_final	31	true		
ac-v1-03876	INTLB-b4-2175-1	ACP-041054	interleaved_b	T2_medium	100k	29	true		
ac-v1-03877	MS-n6-wXYXYxyxY	ACP-016778	ms_expanded	T5_moonshot	100k	24	true		
ac-v1-03878	INTLB-b4-1507-1	ACP-038045	interleaved_b	T2_medium	100k	34	true		
ac-v1-03879	INTLB-b4-1607-1	ACP-043963	interleaved_b	T2_medium	100k	36	true		
ac-v1-03880	INTL-b3-237-1	ACP-018009	interleaved	T3_hard_solvable	100k	23	true		
ac-v1-03881	INTLB-b4-1868-1	ACP-040692	interleaved_b	T2_medium	100k	36	true		
ac-v1-03882	MS-n4-wYYXYYYxY	ACP-003011	ms_expanded	T1_easy	10k_final	20	true		
ac-v1-03883	INTLB-b4-2768-1	ACP-045039	interleaved_b	T2_medium	100k	27	true		
ac-v1-03884	INTLB-b4-2009-1	ACP-045733	interleaved_b	T1_easy	10k_final	34	true		
ac-v1-03885	INTLB-b4-125-1	ACP-045137	interleaved_b	T1_easy	10k_final	24	true		
ac-v1-03886	AUTH-20_6-k0-0	ACP-007327	aut_hard	T5_moonshot	100k	20	true		
ac-v1-03887	INTLB-b4-2222-0	ACP-039982	interleaved_b	T2_medium	100k	29	true		
ac-v1-03888	INTLB-b4-1503-1	ACP-043918	interleaved_b	T3_hard_solvable	100k	35	true		
ac-v1-03889	INTLB-b4-808-0	ACP-045911	interleaved_b	T2_medium	100k	27	true		
ac-v1-03890	INTLB-b3t-85-0	ACP-040523	interleaved_b	T1_easy	10k_final	28	true		
ac-v1-03891	INTLB-b4-553-1	ACP-046140	interleaved_b	T2_medium	100k	35	true		
ac-v1-03892	INTLB-b4-740-1	ACP-041036	interleaved_b	T3_hard_solvable	100k	31	true		
ac-v1-03893	MS-n4-wXXXYxxyxYY	ACP-023686	ms_expanded	T4_frontier	100k	22	true		
ac-v1-03894	INTLB-b4-2348-0	ACP-038527	interleaved_b	T2_medium	100k	28	true		
ac-v1-03895	INTLB-b3t-469-0	ACP-042697	interleaved_b	T2_medium	100k	25	true		
ac-v1-03896	INTLB-b4-1514-1	ACP-044436	interleaved_b	T1_easy	10k_final	31	true		
ac-v1-03897	INTLB-b4-210-0	ACP-038739	interleaved_b	T1_easy	10k_final	31	true		
ac-v1-03898	INTLB-b4-2626-1	ACP-039317	interleaved_b	T2_medium	100k	29	true		
ac-v1-03899	MS-n4-wXXYYYxYxy	ACP-020368	ms_expanded	T4_frontier	100k	21	true		
ac-v1-03900	INTLB-b4-2192-0	ACP-038275	interleaved_b	T2_medium	100k	33	true		
ac-v1-03901	AUTH-22_4-k12-1	ACP-014649	aut_hard	T5_moonshot	100k	22	true		
ac-v1-03902	INTL-b2-287-1	ACP-006933	interleaved	T1_easy	10k_final	29	true		
ac-v1-03903	INTLB-b4-1637-1	ACP-041234	interleaved_b	T1_easy	10k_final	33	true		
ac-v1-03904	INTLB-b4-506-1	ACP-045193	interleaved_b	T3_hard_solvable	100k	31	true		
ac-v1-03905	INTLB-b4-1057-1	ACP-041277	interleaved_b	T1_easy	10k_final	31	true		
ac-v1-03906	INTLB-b4-3160-0	ACP-046302	interleaved_b	T3_hard_solvable	100k	24	true		
ac-v1-03907	MS-n4-wXXXyxyxxy	ACP-001006	ms_expanded	T4_frontier	100k	21	true		
ac-v1-03908	MS-n5-wYYXYYYYxY	ACP-006456	ms_expanded	T1_easy	10k_final	23	true		
ac-v1-03909	INTL-b4-111-0	ACP-007352	interleaved	T2_medium	100k	20	true		
ac-v1-03910	INTLB-b3t-664-1	ACP-043727	interleaved_b	T1_easy	10k_final	25	true		
ac-v1-03911	MS-n7-wXXYYYxyxY	ACP-021914	ms_expanded	T4_frontier	100k	27	true		
ac-v1-03912	INTLB-b3t-774-1	ACP-038647	interleaved_b	T1_easy	10k_final	31	true		
ac-v1-03913	MS-n7-wYYXyyxYYYY	ACP-015344	ms_expanded	T1_easy	10k_final	28	true		
ac-v1-03914	INTLB-b4-1240-1	ACP-038278	interleaved_b	T1_easy	10k_final	31	true		
ac-v1-03915	INTLB-b3t-307-0	ACP-046257	interleaved_b	T1_easy	10k_final	32	true		
ac-v1-03916	INTLB-b4-2097-0	ACP-039563	interleaved_b	T2_medium	100k	31	true		
ac-v1-03917	INTLB-b3t-275-0	ACP-043415	interleaved_b	T1_easy	10k_final	31	true		
ac-v1-03918	INTLB-b4-1424-0	ACP-044600	interleaved_b	T2_medium	100k	33	true		
ac-v1-03919	MS-n2-wyxyXyy	ACP-034436	ms_expanded	T1_easy	10k_final	14	true	uncertified	373
ac-v1-03920	AUTH-19_49-k0-0	ACP-003946	aut_hard	T5_moonshot	100k	19	true		
ac-v1-03921	INTLB-b4-1320-0	ACP-043503	interleaved_b	T1_easy	10k_final	30	true		
ac-v1-03922	INTLB-b4-2319-0	ACP-040002	interleaved_b	T3_hard_solvable	100k	35	true		
ac-v1-03923	INTLB-b4-2558-1	ACP-043117	interleaved_b	T2_medium	100k	31	true		
ac-v1-03924	MS-n10-wXXXYxYYxxY	ACP-014399	ms_expanded	T4_frontier	100k	34	true		
ac-v1-03925	INTLB-b3t-636-1	ACP-044508	interleaved_b	T1_easy	10k_final	27	true		
ac-v1-03926	INTL-b1-21-0	ACP-032744	interleaved	T1_easy	10k_final	23	true		
ac-v1-03927	INTLB-b4-1551-0	ACP-046375	interleaved_b	T1_easy	10k_final	32	true		
ac-v1-03928	MS-n10-wYY	ACP-025986	ms_expanded	T0_warmup	10k_final	26	true		
ac-v1-03929	INTLB-b4-1405-1	ACP-037254	interleaved_b	T1_easy	10k_final	25	true		
ac-v1-03930	MS-n7-wXXYYYxYxY	ACP-034368	ms_expanded	T4_frontier	100k	27	true		
ac-v1-03931	AUTH-25_18-k1-1	ACP-036867	aut_hard	T5_moonshot	100k	39	true		
ac-v1-03932	MS-n10-wyyyyyyyyy	ACP-002873	ms_expanded	T0_warmup	10k_final	33	true		
ac-v1-03933	INTLB-b4-2089-0	ACP-045393	interleaved_b	T1_easy	10k_final	25	true		
ac-v1-03934	INTLB-b4-2070-1	ACP-046477	interleaved_b	T2_medium	100k	29	true		
ac-v1-03935	INTLB-b4-349-1	ACP-045623	interleaved_b	T2_medium	100k	26	true		
ac-v1-03936	MS-n8-wXXXYxxxy	ACP-011465	ms_expanded	T4_frontier	100k	28	true		
ac-v1-03937	MS-n9-wXXyxYxyy	ACP-029726	ms_expanded	T4_frontier	100k	30	true		
ac-v1-03938	INTL-b4-58-1	ACP-014790	interleaved	T2_medium	100k	32	true		
ac-v1-03939	INTLB-b4-1498-1	ACP-044433	interleaved_b	T1_easy	10k_final	35	true		
ac-v1-03940	INTLB-b4-3966-1	ACP-039716	interleaved_b	T2_medium	100k	35	true		
ac-v1-03941	INTLB-b3t-536-0	ACP-041706	interleaved_b	T1_easy	10k_final	29	true		
ac-v1-03942	INTLB-b4-1782-1	ACP-045720	interleaved_b	T1_easy	10k_final	33	true		
ac-v1-03943	INTLB-b3t-904-0	ACP-039460	interleaved_b	T1_easy	10k_final	35	true		
ac-v1-03944	INTL-b2-119-0	ACP-010392	interleaved	T1_easy	10k_final	29	true		
ac-v1-03945	MS-n7-wXyyyxYYYY	ACP-014623	ms_expanded	T0_warmup	10k_final	27	true		
ac-v1-03946	MS-n9-wXXXYYxxyxY	ACP-015545	ms_expanded	T4_frontier	100k	32	true		
ac-v1-03947	INTLB-b4-2102-1	ACP-045354	interleaved_b	T3_hard_solvable	100k	24	true		
ac-v1-03948	INTL-b3-101-1	ACP-021082	interleaved	T1_easy	10k_final	27	true		
ac-v1-03949	MS-n2-wXYxxyXyy	ACP-000496	ms_expanded	T4_frontier	100k	16	true		
ac-v1-03950	MS-n2-wXXXyxxyxy	ACP-004214	ms_expanded	T4_frontier	100k	17	true		
ac-v1-03951	INTL-b4-124-1	ACP-020922	interleaved	T3_hard_solvable	100k	27	true		
ac-v1-03952	INTL-b4-111-1	ACP-005038	interleaved	T1_easy	10k_final	23	true		
ac-v1-03953	MS-n10-wyyyy	ACP-028295	ms_expanded	T0_warmup	10k_final	28	true		
ac-v1-03954	INTLB-b4-1986-1	ACP-041186	interleaved_b	T1_easy	10k_final	35	true		
ac-v1-03955	INTLB-b4-21-0	ACP-045040	interleaved_b	T1_easy	10k_final	29	true		
ac-v1-03956	INTL-b3-102-1	ACP-016946	interleaved	T1_easy	10k_final	27	true		
ac-v1-03957	MS-n7-wXXXYYxxYxy	ACP-010286	ms_expanded	T4_frontier	100k	28	true		
ac-v1-03958	AUTH-21_11-k1-2	ACP-023519	aut_hard	T5_moonshot	100k	21	true		
ac-v1-03959	MS-n9-wXXyyyxxy	ACP-016442	ms_expanded	T4_frontier	100k	30	true		
ac-v1-03960	INTLB-b4-632-1	ACP-044837	interleaved_b	T2_medium	100k	34	true		
ac-v1-03961	INTLB-b3t-694-0	ACP-039655	interleaved_b	T1_easy	10k_final	22	true		
ac-v1-03962	MS-n7-wXYxyy	ACP-031370	ms_expanded	T4_frontier	100k	23	true	open	91
ac-v1-03963	MS-n8-wXXYYYxyxy	ACP-005334	ms_expanded	T4_frontier	100k	29	true		
ac-v1-03964	INTLB-b4-203-0	ACP-039181	interleaved_b	T3_hard_solvable	100k	22	true		
ac-v1-03965	INTLB-b4-2163-0	ACP-044372	interleaved_b	T3_hard_solvable	100k	25	true		
ac-v1-03966	INTLB-b4-3164-1	ACP-038057	interleaved_b	T2_medium	100k	33	true		
ac-v1-03967	INTLB-b4-147-1	ACP-037238	interleaved_b	T1_easy	10k_final	25	true		
ac-v1-03968	MS-n5-wYYYYxYXyy	ACP-005987	ms_expanded	T1_easy	10k_final	23	true		
ac-v1-03969	MS-n6-wXXXYxxxyy	ACP-008438	ms_expanded	T4_frontier	100k	25	true		
ac-v1-03970	INTLB-b4-1623-0	ACP-037605	interleaved_b	T1_easy	10k_final	32	true		
ac-v1-03971	INTLB-b4-1111-1	ACP-043704	interleaved_b	T1_easy	10k_final	33	true		
ac-v1-03972	INTL-b4-209-1	ACP-008934	interleaved	T2_medium	100k	19	true		
ac-v1-03973	AUTH-21_16-k12-0	ACP-032163	aut_hard	T5_moonshot	100k	29	true		
ac-v1-03974	INTL-b4-178-0	ACP-021940	interleaved	T2_medium	100k	24	true		
ac-v1-03975	INTLB-b4-1171-1	ACP-043981	interleaved_b	T1_easy	10k_final	29	true		
ac-v1-03976	INTL-b3-174-1	ACP-005417	interleaved	T1_easy	10k_final	33	true		
ac-v1-03977	INTLB-b4-2581-1	ACP-041904	interleaved_b	T2_medium	100k	33	true		
ac-v1-03978	INTL-b4-192-0	ACP-019270	interleaved	T2_medium	100k	30	true		
ac-v1-03979	MS-n6-wXXyxyxYY	ACP-036073	ms_expanded	T4_frontier	100k	24	true		
ac-v1-03980	INTLB-b4-408-1	ACP-040541	interleaved_b	T2_medium	100k	31	true		
ac-v1-03981	AUTH-25_24-k12-0	ACP-028940	aut_hard	T5_moonshot	100k	29	true		
ac-v1-03982	INTLB-b4-2387-1	ACP-045333	interleaved_b	T3_hard_solvable	100k	34	true		
ac-v1-03983	INTLB-b4-1703-1	ACP-044498	interleaved_b	T1_easy	10k_final	19	true		
ac-v1-03984	MS-n9-wXYxy	ACP-024688	ms_expanded	T4_frontier	100k	26	true		
ac-v1-03985	INTLB-b4-1565-1	ACP-046222	interleaved_b	T3_hard_solvable	100k	33	true		
ac-v1-03986	MS-n9-wXXXYxxYYxy	ACP-006570	ms_expanded	T4_frontier	100k	32	true		
ac-v1-03987	INTL-b4-159-1	ACP-016459	interleaved	T2_medium	100k	32	true		
ac-v1-03988	MS-n5-wXXYxYxY	ACP-010037	ms_expanded	T5_moonshot	100k	21	true	open	950
ac-v1-03989	MS-n3-wXXYYxYxY	ACP-014699	ms_expanded	T4_frontier	100k	18	true		
ac-v1-03990	INTLB-b3t-634-1	ACP-038824	interleaved_b	T1_easy	10k_final	30	true		
ac-v1-03991	AUTH-17_9-k12-0	ACP-001015	aut_hard	T5_moonshot	100k	40	true		
ac-v1-03992	INTLB-b3t-360-1	ACP-038858	interleaved_b	T1_easy	10k_final	31	true		
ac-v1-03993	INTLB-b3t-549-1	ACP-044101	interleaved_b	T3_hard_solvable	100k	31	true		
ac-v1-03994	MS-n4-wXXYYYxyxy	ACP-000565	ms_expanded	T4_frontier	100k	21	true		
ac-v1-03995	INTL-b3-146-0	ACP-029447	interleaved	T1_easy	10k_final	29	true		
ac-v1-03996	INTLB-b4-1069-1	ACP-042320	interleaved_b	T1_easy	10k_final	21	true		
ac-v1-03997	INTLB-b4-2981-1	ACP-040004	interleaved_b	T2_medium	100k	26	true		
ac-v1-03998	INTLB-b3t-637-1	ACP-038640	interleaved_b	T1_easy	10k_final	29	true		
ac-v1-03999	INTLB-b4-1348-1	ACP-046094	interleaved_b	T1_easy	10k_final	31	true		
ac-v1-04000	INTLB-b3t-99-1	ACP-041500	interleaved_b	T3_hard_solvable	100k	29	true		
ac-v1-04001	MS-n8-wXXXYYxxYxy	ACP-016949	ms_expanded	T4_frontier	100k	30	true		
ac-v1-04002	INTLB-b4-3980-1	ACP-042602	interleaved_b	T3_hard_solvable	100k	26	true		
ac-v1-04003	INTLB-b4-1437-1	ACP-038454	interleaved_b	T3_hard_solvable	100k	31	true		
ac-v1-04004	INTLB-b3t-597-1	ACP-043493	interleaved_b	T1_easy	10k_final	31	true		
ac-v1-04005	MS-n2-wXYXyxYxy	ACP-000511	ms_expanded	T4_frontier	100k	16	true		
ac-v1-04006	MS-n7-wXyyxyyyy	ACP-019279	ms_expanded	T1_easy	10k_final	26	true		
ac-v1-04007	INTLB-b4-3207-0	ACP-039840	interleaved_b	T2_medium	100k	31	true		
ac-v1-04008	INTLB-b4-85-1	ACP-040105	interleaved_b	T3_hard_solvable	100k	35	true		
ac-v1-04009	INTLB-b4-1392-0	ACP-038737	interleaved_b	T1_easy	10k_final	31	true		
ac-v1-04010	INTLB-b4-1936-1	ACP-037917	interleaved_b	T3_hard_solvable	100k	26	true		
ac-v1-04011	INTLB-b4-1168-0	ACP-041339	interleaved_b	T2_medium	100k	35	true		
ac-v1-04012	INTLB-b4-1247-0	ACP-045486	interleaved_b	T1_easy	10k_final	29	true		
ac-v1-04013	INTLB-b3t-359-0	ACP-039893	interleaved_b	T1_easy	10k_final	27	true		
ac-v1-04014	INTLB-b4-339-0	ACP-042122	interleaved_b	T2_medium	100k	21	true		
ac-v1-04015	MS-n2-wXyxyXYxy	ACP-013590	ms_expanded	T1_easy	10k_final	16	true		
ac-v1-04016	MS-n4-wyXyxY	ACP-007659	ms_expanded	T1_easy	10k_final	17	true	uncertified	123
ac-v1-04017	INTLB-b3t-755-0	ACP-041183	interleaved_b	T1_easy	10k_final	29	true		
ac-v1-04018	INTLB-b3t-697-0	ACP-040891	interleaved_b	T1_easy	10k_final	27	true		
ac-v1-04019	INTLB-b4-1596-1	ACP-043600	interleaved_b	T1_easy	10k_final	30	true		
ac-v1-04020	MS-n8-wXXyxxy	ACP-015069	ms_expanded	T4_frontier	100k	26	true		
ac-v1-04021	INTLB-b4-654-0	ACP-044445	interleaved_b	T2_medium	100k	33	true		
ac-v1-04022	AUTH-25_20-k12-1	ACP-033727	aut_hard	T5_moonshot	100k	37	true		
ac-v1-04023	INTLB-b4-54-0	ACP-042541	interleaved_b	T2_medium	100k	28	true		
ac-v1-04024	MS-n5-wXyxxYXY	ACP-020484	ms_expanded	T4_frontier	100k	21	true	open	1027
ac-v1-04025	MS-n7-wyyXyyxy	ACP-028593	ms_expanded	T4_frontier	100k	25	false	open	679
ac-v1-04026	INTLB-b4-1333-1	ACP-042222	interleaved_b	T1_easy	10k_final	34	true		
ac-v1-04027	MS-n10-wXyxy	ACP-003320	ms_expanded	T4_frontier	100k	28	true		
ac-v1-04028	INTLB-b4-2823-0	ACP-037251	interleaved_b	T2_medium	100k	29	true		
ac-v1-04029	INTL-b4-121-0	ACP-026918	interleaved	T1_easy	10k_final	33	true		
ac-v1-04030	INTL-b4-20-1	ACP-005093	interleaved	T1_easy	10k_final	30	true		
ac-v1-04031	INTL-b4-48-1	ACP-025460	interleaved	T2_medium	100k	35	true		
ac-v1-04032	MS-n10-wXYxYY	ACP-006330	ms_expanded	T4_frontier	100k	29	true		
ac-v1-04033	INTLB-b3t-513-1	ACP-040717	interleaved_b	T1_easy	10k_final	29	true		
ac-v1-04034	INTLB-b3t-937-1	ACP-038909	interleaved_b	T1_easy	10k_final	28	true		
ac-v1-04035	INTLB-b4-2787-1	ACP-045080	interleaved_b	T2_medium	100k	27	true		
ac-v1-04036	INTLB-b4-2662-0	ACP-042776	interleaved_b	T2_medium	100k	34	true		
ac-v1-04037	INTL-b4-132-1	ACP-031973	interleaved	T1_easy	10k_final	31	true		
ac-v1-04038	MS-n10-wXXYYYxxyy	ACP-028370	ms_expanded	T4_frontier	100k	33	true		
ac-v1-04039	INTLB-b3t-531-1	ACP-046705	interleaved_b	T1_easy	10k_final	31	true		
ac-v1-04040	INTLB-b3t-218-0	ACP-037332	interleaved_b	T1_easy	10k_final	35	true		
ac-v1-04041	INTLB-b4-593-1	ACP-042681	interleaved_b	T3_hard_solvable	100k	35	true		
ac-v1-04042	MS-n1-wXXXXYxxxxy	ACP-020190	ms_expanded	T1_easy	10k_final	16	true		
ac-v1-04043	INTLB-b4-3054-0	ACP-039474	interleaved_b	T2_medium	100k	33	true		
ac-v1-04044	INTLB-b3t-583-0	ACP-046503	interleaved_b	T1_easy	10k_final	35	true		
ac-v1-04045	MS-n4-wYxyyyXy	ACP-010261	ms_expanded	T4_frontier	100k	19	true	open	1103
ac-v1-04046	INTLB-b4-2209-0	ACP-037952	interleaved_b	T3_hard_solvable	100k	30	true		
ac-v1-04047	MS-n5-wYYYXYYYYxY	ACP-010316	ms_expanded	T1_easy	10k_final	24	true		
ac-v1-04048	INTLB-b4-1922-0	ACP-042966	interleaved_b	T1_easy	10k_final	35	true		
ac-v1-04049	INTLB-b4-1092-0	ACP-043406	interleaved_b	T1_easy	10k_final	33	true		
ac-v1-04050	INTLB-b4-1277-1	ACP-040631	interleaved_b	T1_easy	10k_final	31	true		
ac-v1-04051	INTL-b3-10-1	ACP-013996	interleaved	T0_warmup	10k_final	31	true		
ac-v1-04052	INTLB-b3t-568-1	ACP-040932	interleaved_b	T1_easy	10k_final	27	true		
ac-v1-04053	INTLB-b3t-441-1	ACP-040108	interleaved_b	T1_easy	10k_final	23	true		
ac-v1-04054	INTLB-b4-785-0	ACP-046053	interleaved_b	T2_medium	100k	35	true		
ac-v1-04055	INTLB-b4-219-1	ACP-039919	interleaved_b	T1_easy	10k_final	33	true		
ac-v1-04056	MS-n10-wYXYYxY	ACP-021401	ms_expanded	T4_frontier	100k	30	true		
ac-v1-04057	MS-n7-wXXYYxYxy	ACP-026857	ms_expanded	T4_frontier	100k	26	true		
ac-v1-04058	INTLB-b4-1587-0	ACP-045892	interleaved_b	T1_easy	10k_final	29	true		
ac-v1-04059	INTLB-b4-1916-0	ACP-037554	interleaved_b	T2_medium	100k	31	true		
ac-v1-04060	MS-n7-wYXyyyyyxyy	ACP-021956	ms_expanded	T2_medium	100k	28	true		
ac-v1-04061	INTLB-b4-2488-1	ACP-041684	interleaved_b	T3_hard_solvable	100k	31	true		
ac-v1-04062	INTLB-b3t-12-0	ACP-043420	interleaved_b	T0_warmup	10k_final	32	true		
ac-v1-04063	MS-n9-wYxYYXy	ACP-031618	ms_expanded	T4_frontier	100k	28	true		
ac-v1-04064	MS-n5-wXYxxyXY	ACP-003086	ms_expanded	T5_moonshot	100k	21	false	open	838
ac-v1-04065	MS-n6-wYXyyyxyyy	ACP-024752	ms_expanded	T1_easy	10k_final	25	true		
ac-v1-04066	INTLB-b3t-455-0	ACP-040382	interleaved_b	T1_easy	10k_final	35	true		
ac-v1-04067	INTLB-b3t-203-0	ACP-039501	interleaved_b	T1_easy	10k_final	31	true		
ac-v1-04068	INTLB-b4-1786-0	ACP-039812	interleaved_b	T1_easy	10k_final	25	true		
ac-v1-04069	INTLB-b3t-702-1	ACP-043239	interleaved_b	T2_medium	100k	33	true		
ac-v1-04070	MS-n4-wyXyyxY	ACP-001647	ms_expanded	T1_easy	10k_final	18	true	uncertified	270
ac-v1-04071	MS-n7-wYXyxyy	ACP-009060	ms_expanded	T4_frontier	100k	24	true	open	441
ac-v1-04072	INTLB-b4-2361-1	ACP-044710	interleaved_b	T3_hard_solvable	100k	29	true		
ac-v1-04073	INTLB-b3t-321-1	ACP-040734	interleaved_b	T1_easy	10k_final	30	true		
ac-v1-04074	MS-n5-wYYYXyxy	ACP-036377	ms_expanded	T5_moonshot	10k_final	21	false	open	509
ac-v1-04075	AUTH-19_28-k0-0	ACP-009510	aut_hard	T5_moonshot	100k	19	true		
ac-v1-04076	INTLB-b4-3695-0	ACP-038237	interleaved_b	T2_medium	100k	33	true		
ac-v1-04077	INTLB-b4-2074-0	ACP-042725	interleaved_b	T2_medium	100k	35	true		
ac-v1-04078	MS-n7-wyxyyXyy	ACP-027427	ms_expanded	T4_frontier	100k	25	false	open	546
ac-v1-04079	AUTH-17_15-k1-1	ACP-031493	aut_hard	T5_moonshot	100k	17	true		
ac-v1-04080	INTLB-b3t-712-1	ACP-039135	interleaved_b	T2_medium	100k	33	true		
ac-v1-04081	INTLB-b3t-670-1	ACP-042511	interleaved_b	T1_easy	10k_final	31	true		
ac-v1-04082	MS-n6-wXXXXyxxxxy	ACP-003360	ms_expanded	T4_frontier	100k	26	true		
ac-v1-04083	INTL-b3-190-0	ACP-035385	interleaved	T1_easy	10k_final	24	true		
ac-v1-04084	INTLB-b3t-596-1	ACP-037631	interleaved_b	T1_easy	10k_final	35	true		
ac-v1-04085	MS-n5-wYxyXy	ACP-015225	ms_expanded	T1_easy	10k_final	19	true	uncertified	96
ac-v1-04086	INTL-b3-129-0	ACP-024223	interleaved	T1_easy	10k_final	24	true		
ac-v1-04087	INTLB-b4-1295-0	ACP-040380	interleaved_b	T1_easy	10k_final	24	true		
ac-v1-04088	MS-n4-wXYYYYYYxy	ACP-031261	ms_expanded	T1_easy	10k_final	21	true		
ac-v1-04089	MS-n9-wXXXYYxYxxy	ACP-005351	ms_expanded	T4_frontier	100k	32	true		
ac-v1-04090	INTLB-b3t-606-0	ACP-044533	interleaved_b	T1_easy	10k_final	32	true		
ac-v1-04091	MS-n6-wXXXYYxxxY	ACP-035211	ms_expanded	T4_frontier	100k	25	true		
ac-v1-04092	MS-n7-wYXyxYYY	ACP-029100	ms_expanded	T4_frontier	100k	25	true	open	1078
ac-v1-04093	MS-n8-wYYYYxYXy	ACP-033275	ms_expanded	T2_medium	100k	28	true		
ac-v1-04094	INTLB-b3t-682-0	ACP-038213	interleaved_b	T1_easy	10k_final	29	true		
ac-v1-04095	MS-n2-wXYxxYXyy	ACP-033703	ms_expanded	T4_frontier	100k	16	true		
ac-v1-04096	INTLB-b4-1761-0	ACP-046123	interleaved_b	T1_easy	10k_final	28	true		
ac-v1-04097	INTL-b3-143-0	ACP-005012	interleaved	T1_easy	10k_final	27	true		
ac-v1-04098	MS-n7-wYXyxyyy	ACP-028245	ms_expanded	T4_frontier	100k	25	true	open	567
ac-v1-04099	INTLB-b4-1583-0	ACP-039154	interleaved_b	T1_easy	10k_final	29	true		
ac-v1-04100	INTLB-b4-32-0	ACP-039198	interleaved_b	T3_hard_solvable	100k	35	true		
ac-v1-04101	INTL-b2-215-0	ACP-011351	interleaved	T1_easy	10k_final	36	true		
ac-v1-04102	INTLB-b4-2912-1	ACP-045012	interleaved_b	T2_medium	100k	31	true		
ac-v1-04103	INTL-b4-170-1	ACP-007373	interleaved	T2_medium	100k	22	true		
ac-v1-04104	INTLB-b3t-84-1	ACP-045656	interleaved_b	T3_hard_solvable	100k	29	true		
ac-v1-04105	MS-n7-wXXXYxYxyxy	ACP-034473	ms_expanded	T4_frontier	100k	28	true		
ac-v1-04106	AUTH-21_38-k0-0	ACP-002122	aut_hard	T5_moonshot	100k	21	true		
ac-v1-04107	INTLB-b4-194-1	ACP-037444	interleaved_b	T2_medium	100k	35	true		
ac-v1-04108	INTLB-b4-900-0	ACP-042960	interleaved_b	T2_medium	100k	31	true		
ac-v1-04109	AUTH-25_15-k1-0	ACP-021052	aut_hard	T5_moonshot	100k	39	true		
ac-v1-04110	INTLB-b3t-494-1	ACP-046000	interleaved_b	T1_easy	10k_final	30	true		
ac-v1-04111	INTLB-b4-1479-0	ACP-039995	interleaved_b	T1_easy	10k_final	25	true		
ac-v1-04112	MS-n8-wXXYYxYxY	ACP-030050	ms_expanded	T4_frontier	100k	28	true		
ac-v1-04113	AUTH-17_2-k1-1	ACP-024495	aut_hard	T5_moonshot	100k	20	true		
ac-v1-04114	INTLB-b4-1525-1	ACP-039598	interleaved_b	T1_easy	10k_final	33	true		
ac-v1-04115	MS-n6-wXXyxyxY	ACP-003931	ms_expanded	T5_moonshot	100k	23	false	open	531
ac-v1-04116	INTLB-b3t-95-0	ACP-044527	interleaved_b	T1_easy	10k_final	33	true		
ac-v1-04117	INTLB-b4-2021-0	ACP-040687	interleaved_b	T2_medium	100k	28	true		
ac-v1-04118	INTLB-b4-636-1	ACP-045949	interleaved_b	T2_medium	100k	28	true		
ac-v1-04119	AUTH-25_15-k1-1	ACP-037214	aut_hard	T5_moonshot	100k	39	true		
ac-v1-04120	INTLB-b3t-301-1	ACP-037324	interleaved_b	T1_easy	10k_final	23	true		
ac-v1-04121	MS-n1-wXXXYYxxxY	ACP-004757	ms_expanded	T1_easy	10k_final	15	true		
ac-v1-04122	MS-n9-wyXyyyxYYY	ACP-027616	ms_expanded	T1_easy	10k_final	31	true		
ac-v1-04123	INTLB-b4-1548-0	ACP-044157	interleaved_b	T2_medium	100k	35	true		
ac-v1-04124	INTLB-b4-2724-0	ACP-045527	interleaved_b	T3_hard_solvable	100k	32	true		
ac-v1-04125	INTLB-b4-2908-0	ACP-043112	interleaved_b	T2_medium	100k	35	true		
ac-v1-04126	INTLB-b3t-105-0	ACP-038114	interleaved_b	T1_easy	10k_final	35	true		
ac-v1-04127	INTLB-b3t-908-1	ACP-040491	interleaved_b	T1_easy	10k_final	29	true		
ac-v1-04128	MS-n10-wXXYYYxyxy	ACP-011812	ms_expanded	T4_frontier	100k	33	true		
ac-v1-04129	MS-n5-wYXyyyxYYYY	ACP-033420	ms_expanded	T1_easy	10k_final	24	true		
ac-v1-04130	INTLB-b4-3978-1	ACP-046579	interleaved_b	T3_hard_solvable	100k	33	true		
ac-v1-04131	INTLB-b4-2386-0	ACP-042860	interleaved_b	T2_medium	100k	30	true		
ac-v1-04132	INTLB-b4-1292-0	ACP-046288	interleaved_b	T2_medium	100k	33	true		
ac-v1-04133	INTLB-b4-165-1	ACP-043597	interleaved_b	T1_easy	10k_final	29	true		
ac-v1-04134	AUTH-19_40-k1-0	ACP-023953	aut_hard	T5_moonshot	100k	19	true		
ac-v1-04135	MS-n10-wXXXYxyxxY	ACP-021442	ms_expanded	T4_frontier	100k	33	true		
ac-v1-04136	MS-n10-wyyyyyyyyyy	ACP-030544	ms_expanded	T0_warmup	10k_final	34	true		
ac-v1-04137	INTLB-b4-1883-0	ACP-041642	interleaved_b	T1_easy	10k_final	29	true		
ac-v1-04138	INTLB-b4-1362-1	ACP-043324	interleaved_b	T1_easy	10k_final	24	true		
ac-v1-04139	MS-n5-wYxyyyXy	ACP-012647	ms_expanded	T1_easy	10k_final	21	true	uncertified	1104
ac-v1-04140	MS-n5-wYXyyyyxyyy	ACP-021758	ms_expanded	T1_easy	10k_final	24	true		
ac-v1-04141	INTLB-b4-622-1	ACP-046863	interleaved_b	T2_medium	100k	31	true		
ac-v1-04142	AUTH-21_35-k0-0	ACP-008412	aut_hard	T5_moonshot	100k	21	true		
ac-v1-04143	INTLB-b3t-851-0	ACP-045058	interleaved_b	T1_easy	10k_final	25	true		
ac-v1-04144	MS-n7-wXXXYxyxYxy	ACP-001163	ms_expanded	T4_frontier	100k	28	true		
ac-v1-04145	MS-n4-wXYYYxy	ACP-011927	ms_expanded	T5_moonshot	10k_final	18	false	open	403
ac-v1-04146	MS-n3-wXXYYxxYY	ACP-016379	ms_expanded	T4_frontier	100k	18	true		
ac-v1-04147	INTLB-b4-2104-0	ACP-044858	interleaved_b	T3_hard_solvable	100k	23	true		
ac-v1-04148	MS-n7-wXXYxxyyy	ACP-036930	ms_expanded	T4_frontier	100k	26	true		
ac-v1-04149	INTLB-b4-2215-1	ACP-045755	interleaved_b	T1_easy	10k_final	21	true		
ac-v1-04150	AUTH-21_12-k12-0	ACP-001932	aut_hard	T5_moonshot	100k	37	true		
ac-v1-04151	INTLB-b3t-219-0	ACP-045556	interleaved_b	T1_easy	10k_final	31	true		
ac-v1-04152	INTLB-b4-19-0	ACP-042079	interleaved_b	T2_medium	100k	35	true		
ac-v1-04153	MS-n5-wXXYxyxY	ACP-022938	ms_expanded	T5_moonshot	100k	21	false	open	922
ac-v1-04154	MS-n4-wXYYxyXYYxY	ACP-032844	ms_expanded	T1_easy	10k_final	22	true		
ac-v1-04155	INTLB-b4-3947-0	ACP-042448	interleaved_b	T2_medium	100k	32	true		
ac-v1-04156	INTLB-b4-110-0	ACP-044304	interleaved_b	T3_hard_solvable	100k	30	true		
ac-v1-04157	MS-n8-wXyyyxYYY	ACP-017910	ms_expanded	T0_warmup	10k_final	28	true		
ac-v1-04158	MS-n4-wXXyyyyxxy	ACP-022734	ms_expanded	T5_moonshot	100k	21	true		
ac-v1-04159	INTLB-b4-2458-0	ACP-038132	interleaved_b	T3_hard_solvable	100k	31	true		
ac-v1-04160	MS-n9-wYxyXy	ACP-006892	ms_expanded	T2_medium	100k	27	true		
ac-v1-04161	MS-n10-wXXXyxxyxY	ACP-034661	ms_expanded	T4_frontier	100k	33	true		
ac-v1-04162	INTLB-b4-3114-1	ACP-042657	interleaved_b	T3_hard_solvable	100k	29	true		
ac-v1-04163	INTLB-b3t-821-0	ACP-046535	interleaved_b	T1_easy	10k_final	21	true		
ac-v1-04164	INTLB-b3t-879-0	ACP-044300	interleaved_b	T1_easy	10k_final	33	true		
ac-v1-04165	MS-n5-wXYXyxxy	ACP-004780	ms_expanded	T5_moonshot	100k	21	false	open	1006
ac-v1-04166	INTL-b4-220-0	ACP-035388	interleaved	T1_easy	10k_final	27	true		
ac-v1-04167	MS-n8-wXXXXYxxxxy	ACP-016053	ms_expanded	T4_frontier	100k	30	true		
ac-v1-04168	INTLB-b3t-148-0	ACP-043387	interleaved_b	T1_easy	10k_final	24	true		
ac-v1-04169	INTLB-b4-627-0	ACP-038920	interleaved_b	T2_medium	100k	31	true		
ac-v1-04170	MS-n5-wXyXyxxy	ACP-019247	ms_expanded	T5_moonshot	100k	21	false	open	999
ac-v1-04171	INTLB-b4-597-1	ACP-045429	interleaved_b	T2_medium	100k	25	true		
ac-v1-04172	MS-n2-wXXyXYxxxy	ACP-010019	ms_expanded	T4_frontier	100k	17	true		
ac-v1-04173	MS-n4-wXXYYYYxYxy	ACP-013525	ms_expanded	T1_easy	10k_final	22	true		
ac-v1-04174	INTLB-b4-2362-0	ACP-041044	interleaved_b	T2_medium	100k	32	true		
ac-v1-04175	INTLB-b4-218-0	ACP-044246	interleaved_b	T1_easy	10k_final	25	true		
ac-v1-04176	INTLB-b4-1564-0	ACP-043201	interleaved_b	T1_easy	10k_final	31	true		
ac-v1-04177	MS-n5-wXXXyxxyxy	ACP-019696	ms_expanded	T4_frontier	100k	23	true		
ac-v1-04178	INTLB-b4-1497-0	ACP-037561	interleaved_b	T1_easy	10k_final	29	true		
ac-v1-04179	INTL-b2-165-0	ACP-005455	interleaved	T1_easy	10k_final	22	true		
ac-v1-04180	INTLB-b4-2081-1	ACP-038536	interleaved_b	T2_medium	100k	26	true		
ac-v1-04181	INTLB-b4-1261-0	ACP-042974	interleaved_b	T1_easy	10k_final	33	true		
ac-v1-04182	INTLB-b4-1995-1	ACP-044550	interleaved_b	T1_easy	10k_final	34	true		
ac-v1-04183	INTLB-b3t-46-0	ACP-043369	interleaved_b	T1_easy	10k_final	28	true		
ac-v1-04184	INTLB-b4-1981-0	ACP-039045	interleaved_b	T3_hard_solvable	100k	36	true		
ac-v1-04185	INTLB-b3t-664-0	ACP-046689	interleaved_b	T1_easy	10k_final	27	true		
ac-v1-04186	INTLB-b4-1767-1	ACP-037669	interleaved_b	T1_easy	10k_final	19	true		
ac-v1-04187	AUTH-23_1-k1-2	ACP-014620	aut_hard	T5_moonshot	100k	23	true		
ac-v1-04188	INTLB-b3t-695-1	ACP-039245	interleaved_b	T3_hard_solvable	100k	31	true		
ac-v1-04189	MS-n6-wyxYYXyy	ACP-006500	ms_expanded	T4_frontier	100k	23	false	open	1084
ac-v1-04190	INTLB-b4-76-0	ACP-043262	interleaved_b	T2_medium	100k	27	true		
ac-v1-04191	INTL-b4-119-0	ACP-006086	interleaved	T0_warmup	10k_final	26	true		
ac-v1-04192	MS-n6-wXXXYxxYxyy	ACP-001480	ms_expanded	T4_frontier	100k	26	true		
ac-v1-04193	MS-n1-wXXXYxYxYxY	ACP-006270	ms_expanded	T1_easy	10k_final	16	true		
ac-v1-04194	INTLB-b4-1224-1	ACP-043978	interleaved_b	T1_easy	10k_final	31	true		
ac-v1-04195	INTLB-b4-1075-0	ACP-042529	interleaved_b	T1_easy	10k_final	33	true		
ac-v1-04196	INTLB-b3t-418-0	ACP-046047	interleaved_b	T3_hard_solvable	100k	29	true		
ac-v1-04197	INTLB-b4-1682-1	ACP-043925	interleaved_b	T1_easy	10k_final	23	true		
ac-v1-04198	INTL-b2-291-1	ACP-021187	interleaved	T1_easy	10k_final	21	true		
ac-v1-04199	INTL-b4-119-1	ACP-024345	interleaved	T1_easy	10k_final	31	true		
ac-v1-04200	MS-n7-wXXYxxY	ACP-006850	ms_expanded	T5_moonshot	100k	24	true	open	357
ac-v1-04201	INTL-b2-257-0	ACP-014615	interleaved	T1_easy	10k_final	27	true		
ac-v1-04202	INTLB-b3t-577-1	ACP-041131	interleaved_b	T1_easy	10k_final	31	true		
ac-v1-04203	INTLB-b4-2425-1	ACP-038531	interleaved_b	T2_medium	100k	36	true		
ac-v1-04204	MS-n10-wXXXYxyxyxy	ACP-013770	ms_expanded	T4_frontier	100k	34	true		
ac-v1-04205	INTL-b2-3-0	ACP-021495	interleaved	T1_easy	10k_final	32	true		
ac-v1-04206	INTLB-b4-1550-1	ACP-040780	interleaved_b	T2_medium	100k	33	true		
ac-v1-04207	MS-n4-wXXXYxYxyxy	ACP-021617	ms_expanded	T4_frontier	100k	22	true		
ac-v1-04208	INTLB-b4-384-0	ACP-038277	interleaved_b	T2_medium	100k	26	true		
ac-v1-04209	INTLB-b4-1489-0	ACP-041237	interleaved_b	T2_medium	100k	28	true		
ac-v1-04210	INTLB-b3t-903-0	ACP-041314	interleaved_b	T1_easy	10k_final	33	true		
ac-v1-04211	INTL-b4-128-0	ACP-026916	interleaved	T0_warmup	10k_final	32	true		
ac-v1-04212	MS-n7-wXXYYxYxYY	ACP-035783	ms_expanded	T4_frontier	100k	27	true		
ac-v1-04213	INTLB-b4-2776-1	ACP-041867	interleaved_b	T2_medium	100k	28	true		
ac-v1-04214	INTLB-b4-2057-1	ACP-042752	interleaved_b	T1_easy	10k_final	31	true		
ac-v1-04215	INTLB-b4-3235-1	ACP-046008	interleaved_b	T2_medium	100k	29	true		
ac-v1-04216	MS-n8-wXXYxxYY	ACP-026102	ms_expanded	T4_frontier	100k	27	true		
ac-v1-04217	INTLB-b4-2813-1	ACP-046965	interleaved_b	T2_medium	100k	28	true		
ac-v1-04218	INTLB-b3t-542-0	ACP-043738	interleaved_b	T1_easy	10k_final	27	true		
ac-v1-04219	MS-n6-wYYXyyyxyy	ACP-025584	ms_expanded	T1_easy	10k_final	25	true		
ac-v1-04220	INTLB-b4-1966-0	ACP-045969	interleaved_b	T1_easy	10k_final	29	true		
ac-v1-04221	MS-n10-wXXyyxxYY	ACP-022684	ms_expanded	T4_frontier	100k	32	true		
ac-v1-04222	INTLB-b3t-888-0	ACP-045931	interleaved_b	T1_easy	10k_final	25	true		
ac-v1-04223	INTLB-b4-102-1	ACP-044141	interleaved_b	T3_hard_solvable	100k	33	true		
ac-v1-04224	MS-n3-wXXYXYxxxy	ACP-006600	ms_expanded	T4_frontier	100k	19	true		
ac-v1-04225	INTLB-b4-1909-0	ACP-046907	interleaved_b	T1_easy	10k_final	31	true		
ac-v1-04226	MS-n3-wXXXYxxxyyy	ACP-014629	ms_expanded	T4_frontier	100k	20	true		
ac-v1-04227	AUTH-19_30-k1-0	ACP-019294	aut_hard	T5_moonshot	100k	19	true		
ac-v1-04228	INTLB-b3t-883-0	ACP-044458	interleaved_b	T1_easy	10k_final	27	true		
ac-v1-04229	INTLB-b4-3190-0	ACP-045408	interleaved_b	T2_medium	100k	25	true		
ac-v1-04230	INTLB-b3t-290-1	ACP-042319	interleaved_b	T1_easy	10k_final	24	true		
ac-v1-04231	INTLB-b3t-221-1	ACP-046568	interleaved_b	T1_easy	10k_final	31	true		
ac-v1-04232	INTLB-b4-2596-1	ACP-037850	interleaved_b	T2_medium	100k	32	true		
ac-v1-04233	MS-n6-wYXYYxy	ACP-024931	ms_expanded	T4_frontier	100k	22	true	open	475
ac-v1-04234	INTLB-b4-3314-1	ACP-046561	interleaved_b	T3_hard_solvable	100k	30	true		
ac-v1-04235	INTLB-b4-1160-0	ACP-046629	interleaved_b	T1_easy	10k_final	33	true		
ac-v1-04236	INTLB-b4-842-0	ACP-046725	interleaved_b	T3_hard_solvable	100k	31	true		
ac-v1-04237	INTL-b3-159-0	ACP-010505	interleaved	T1_easy	10k_final	28	true		
ac-v1-04238	INTLB-b3t-275-1	ACP-046279	interleaved_b	T1_easy	10k_final	31	true		
ac-v1-04239	INTLB-b4-1384-1	ACP-044853	interleaved_b	T3_hard_solvable	100k	28	true		
ac-v1-04240	INTLB-b3t-876-0	ACP-040751	interleaved_b	T1_easy	10k_final	33	true		
ac-v1-04241	INTL-b3-169-0	ACP-024696	interleaved	T1_easy	10k_final	31	true		
ac-v1-04242	INTLB-b4-1218-0	ACP-042533	interleaved_b	T1_easy	10k_final	33	true		
ac-v1-04243	AUTH-23_8-k1-1	ACP-016345	aut_hard	T5_moonshot	100k	35	true		
ac-v1-04244	MS-n9-wXXYxyxY	ACP-027183	ms_expanded	T4_frontier	100k	29	true		
ac-v1-04245	INTLB-b3t-87-0	ACP-042509	interleaved_b	T1_easy	10k_final	28	true		
ac-v1-04246	MS-n8-wY	ACP-021779	ms_expanded	T0_warmup	10k_final	21	true		
ac-v1-04247	INTLB-b3t-54-0	ACP-038448	interleaved_b	T1_easy	10k_final	22	true		
ac-v1-04248	INTL-b4-232-0	ACP-032255	interleaved	T1_easy	10k_final	35	true		
ac-v1-04249	INTLB-b4-2420-0	ACP-040041	interleaved_b	T3_hard_solvable	100k	35	true		
ac-v1-04250	MS-n3-wYYYYXyxY	ACP-024653	ms_expanded	T1_easy	10k_final	18	true		
ac-v1-04251	MS-n2-wXYxyyXYxY	ACP-031648	ms_expanded	T1_easy	10k_final	17	true		
ac-v1-04252	MS-n6-wYYXYxy	ACP-016404	ms_expanded	T2_medium	100k	22	true	uncertified	321
ac-v1-04253	INTL-b4-114-0	ACP-029962	interleaved	T2_medium	100k	23	true		
ac-v1-04254	INTLB-b4-2211-0	ACP-044111	interleaved_b	T2_medium	100k	30	true		
ac-v1-04255	MS-n6-wXXyyxYxy	ACP-031603	ms_expanded	T4_frontier	100k	24	true		
ac-v1-04256	INTLB-b3t-8-0	ACP-039088	interleaved_b	T1_easy	10k_final	29	true		
ac-v1-04257	MS-n5-wXXXyxxxyy	ACP-026633	ms_expanded	T4_frontier	100k	23	true		
ac-v1-04258	INTLB-b4-1481-1	ACP-041392	interleaved_b	T1_easy	10k_final	31	true		
ac-v1-04259	INTLB-b4-2578-1	ACP-045700	interleaved_b	T3_hard_solvable	100k	32	true		
ac-v1-04260	MS-n10-wYXYxY	ACP-016695	ms_expanded	T4_frontier	100k	29	true		
ac-v1-04261	INTLB-b3t-635-1	ACP-038482	interleaved_b	T2_medium	100k	25	true		
ac-v1-04262	MS-n7-wXYYxyyy	ACP-007644	ms_expanded	T4_frontier	100k	25	true	open	861
ac-v1-04263	MS-n2-wXYxyXYxy	ACP-030817	ms_expanded	T1_easy	10k_final	16	true		
ac-v1-04264	MS-n9-wXXYYxxY	ACP-008414	ms_expanded	T4_frontier	100k	29	true		
ac-v1-04265	INTL-b4-197-1	ACP-024590	interleaved	T3_hard_solvable	100k	22	true		
ac-v1-04266	INTL-b3-48-1	ACP-014362	interleaved	T3_hard_solvable	100k	29	true		
ac-v1-04267	INTL-b3-165-0	ACP-020951	interleaved	T1_easy	10k_final	33	true		
ac-v1-04268	INTLB-b4-1358-1	ACP-038485	interleaved_b	T1_easy	10k_final	32	true		
ac-v1-04269	INTLB-b4-2119-0	ACP-044494	interleaved_b	T1_easy	10k_final	25	true		
ac-v1-04270	INTLB-b4-1360-0	ACP-044425	interleaved_b	T1_easy	10k_final	29	true		
ac-v1-04271	AUTH-17_20-k1-0	ACP-027459	aut_hard	T5_moonshot	100k	23	true		
ac-v1-04272	MS-n10-wyyy	ACP-011422	ms_expanded	T0_warmup	10k_final	27	true		
ac-v1-04273	INTLB-b3t-415-1	ACP-046926	interleaved_b	T1_easy	10k_final	33	true		
ac-v1-04274	INTLB-b4-1484-1	ACP-046243	interleaved_b	T1_easy	10k_final	31	true		
ac-v1-04275	INTLB-b4-1681-1	ACP-045130	interleaved_b	T1_easy	10k_final	19	true		
ac-v1-04276	MS-n2-wyXyyyxy	ACP-007049	ms_expanded	T1_easy	10k_final	15	true	uncertified	604
ac-v1-04277	INTLB-b3t-159-1	ACP-046816	interleaved_b	T1_easy	10k_final	27	true		
ac-v1-04278	MS-n3-wYXyyxYYY	ACP-035045	ms_expanded	T1_easy	10k_final	18	true		
ac-v1-04279	INTL-b3-189-0	ACP-031304	interleaved	T1_easy	10k_final	29	true		
ac-v1-04280	MS-n9-wXyxxYXY	ACP-019530	ms_expanded	T4_frontier	100k	29	true		
ac-v1-04281	INTLB-b4-528-0	ACP-046112	interleaved_b	T3_hard_solvable	100k	27	true		
ac-v1-04282	MS-n2-wXYYYYYxY	ACP-018764	ms_expanded	T1_easy	10k_final	16	true		
ac-v1-04283	MS-n7-wXXXYxxxY	ACP-015370	ms_expanded	T4_frontier	100k	26	true		
ac-v1-04284	MS-n9-wXYYYYxY	ACP-013432	ms_expanded	T4_frontier	100k	29	true		
ac-v1-04285	MS-n5-wYYxyyXy	ACP-030317	ms_expanded	T1_easy	10k_final	21	true	uncertified	1132
ac-v1-04286	INTLB-b4-1033-0	ACP-037713	interleaved_b	T1_easy	10k_final	32	true		
ac-v1-04287	MS-n6-wYYYXYxy	ACP-033229	ms_expanded	T2_medium	100k	23	true	uncertified	1182
ac-v1-04288	MS-n3-wXXYYYxxyyy	ACP-003683	ms_expanded	T5_moonshot	10k_final	20	true		
ac-v1-04289	MS-n4-wXXyxYYxy	ACP-005005	ms_expanded	T4_frontier	100k	20	true		
ac-v1-04290	MS-n5-wYYYXYYYxYY	ACP-010319	ms_expanded	T1_easy	10k_final	24	true		
ac-v1-04291	INTL-b4-137-1	ACP-029973	interleaved	T3_hard_solvable	100k	27	true		
ac-v1-04292	INTLB-b4-149-1	ACP-046774	interleaved_b	T1_easy	10k_final	25	true		
ac-v1-04293	MS-n9-wXYxY	ACP-018741	ms_expanded	T4_frontier	100k	26	true		
ac-v1-04294	MS-n9-wyyXyyxYY	ACP-025485	ms_expanded	T2_medium	100k	30	true		
ac-v1-04295	MS-n9-wXXYXYxxxY	ACP-008932	ms_expanded	T4_frontier	100k	31	true		
ac-v1-04296	INTL-b1-270-1	ACP-019604	interleaved	T1_easy	10k_final	33	true		
ac-v1-04297	INTLB-b4-335-0	ACP-043297	interleaved_b	T3_hard_solvable	100k	33	true		
ac-v1-04298	INTLB-b3t-665-1	ACP-043018	interleaved_b	T1_easy	10k_final	27	true		
ac-v1-04299	MS-n7-wXXXYYxxxY	ACP-034074	ms_expanded	T4_frontier	100k	27	true		
ac-v1-04300	MS-n3-wXYYxy	ACP-009620	ms_expanded	T5_moonshot	10k_final	15	true	open	206
ac-v1-04301	INTLB-b4-2156-0	ACP-037835	interleaved_b	T3_hard_solvable	100k	32	true		
ac-v1-04302	AUTH-21_1-k0-0	ACP-001943	aut_hard	T5_moonshot	10k_final	21	true		
ac-v1-04303	INTLB-b3t-896-1	ACP-038251	interleaved_b	T1_easy	10k_final	27	true		
ac-v1-04304	MS-n10-wXYYYxY	ACP-025345	ms_expanded	T4_frontier	100k	30	true		
ac-v1-04305	INTL-b3-171-1	ACP-009520	interleaved	T1_easy	10k_final	35	true		
ac-v1-04306	INTLB-b3t-777-0	ACP-043620	interleaved_b	T3_hard_solvable	100k	24	true		
ac-v1-04307	INTLB-b4-198-1	ACP-042943	interleaved_b	T1_easy	10k_final	22	true		
ac-v1-04308	INTLB-b3t-20-0	ACP-037891	interleaved_b	T0_warmup	10k_final	13	true		
ac-v1-04309	INTLB-b4-2909-0	ACP-044638	interleaved_b	T2_medium	100k	35	true		
ac-v1-04310	MS-n10-wXYxY	ACP-020875	ms_expanded	T4_frontier	100k	28	true		
ac-v1-04311	INTLB-b3t-33-1	ACP-045595	interleaved_b	T1_easy	10k_final	35	true		
ac-v1-04312	MS-n4-wXYxxYXy	ACP-005872	ms_expanded	T5_moonshot	100k	19	false	open	1166
ac-v1-04313	INTLB-b4-3048-1	ACP-040701	interleaved_b	T2_medium	100k	32	true		
ac-v1-04314	INTLB-b3t-146-1	ACP-046792	interleaved_b	T1_easy	10k_final	35	true		
ac-v1-04315	INTLB-b3t-939-1	ACP-043939	interleaved_b	T1_easy	10k_final	24	true		
ac-v1-04316	INTLB-b3t-17-1	ACP-045537	interleaved_b	T1_easy	10k_final	31	true		
ac-v1-04317	INTLB-b4-1519-0	ACP-039988	interleaved_b	T2_medium	100k	30	true		
ac-v1-04318	INTLB-b4-478-1	ACP-046696	interleaved_b	T2_medium	100k	28	true		
ac-v1-04319	INTLB-b3t-816-0	ACP-044798	interleaved_b	T1_easy	10k_final	33	true		
ac-v1-04320	MS-n7-wXyyyxy	ACP-026398	ms_expanded	T4_frontier	100k	24	true	open	385
ac-v1-04321	INTLB-b4-154-0	ACP-039892	interleaved_b	T1_easy	10k_final	28	true		
ac-v1-04322	MS-n6-wyXyyyxY	ACP-012966	ms_expanded	T1_easy	10k_final	23	true	uncertified	629
ac-v1-04323	INTLB-b4-1282-0	ACP-044098	interleaved_b	T1_easy	10k_final	31	true		
ac-v1-04324	MS-n8-wXYXyxxY	ACP-018462	ms_expanded	T4_frontier	100k	27	true		
ac-v1-04325	INTLB-b4-2098-0	ACP-047126	interleaved_b	T1_easy	10k_final	34	true		
ac-v1-04326	INTLB-b4-1746-1	ACP-038820	interleaved_b	T1_easy	10k_final	29	true		
ac-v1-04327	INTLB-b4-1065-1	ACP-039381	interleaved_b	T1_easy	10k_final	33	true		
ac-v1-04328	AUTH-17_29-k1-2	ACP-036726	aut_hard	T5_moonshot	100k	23	true		
ac-v1-04329	INTLB-b4-2952-0	ACP-041179	interleaved_b	T3_hard_solvable	100k	31	true		
ac-v1-04330	INTLB-b4-2141-1	ACP-046099	interleaved_b	T1_easy	10k_final	22	true		
ac-v1-04331	INTL-b2-19-1	ACP-013424	interleaved	T1_easy	10k_final	25	true		
ac-v1-04332	INTLB-b3t-291-0	ACP-043364	interleaved_b	T1_easy	10k_final	25	true		
ac-v1-04333	INTLB-b3t-260-1	ACP-043950	interleaved_b	T1_easy	10k_final	29	true		
ac-v1-04334	INTL-b4-11-0	ACP-010143	interleaved	T2_medium	100k	27	true		
ac-v1-04335	MS-n3-wXYXYxYxY	ACP-020312	ms_expanded	T4_frontier	100k	18	true		
ac-v1-04336	INTLB-b4-1751-1	ACP-040901	interleaved_b	T1_easy	10k_final	30	true		
ac-v1-04337	MS-n4-wXXYYYYxyxY	ACP-017835	ms_expanded	T0_warmup	10k_final	22	true		
ac-v1-04338	INTLB-b4-2486-1	ACP-044511	interleaved_b	T2_medium	100k	31	true		
ac-v1-04339	MS-n6-wYYXYYxY	ACP-033913	ms_expanded	T4_frontier	100k	23	true	open	790
ac-v1-04340	MS-n5-wYXYxY	ACP-011790	ms_expanded	T4_frontier	100k	19	true	open	131
ac-v1-04341	INTLB-b3t-103-0	ACP-038217	interleaved_b	T1_easy	10k_final	23	true		
ac-v1-04342	INTLB-b4-2831-0	ACP-039740	interleaved_b	T2_medium	100k	31	true		
ac-v1-04343	MS-n6-wXXyyxxy	ACP-023357	ms_expanded	T4_frontier	100k	23	true	open	692
ac-v1-04344	INTLB-b4-1496-1	ACP-046987	interleaved_b	T2_medium	100k	32	true		
ac-v1-04345	INTLB-b4-1529-0	ACP-039608	interleaved_b	T1_easy	10k_final	32	true		
ac-v1-04346	INTLB-b4-82-0	ACP-040206	interleaved_b	T3_hard_solvable	100k	24	true		
ac-v1-04347	INTLB-b4-1027-1	ACP-042136	interleaved_b	T1_easy	10k_final	26	true		
ac-v1-04348	MS-n5-wYxYYYYYXyy	ACP-012515	ms_expanded	T2_medium	100k	24	true		
ac-v1-04349	INTLB-b4-1692-1	ACP-046662	interleaved_b	T3_hard_solvable	100k	24	true		
ac-v1-04350	INTLB-b4-3967-1	ACP-038648	interleaved_b	T2_medium	100k	32	true		
ac-v1-04351	MS-n6-wyxyXyy	ACP-027537	ms_expanded	T4_frontier	100k	22	true	open	377
ac-v1-04352	INTLB-b4-1907-0	ACP-038532	interleaved_b	T1_easy	10k_final	29	true		
ac-v1-04353	MS-n1-wXXXYYYxxxY	ACP-016163	ms_expanded	T1_easy	10k_final	16	true		
ac-v1-04354	INTLB-b4-2798-0	ACP-042669	interleaved_b	T2_medium	100k	29	true		
ac-v1-04355	INTLB-b3t-892-0	ACP-041720	interleaved_b	T1_easy	10k_final	30	true		
ac-v1-04356	INTLB-b3t-29-1	ACP-046347	interleaved_b	T1_easy	10k_final	29	true		
ac-v1-04357	INTLB-b3t-515-1	ACP-040270	interleaved_b	T1_easy	10k_final	32	true		
ac-v1-04358	INTLB-b3t-216-0	ACP-042585	interleaved_b	T1_easy	10k_final	28	true		
ac-v1-04359	AUTH-AK(2)-k1-1	ACP-029672	aut_hard	T0_warmup	10k_final	11	true		
ac-v1-04360	INTLB-b4-746-0	ACP-041897	interleaved_b	T2_medium	100k	32	true		
ac-v1-04361	MS-n5-wYxyXyy	ACP-008825	ms_expanded	T1_easy	10k_final	20	true	uncertified	299
ac-v1-04362	INTL-b4-179-0	ACP-028054	interleaved	T2_medium	100k	27	true		
ac-v1-04363	MS-n10-wXYxxyXY	ACP-035134	ms_expanded	T4_frontier	100k	31	true		
ac-v1-04364	INTLB-b4-3203-0	ACP-045122	interleaved_b	T2_medium	100k	22	true		
ac-v1-04365	INTLB-b4-3319-1	ACP-044235	interleaved_b	T3_hard_solvable	100k	35	true		
ac-v1-04366	INTLB-b4-3965-1	ACP-045016	interleaved_b	T2_medium	100k	28	true		
ac-v1-04367	INTLB-b4-2544-0	ACP-041503	interleaved_b	T2_medium	100k	27	true		
ac-v1-04368	AUTH-21_28-k1-1	ACP-017035	aut_hard	T5_moonshot	100k	29	true		
ac-v1-04369	INTLB-b4-1706-1	ACP-041773	interleaved_b	T1_easy	10k_final	29	true		
ac-v1-04370	INTLB-b3t-423-0	ACP-044413	interleaved_b	T1_easy	10k_final	30	true		
ac-v1-04371	INTLB-b4-2200-0	ACP-046563	interleaved_b	T2_medium	100k	35	true		
ac-v1-04372	MS-n6-wXyxxyXy	ACP-004388	ms_expanded	T4_frontier	100k	23	true	open	769
ac-v1-04373	INTLB-b3t-770-1	ACP-047016	interleaved_b	T2_medium	100k	29	true		
ac-v1-04374	AUTH-22_2-k1-1	ACP-017516	aut_hard	T5_moonshot	100k	25	true		
ac-v1-04375	INTLB-b3t-224-1	ACP-043802	interleaved_b	T1_easy	10k_final	30	true		
ac-v1-04376	AUTH-14_2-k1-1	ACP-026950	aut_hard	T5_moonshot	10k_final	14	true		
ac-v1-04377	INTLB-b4-2921-1	ACP-044165	interleaved_b	T2_medium	100k	35	true		
ac-v1-04378	MS-n5-wYYYYxYXy	ACP-002733	ms_expanded	T1_easy	10k_final	22	true		
ac-v1-04379	MS-n4-wXXYYYxxYY	ACP-022310	ms_expanded	T4_frontier	100k	21	true		
ac-v1-04380	INTLB-b4-3027-1	ACP-039053	interleaved_b	T2_medium	100k	29	true		
ac-v1-04381	INTLB-b4-807-0	ACP-038392	interleaved_b	T3_hard_solvable	100k	35	true		
ac-v1-04382	INTLB-b4-1742-0	ACP-038107	interleaved_b	T3_hard_solvable	100k	29	true		
ac-v1-04383	INTL-b2-280-0	ACP-037125	interleaved	T1_easy	10k_final	25	true		
ac-v1-04384	AUTH-19_38-k0-0	ACP-029704	aut_hard	T5_moonshot	100k	19	true		
ac-v1-04385	MS-n9-wYxYYYYYXyy	ACP-019998	ms_expanded	T1_easy	10k_final	32	true		
ac-v1-04386	INTLB-b4-92-0	ACP-038717	interleaved_b	T3_hard_solvable	100k	28	true		
ac-v1-04387	INTL-b4-182-0	ACP-035804	interleaved	T1_easy	10k_final	33	true		
ac-v1-04388	INTLB-b3t-672-0	ACP-042995	interleaved_b	T1_easy	10k_final	27	true		
ac-v1-04389	INTLB-b4-3164-0	ACP-042822	interleaved_b	T2_medium	100k	31	true		
ac-v1-04390	INTLB-b4-221-0	ACP-046967	interleaved_b	T1_easy	10k_final	33	true		
ac-v1-04391	AUTH-17_22-k1-3	ACP-012070	aut_hard	T5_moonshot	100k	23	true		
ac-v1-04392	MS-n8-wXXYYYxyxY	ACP-035237	ms_expanded	T4_frontier	100k	29	true		
ac-v1-04393	INTLB-b4-1438-0	ACP-037589	interleaved_b	T2_medium	100k	24	true		
ac-v1-04394	INTLB-b4-173-0	ACP-039550	interleaved_b	T1_easy	10k_final	24	true		
ac-v1-04395	INTLB-b3t-395-0	ACP-038129	interleaved_b	T1_easy	10k_final	35	true		
ac-v1-04396	INTLB-b3t-767-0	ACP-043052	interleaved_b	T1_easy	10k_final	35	true		
ac-v1-04397	INTLB-b4-1979-1	ACP-043674	interleaved_b	T2_medium	100k	33	true		
ac-v1-04398	MS-n2-wXXYxyyxy	ACP-009560	ms_expanded	T4_frontier	100k	16	true		
ac-v1-04399	MS-n3-wXYXYxYxy	ACP-001911	ms_expanded	T4_frontier	100k	18	true		
ac-v1-04400	MS-n10-wYXyxy	ACP-033435	ms_expanded	T4_frontier	100k	29	true		
ac-v1-04401	INTLB-b4-1353-1	ACP-046490	interleaved_b	T2_medium	100k	33	true		
ac-v1-04402	INTLB-b4-94-1	ACP-042791	interleaved_b	T2_medium	100k	31	true		
ac-v1-04403	MS-n7-wXyyxyyyyyy	ACP-007390	ms_expanded	T2_medium	100k	28	true		
ac-v1-04404	INTL-b2-19-0	ACP-028226	interleaved	T1_easy	10k_final	29	true		
ac-v1-04405	INTLB-b3t-282-1	ACP-041952	interleaved_b	T1_easy	10k_final	27	true		
ac-v1-04406	AUTH-23_15-k1-2	ACP-033315	aut_hard	T5_moonshot	100k	23	true		
ac-v1-04407	INTLB-b4-2102-0	ACP-043976	interleaved_b	T3_hard_solvable	100k	25	true		
ac-v1-04408	INTLB-b3t-844-1	ACP-039682	interleaved_b	T1_easy	10k_final	25	true		
ac-v1-04409	MS-n10-wXXYxYxY	ACP-000593	ms_expanded	T4_frontier	100k	31	true		
ac-v1-04410	INTLB-b3t-685-1	ACP-039057	interleaved_b	T1_easy	10k_final	29	true		
ac-v1-04411	MS-n2-wXYxxyyXY	ACP-006770	ms_expanded	T4_frontier	100k	16	true		
ac-v1-04412	INTLB-b3t-701-1	ACP-043161	interleaved_b	T1_easy	10k_final	31	true		
ac-v1-04413	MS-n6-wXYxyyy	ACP-019020	ms_expanded	T4_frontier	100k	22	true	open	461
ac-v1-04414	INTLB-b4-1875-0	ACP-044207	interleaved_b	T1_easy	10k_final	27	true		
ac-v1-04415	INTLB-b4-1090-1	ACP-045327	interleaved_b	T1_easy	10k_final	27	true		
ac-v1-04416	MS-n2-wXyxyyyy	ACP-011771	ms_expanded	T1_easy	10k_final	15	true	uncertified	513
ac-v1-04417	INTLB-b4-1858-1	ACP-040045	interleaved_b	T1_easy	10k_final	31	true		
ac-v1-04418	INTLB-b3t-241-1	ACP-045392	interleaved_b	T1_easy	10k_final	31	true		
ac-v1-04419	MS-n5-wXXYXYxxxY	ACP-027353	ms_expanded	T4_frontier	100k	23	true		
ac-v1-04420	AUTH-15_11-k1-0	ACP-002803	aut_hard	T5_moonshot	100k	17	true		
ac-v1-04421	INTLB-b3t-65-0	ACP-043895	interleaved_b	T1_easy	10k_final	28	true		
ac-v1-04422	MS-n5-wXXXYxxxyyy	ACP-018801	ms_expanded	T4_frontier	100k	24	true		
ac-v1-04423	MS-n9-wXXXYYxyxxy	ACP-028884	ms_expanded	T4_frontier	100k	32	true		
ac-v1-04424	INTLB-b4-3969-0	ACP-045874	interleaved_b	T3_hard_solvable	100k	28	true		
ac-v1-04425	MS-n7-wYXYXYYxyxy	ACP-032181	ms_expanded	T5_moonshot	100k	28	true		
ac-v1-04426	INTLB-b4-1464-1	ACP-046481	interleaved_b	T1_easy	10k_final	19	true		
ac-v1-04427	INTLB-b4-1520-0	ACP-039496	interleaved_b	T1_easy	10k_final	31	true		
ac-v1-04428	INTLB-b3t-791-0	ACP-044016	interleaved_b	T1_easy	10k_final	26	true		
ac-v1-04429	MS-n2-wXXXyxxxy	ACP-029512	ms_expanded	T4_frontier	100k	16	true		
ac-v1-04430	INTLB-b4-1515-0	ACP-038230	interleaved_b	T2_medium	100k	22	true		
ac-v1-04431	INTLB-b3t-207-1	ACP-045455	interleaved_b	T1_easy	10k_final	24	true		
ac-v1-04432	MS-n7-wYYXyxY	ACP-022658	ms_expanded	T2_medium	100k	24	true	uncertified	434
ac-v1-04433	INTL-b4-25-1	ACP-001716	interleaved	T2_medium	100k	30	true		
ac-v1-04434	MS-n9-wXXyxYxY	ACP-013610	ms_expanded	T4_frontier	100k	29	true		
ac-v1-04435	INTLB-b4-1820-1	ACP-043439	interleaved_b	T1_easy	10k_final	30	true		
ac-v1-04436	MS-n6-wXXyyxxY	ACP-003944	ms_expanded	T5_moonshot	100k	23	false	open	699
ac-v1-04437	INTLB-b4-1211-0	ACP-042600	interleaved_b	T1_easy	10k_final	27	true		
ac-v1-04438	INTLB-b3t-910-1	ACP-043763	interleaved_b	T1_easy	10k_final	28	true		
ac-v1-04439	INTLB-b4-829-1	ACP-041387	interleaved_b	T2_medium	100k	33	true		
ac-v1-04440	INTLB-b4-1713-1	ACP-041686	interleaved_b	T1_easy	10k_final	26	true		
ac-v1-04441	MS-n9-wXXYYxYxYY	ACP-008844	ms_expanded	T4_frontier	100k	31	true		
ac-v1-04442	INTLB-b4-180-1	ACP-040742	interleaved_b	T1_easy	10k_final	33	true		
ac-v1-04443	INTLB-b4-432-0	ACP-043350	interleaved_b	T3_hard_solvable	100k	26	true		
ac-v1-04444	INTLB-b4-2755-1	ACP-042478	interleaved_b	T3_hard_solvable	100k	33	true		
ac-v1-04445	INTLB-b4-1571-1	ACP-039005	interleaved_b	T1_easy	10k_final	30	true		
ac-v1-04446	AUTH-23_2-k1-1	ACP-016369	aut_hard	T5_moonshot	100k	33	true		
ac-v1-04447	MS-n9-wXXYYxxYY	ACP-010858	ms_expanded	T4_frontier	100k	30	true		
ac-v1-04448	INTLB-b3t-277-0	ACP-045069	interleaved_b	T1_easy	10k_final	25	true		
ac-v1-04449	INTLB-b4-1306-1	ACP-041164	interleaved_b	T3_hard_solvable	100k	25	true		
ac-v1-04450	INTLB-b4-3967-0	ACP-043348	interleaved_b	T3_hard_solvable	100k	28	true		
ac-v1-04451	INTLB-b4-3590-1	ACP-041689	interleaved_b	T2_medium	100k	33	true		
ac-v1-04452	INTLB-b3t-64-0	ACP-046387	interleaved_b	T2_medium	100k	30	true		
ac-v1-04453	INTLB-b3t-756-1	ACP-041213	interleaved_b	T1_easy	10k_final	36	true		
ac-v1-04454	INTLB-b4-3066-1	ACP-037849	interleaved_b	T3_hard_solvable	100k	32	true		
ac-v1-04455	INTL-b2-43-0	ACP-022590	interleaved	T1_easy	10k_final	20	true		
ac-v1-04456	MS-n4-wXXXYxyxxy	ACP-002538	ms_expanded	T4_frontier	100k	21	true		
ac-v1-04457	AUTH-19_5-k12-0	ACP-010008	aut_hard	T5_moonshot	100k	35	true		
ac-v1-04458	INTLB-b4-1749-1	ACP-046992	interleaved_b	T3_hard_solvable	100k	32	true		
ac-v1-04459	INTL-b2-180-1	ACP-012412	interleaved	T1_easy	10k_final	26	true		
ac-v1-04460	INTL-b2-24-1	ACP-019389	interleaved	T1_easy	10k_final	35	true		
ac-v1-04461	INTLB-b3t-133-0	ACP-039060	interleaved_b	T1_easy	10k_final	32	true		
ac-v1-04462	INTLB-b4-3038-0	ACP-040311	interleaved_b	T2_medium	100k	35	true		
ac-v1-04463	INTLB-b4-22-1	ACP-046178	interleaved_b	T1_easy	10k_final	19	true		
ac-v1-04464	MS-n3-wYYYXyxY	ACP-002213	ms_expanded	T1_easy	10k_final	17	true	uncertified	1095
ac-v1-04465	INTLB-b4-2005-1	ACP-044629	interleaved_b	T3_hard_solvable	100k	32	true		
ac-v1-04466	INTL-b4-201-1	ACP-020572	interleaved	T1_easy	10k_final	31	true		
ac-v1-04467	MS-n3-wXXYYxyyxY	ACP-017429	ms_expanded	T4_frontier	100k	19	true		
ac-v1-04468	INTLB-b4-2933-0	ACP-043378	interleaved_b	T2_medium	100k	34	true		
ac-v1-04469	INTLB-b4-1836-1	ACP-044870	interleaved_b	T1_easy	10k_final	28	true		
ac-v1-04470	INTLB-b4-2020-1	ACP-037778	interleaved_b	T1_easy	10k_final	24	true		
ac-v1-04471	AUTH-21_20-k1-0	ACP-034935	aut_hard	T5_moonshot	100k	23	true		
ac-v1-04472	INTLB-b3t-566-1	ACP-043423	interleaved_b	T1_easy	10k_final	31	true		
ac-v1-04473	INTLB-b4-1388-0	ACP-046416	interleaved_b	T2_medium	100k	32	true		
ac-v1-04474	AUTH-21_32-k1-0	ACP-022568	aut_hard	T5_moonshot	100k	28	true		
ac-v1-04475	INTLB-b4-567-0	ACP-046377	interleaved_b	T3_hard_solvable	100k	33	true		
ac-v1-04476	INTLB-b4-1739-1	ACP-044603	interleaved_b	T1_easy	10k_final	30	true		
ac-v1-04477	AUTH-22_12-k1-1	ACP-033943	aut_hard	T5_moonshot	100k	22	true		
ac-v1-04478	MS-n4-wYYXYYxYY	ACP-018532	ms_expanded	T1_easy	10k_final	20	true		
ac-v1-04479	INTLB-b3t-344-0	ACP-038925	interleaved_b	T1_easy	10k_final	32	true		
ac-v1-04480	INTLB-b3t-728-1	ACP-041552	interleaved_b	T1_easy	10k_final	27	true		
ac-v1-04481	MS-n4-wXXXYYxYxxY	ACP-026766	ms_expanded	T4_frontier	100k	22	true		
ac-v1-04482	INTL-b4-101-0	ACP-033364	interleaved	T3_hard_solvable	100k	27	true		
ac-v1-04483	INTLB-b4-1246-0	ACP-040253	interleaved_b	T1_easy	10k_final	31	true		
ac-v1-04484	MS-n7-wyxYYXyy	ACP-036376	ms_expanded	T4_frontier	100k	25	false	open	1085
ac-v1-04485	INTLB-b4-1005-0	ACP-045261	interleaved_b	T1_easy	10k_final	30	true		
ac-v1-04486	INTL-b4-214-1	ACP-007860	interleaved	T3_hard_solvable	100k	33	true		
ac-v1-04487	INTLB-b4-1379-1	ACP-040936	interleaved_b	T1_easy	10k_final	24	true		
ac-v1-04488	MS-n10-wXXYxyxYY	ACP-020358	ms_expanded	T4_frontier	100k	32	true		
ac-v1-04489	INTLB-b4-590-1	ACP-041600	interleaved_b	T2_medium	100k	30	true		
ac-v1-04490	INTLB-b4-1796-1	ACP-045552	interleaved_b	T2_medium	100k	30	true		
ac-v1-04491	INTLB-b3t-527-0	ACP-044726	interleaved_b	T1_easy	10k_final	29	true		
ac-v1-04492	INTLB-b3t-591-0	ACP-044190	interleaved_b	T1_easy	10k_final	28	true		
ac-v1-04493	MS-n9-wYYXyyyxYYY	ACP-019792	ms_expanded	T1_easy	10k_final	32	true		
ac-v1-04494	INTLB-b3t-483-1	ACP-038604	interleaved_b	T1_easy	10k_final	29	true		
ac-v1-04495	INTLB-b3t-39-0	ACP-042026	interleaved_b	T1_easy	10k_final	34	true		
ac-v1-04496	INTLB-b3t-866-0	ACP-044682	interleaved_b	T1_easy	10k_final	21	true		
ac-v1-04497	INTLB-b3t-417-0	ACP-037697	interleaved_b	T1_easy	10k_final	23	true		
ac-v1-04498	AUTH-23_5-k1-0	ACP-021704	aut_hard	T5_moonshot	100k	33	true		
ac-v1-04499	MS-n4-wXyyxy	ACP-018901	ms_expanded	T1_easy	10k_final	17	true	uncertified	151
ac-v1-04500	INTLB-b4-3959-1	ACP-045856	interleaved_b	T2_medium	100k	32	true		
ac-v1-04501	INTLB-b4-2390-1	ACP-045245	interleaved_b	T2_medium	100k	29	true		
ac-v1-04502	INTLB-b3t-355-0	ACP-047072	interleaved_b	T1_easy	10k_final	19	true		
ac-v1-04503	MS-n3-wYYXYYxY	ACP-004286	ms_expanded	T1_easy	10k_final	17	true	uncertified	787
ac-v1-04504	INTLB-b4-447-0	ACP-040352	interleaved_b	T2_medium	100k	25	true		
ac-v1-04505	INTLB-b3t-707-1	ACP-047177	interleaved_b	T1_easy	10k_final	31	true		
ac-v1-04506	INTLB-b3t-630-0	ACP-039760	interleaved_b	T1_easy	10k_final	33	true		
ac-v1-04507	MS-n6-wXXXyxxyxY	ACP-032282	ms_expanded	T4_frontier	100k	25	true		
ac-v1-04508	INTLB-b4-1283-0	ACP-041366	interleaved_b	T1_easy	10k_final	30	true		
ac-v1-04509	INTLB-b4-1088-0	ACP-037738	interleaved_b	T1_easy	10k_final	31	true		
ac-v1-04510	AUTH-21_29-k1-0	ACP-007348	aut_hard	T5_moonshot	100k	28	true		
ac-v1-04511	MS-n10-wXXXXyxxxxY	ACP-017894	ms_expanded	T4_frontier	100k	34	true		
ac-v1-04512	MS-n2-wXyXYxxyy	ACP-003003	ms_expanded	T4_frontier	100k	16	true		
ac-v1-04513	MS-n9-wXXYYYxxyy	ACP-030498	ms_expanded	T4_frontier	100k	31	true		
ac-v1-04514	MS-n7-wXyyyxY	ACP-035793	ms_expanded	T4_frontier	100k	24	true	open	399
ac-v1-04515	MS-n4-wXXYYxxY	ACP-030493	ms_expanded	T4_frontier	100k	19	true	open	571
ac-v1-04516	MS-n2-wXXyxYxyy	ACP-018005	ms_expanded	T4_frontier	100k	16	true		
ac-v1-04517	INTLB-b4-146-0	ACP-043819	interleaved_b	T1_easy	10k_final	35	true		
ac-v1-04518	INTL-b4-137-0	ACP-036775	interleaved	T1_easy	10k_final	23	true		
ac-v1-04519	INTLB-b4-2521-1	ACP-041125	interleaved_b	T2_medium	100k	23	true		
ac-v1-04520	MS-n4-wXYYxYY	ACP-019617	ms_expanded	T1_easy	10k_final	18	true	uncertified	340
ac-v1-04521	MS-n5-wYXYYxY	ACP-023029	ms_expanded	T4_frontier	100k	20	true	open	502
ac-v1-04522	INTLB-b4-2003-0	ACP-041221	interleaved_b	T1_easy	10k_final	31	true		
ac-v1-04523	INTLB-b3t-208-1	ACP-042108	interleaved_b	T1_easy	10k_final	27	true		
ac-v1-04524	MS-n5-wYXyxY	ACP-028922	ms_expanded	T1_easy	10k_final	19	true	uncertified	180
ac-v1-04525	MS-n10-wXXXYxxyxY	ACP-008238	ms_expanded	T4_frontier	100k	33	true		
ac-v1-04526	INTLB-b4-654-1	ACP-045208	interleaved_b	T2_medium	100k	26	true		
ac-v1-04527	INTLB-b4-2862-0	ACP-038560	interleaved_b	T3_hard_solvable	100k	31	true		
ac-v1-04528	MS-n5-wXXXYYYxxxY	ACP-021651	ms_expanded	T4_frontier	100k	24	true		
ac-v1-04529	INTLB-b4-2232-0	ACP-042538	interleaved_b	T1_easy	10k_final	25	true		
ac-v1-04530	INTLB-b4-2758-1	ACP-044624	interleaved_b	T2_medium	100k	29	true		
ac-v1-04531	INTLB-b4-1843-1	ACP-045090	interleaved_b	T3_hard_solvable	100k	33	true		
ac-v1-04532	INTL-b4-197-0	ACP-013654	interleaved	T2_medium	100k	33	true		
ac-v1-04533	MS-n2-wXXXYxxYxy	ACP-029914	ms_expanded	T4_frontier	100k	17	true		
ac-v1-04534	INTLB-b3t-528-1	ACP-045308	interleaved_b	T1_easy	10k_final	31	true		
ac-v1-04535	INTL-b4-10-0	ACP-002800	interleaved	T1_easy	10k_final	19	true		
ac-v1-04536	INTLB-b3t-81-1	ACP-041975	interleaved_b	T2_medium	100k	34	true		
ac-v1-04537	INTLB-b4-2976-0	ACP-045050	interleaved_b	T2_medium	100k	31	true		
ac-v1-04538	INTLB-b4-1264-1	ACP-038046	interleaved_b	T1_easy	10k_final	34	true		
ac-v1-04539	MS-n7-wYXyyxYYYY	ACP-013624	ms_expanded	T1_easy	10k_final	27	true		
ac-v1-04540	MS-n5-wYYxYXy	ACP-015936	ms_expanded	T4_frontier	100k	20	true	open	292
ac-v1-04541	INTLB-b4-726-1	ACP-041426	interleaved_b	T2_medium	100k	36	true		
ac-v1-04542	INTLB-b4-1608-1	ACP-040670	interleaved_b	T2_medium	100k	29	true		
ac-v1-04543	AUTH-17_17-k1-1	ACP-019226	aut_hard	T5_moonshot	100k	23	true		
ac-v1-04544	INTLB-b4-2763-0	ACP-044453	interleaved_b	T2_medium	100k	26	true		
ac-v1-04545	INTLB-b3t-436-1	ACP-043749	interleaved_b	T1_easy	10k_final	21	true		
ac-v1-04546	INTLB-b3t-336-0	ACP-046497	interleaved_b	T1_easy	10k_final	31	true		
ac-v1-04547	INTLB-b4-1807-1	ACP-039030	interleaved_b	T1_easy	10k_final	33	true		
ac-v1-04548	INTLB-b4-1790-0	ACP-044561	interleaved_b	T2_medium	100k	21	true		
ac-v1-04549	MS-n7-wXXyxYxY	ACP-012058	ms_expanded	T5_moonshot	100k	25	false	open	1057
ac-v1-04550	MS-n6-wYYXYYxy	ACP-004810	ms_expanded	T4_frontier	100k	23	true	open	783
ac-v1-04551	INTLB-b3t-113-0	ACP-042133	interleaved_b	T3_hard_solvable	100k	17	true		
ac-v1-04552	MS-n7-wXXYxyyxY	ACP-028753	ms_expanded	T4_frontier	100k	26	true		
ac-v1-04553	AUTH-19_22-k1-1	ACP-033031	aut_hard	T5_moonshot	100k	27	true		
ac-v1-04554	INTLB-b3t-3-1	ACP-045861	interleaved_b	T1_easy	10k_final	34	true		
ac-v1-04555	AUTH-20_5-k0-0	ACP-034820	aut_hard	T5_moonshot	100k	20	true		
ac-v1-04556	INTLB-b4-1511-0	ACP-046342	interleaved_b	T2_medium	100k	23	true		
ac-v1-04557	MS-n4-wXXYYYxYxY	ACP-006313	ms_expanded	T4_frontier	100k	21	true		
ac-v1-04558	INTLB-b3t-766-1	ACP-045234	interleaved_b	T1_easy	10k_final	35	true		
ac-v1-04559	AUTH-15_10-k1-1	ACP-000803	aut_hard	T5_moonshot	100k	17	true		
ac-v1-04560	AUTH-21_33-k0-0	ACP-023946	aut_hard	T5_moonshot	100k	21	true		
ac-v1-04561	INTL-b4-186-0	ACP-011663	interleaved	T2_medium	100k	26	true		
ac-v1-04562	INTLB-b3t-746-1	ACP-040218	interleaved_b	T1_easy	10k_final	31	true		
ac-v1-04563	INTL-b4-177-1	ACP-018727	interleaved	T1_easy	10k_final	25	true		
ac-v1-04564	INTLB-b3t-334-1	ACP-045282	interleaved_b	T1_easy	10k_final	32	true		
ac-v1-04565	INTL-b4-166-1	ACP-024437	interleaved	T2_medium	100k	27	true		
ac-v1-04566	INTLB-b4-1121-1	ACP-042399	interleaved_b	T1_easy	10k_final	24	true		
ac-v1-04567	MS-n4-wXyxYYYY	ACP-023404	ms_expanded	T5_moonshot	10k_final	19	false	open	1061
ac-v1-04568	INTL-b4-157-1	ACP-031629	interleaved	T1_easy	10k_final	28	true		
ac-v1-04569	MS-n9-wXyXyxxy	ACP-015233	ms_expanded	T4_frontier	100k	29	true		
ac-v1-04570	INTLB-b4-1570-1	ACP-044194	interleaved_b	T1_easy	10k_final	29	true		
ac-v1-04571	MS-n9-wXYXYxxy	ACP-015920	ms_expanded	T4_frontier	100k	29	true		
ac-v1-04572	INTLB-b4-1760-1	ACP-043356	interleaved_b	T3_hard_solvable	100k	31	true		
ac-v1-04573	MS-n9-wXyXYxxY	ACP-009793	ms_expanded	T4_frontier	100k	29	true		
ac-v1-04574	INTLB-b3t-254-1	ACP-045848	interleaved_b	T1_easy	10k_final	36	true		
ac-v1-04575	INTLB-b3t-127-0	ACP-045773	interleaved_b	T2_medium	100k	35	true		
ac-v1-04576	INTLB-b3t-165-1	ACP-043538	interleaved_b	T1_easy	10k_final	29	true		
ac-v1-04577	INTLB-b3t-132-0	ACP-039865	interleaved_b	T1_easy	10k_final	33	true		
ac-v1-04578	AUTH-16_1-k1-0	ACP-018445	aut_hard	T5_moonshot	100k	19	true		
ac-v1-04579	INTLB-b4-2224-1	ACP-041783	interleaved_b	T2_medium	100k	26	true		
ac-v1-04580	INTLB-b4-3218-0	ACP-040149	interleaved_b	T3_hard_solvable	100k	23	true		
ac-v1-04581	MS-n6-wYXyyyxY	ACP-012586	ms_expanded	T1_easy	10k_final	23	true	uncertified	636
ac-v1-04582	INTLB-b4-2086-0	ACP-045664	interleaved_b	T1_easy	10k_final	21	true		
ac-v1-04583	INTLB-b3t-456-0	ACP-046821	interleaved_b	T1_easy	10k_final	31	true		
ac-v1-04584	INTLB-b4-1963-1	ACP-043638	interleaved_b	T1_easy	10k_final	34	true		
ac-v1-04585	INTLB-b3t-510-1	ACP-043558	interleaved_b	T1_easy	10k_final	34	true		
ac-v1-04586	INTLB-b3t-164-0	ACP-042687	interleaved_b	T0_warmup	10k_final	35	true		
ac-v1-04587	INTLB-b4-852-0	ACP-042097	interleaved_b	T2_medium	100k	31	true		
ac-v1-04588	INTLB-b3t-813-1	ACP-042899	interleaved_b	T3_hard_solvable	100k	27	true		
ac-v1-04589	INTLB-b3t-905-1	ACP-043366	interleaved_b	T1_easy	10k_final	30	true		
ac-v1-04590	INTLB-b4-2077-1	ACP-041911	interleaved_b	T3_hard_solvable	100k	32	true		
ac-v1-04591	AUTH-23_9-k1-0	ACP-016712	aut_hard	T5_moonshot	100k	23	true		
ac-v1-04592	INTLB-b3t-792-1	ACP-045433	interleaved_b	T1_easy	10k_final	29	true		
ac-v1-04593	AUTH-18_3-k1-1	ACP-030840	aut_hard	T5_moonshot	100k	18	true		
ac-v1-04594	INTLB-b4-2522-1	ACP-040076	interleaved_b	T2_medium	100k	27	true		
ac-v1-04595	INTLB-b4-706-1	ACP-046507	interleaved_b	T2_medium	100k	25	true		
ac-v1-04596	INTL-b4-249-0	ACP-008774	interleaved	T3_hard_solvable	100k	31	true		
ac-v1-04597	AUTH-19_43-k1-0	ACP-033327	aut_hard	T5_moonshot	100k	25	true		
ac-v1-04598	MS-n8-wXXyxxYYY	ACP-014892	ms_expanded	T4_frontier	100k	28	true		
ac-v1-04599	MS-n9-wYYXYxyyyyy	ACP-013966	ms_expanded	T1_easy	10k_final	32	true		
ac-v1-04600	INTLB-b4-2236-0	ACP-039691	interleaved_b	T1_easy	10k_final	31	true		
ac-v1-04601	INTLB-b4-2368-0	ACP-041308	interleaved_b	T3_hard_solvable	100k	36	true		
ac-v1-04602	MS-n10-wYXyxY	ACP-005165	ms_expanded	T4_frontier	100k	29	true		
ac-v1-04603	INTL-b3-16-0	ACP-022470	interleaved	T1_easy	10k_final	31	true		
ac-v1-04604	MS-n6-wXXYXyxxxy	ACP-001082	ms_expanded	T4_frontier	100k	25	true		
ac-v1-04605	MS-n8-wXyXyxxy	ACP-008248	ms_expanded	T4_frontier	100k	27	true		
ac-v1-04606	AUTH-21_40-k0-0	ACP-004567	aut_hard	T5_moonshot	100k	21	true		
ac-v1-04607	AUTH-17_7-k1-2	ACP-023567	aut_hard	T5_moonshot	100k	21	true		
ac-v1-04608	MS-n2-wXXXYxYxYxy	ACP-023832	ms_expanded	T4_frontier	100k	18	true		
ac-v1-04609	INTL-b2-107-0	ACP-003943	interleaved	T1_easy	10k_final	31	true		
ac-v1-04610	AUTH-17_34-k0-0	ACP-034190	aut_hard	T5_moonshot	100k	17	true		
ac-v1-04611	INTLB-b4-2090-0	ACP-043421	interleaved_b	T1_easy	10k_final	35	true		
ac-v1-04612	INTLB-b4-2140-0	ACP-047060	interleaved_b	T1_easy	10k_final	25	true		
ac-v1-04613	INTLB-b4-1105-0	ACP-039441	interleaved_b	T1_easy	10k_final	28	true		
ac-v1-04614	MS-n10-wXXXYYxYxxy	ACP-028056	ms_expanded	T4_frontier	100k	34	true		
ac-v1-04615	INTLB-b4-1006-0	ACP-039959	interleaved_b	T1_easy	10k_final	23	true		
ac-v1-04616	INTLB-b4-3100-0	ACP-038893	interleaved_b	T2_medium	100k	29	true		
ac-v1-04617	INTLB-b4-1423-1	ACP-044742	interleaved_b	T3_hard_solvable	100k	32	true		
ac-v1-04618	MS-n9-wXXYYYYxxy	ACP-008485	ms_expanded	T4_frontier	100k	31	true		
ac-v1-04619	MS-n2-wXXYxyxY	ACP-018579	ms_expanded	T4_frontier	100k	15	true	open	919
ac-v1-04620	MS-n10-wyXyyyyyxYY	ACP-011099	ms_expanded	T1_easy	10k_final	34	true		
ac-v1-04621	MS-n4-wYxYXyy	ACP-032463	ms_expanded	T5_moonshot	100k	18	false	open	263
ac-v1-04622	INTLB-b4-2108-1	ACP-045473	interleaved_b	T3_hard_solvable	100k	29	true		
ac-v1-04623	INTL-b4-127-0	ACP-027729	interleaved	T1_easy	10k_final	33	true		
ac-v1-04624	MS-n2-wXYYxxYXY	ACP-011722	ms_expanded	T1_easy	10k_final	16	true		
ac-v1-04625	INTLB-b3t-232-0	ACP-041466	interleaved_b	T1_easy	10k_final	23	true		
ac-v1-04626	INTLB-b4-149-0	ACP-041929	interleaved_b	T1_easy	10k_final	35	true		
ac-v1-04627	INTLB-b3t-895-1	ACP-038023	interleaved_b	T1_easy	10k_final	23	true		
ac-v1-04628	MS-n3-wYYXYxy	ACP-006752	ms_expanded	T1_easy	10k_final	16	true	uncertified	318
ac-v1-04629	INTLB-b4-474-1	ACP-040339	interleaved_b	T2_medium	100k	35	true		
ac-v1-04630	MS-n2-wXYxYxYXY	ACP-001510	ms_expanded	T4_frontier	100k	16	true		
ac-v1-04631	INTL-triv-0-11	ACP-017698	interleaved	T0_warmup	10k_final	17	true		
ac-v1-04632	INTLB-b3t-725-1	ACP-041373	interleaved_b	T1_easy	10k_final	28	true		
ac-v1-04633	INTLB-b4-1735-1	ACP-046320	interleaved_b	T1_easy	10k_final	23	true		
ac-v1-04634	INTLB-b4-1540-0	ACP-037308	interleaved_b	T1_easy	10k_final	27	true		
ac-v1-04635	INTLB-b4-118-0	ACP-042584	interleaved_b	T1_easy	10k_final	32	true		
ac-v1-04636	MS-n7-wXyXYxxy	ACP-010121	ms_expanded	T5_moonshot	100k	25	false	open	1113
ac-v1-04637	AUTH-15_1-k1-1	ACP-006318	aut_hard	T5_moonshot	10k_final	15	true		
ac-v1-04638	INTLB-b3t-863-1	ACP-042813	interleaved_b	T1_easy	10k_final	23	true		
ac-v1-04639	INTLB-b4-385-0	ACP-044152	interleaved_b	T3_hard_solvable	100k	22	true		
ac-v1-04640	MS-n6-wYYYxYXyy	ACP-031907	ms_expanded	T1_easy	10k_final	24	true		
ac-v1-04641	INTLB-b3t-551-0	ACP-038072	interleaved_b	T1_easy	10k_final	34	true		
ac-v1-04642	MS-n4-wyxYXyyy	ACP-027988	ms_expanded	T1_easy	10k_final	19	true	uncertified	760
ac-v1-04643	INTLB-b4-2771-1	ACP-040527	interleaved_b	T2_medium	100k	29	true		
ac-v1-04644	INTLB-b4-1349-0	ACP-046780	interleaved_b	T1_easy	10k_final	19	true		
ac-v1-04645	INTLB-b4-2130-0	ACP-037779	interleaved_b	T1_easy	10k_final	30	true		
ac-v1-04646	INTLB-b3t-172-1	ACP-039591	interleaved_b	T1_easy	10k_final	33	true		
ac-v1-04647	INTLB-b3t-856-1	ACP-037241	interleaved_b	T1_easy	10k_final	31	true		
ac-v1-04648	MS-n2-wXXYXyxxxy	ACP-028548	ms_expanded	T4_frontier	100k	17	true		
ac-v1-04649	MS-n5-wXYXYxxY	ACP-024183	ms_expanded	T4_frontier	100k	21	true	open	908
ac-v1-04650	MS-n2-wXXYxxYYYY	ACP-032955	ms_expanded	T4_frontier	100k	17	true		
ac-v1-04651	INTLB-b4-1417-1	ACP-043753	interleaved_b	T1_easy	10k_final	28	true		
ac-v1-04652	MS-n5-wXyyyyxyy	ACP-009300	ms_expanded	T2_medium	100k	22	true		
ac-v1-04653	INTLB-b4-121-1	ACP-038998	interleaved_b	T1_easy	10k_final	27	true		
ac-v1-04654	AUTH-16_1-k1-1	ACP-023570	aut_hard	T5_moonshot	100k	19	true		
ac-v1-04655	INTLB-b3t-119-0	ACP-046019	interleaved_b	T1_easy	10k_final	31	true		
ac-v1-04656	INTLB-b4-3245-0	ACP-041489	interleaved_b	T2_medium	100k	35	true		
ac-v1-04657	INTLB-b4-1908-0	ACP-039976	interleaved_b	T2_medium	100k	27	true		
ac-v1-04658	INTLB-b3t-782-1	ACP-038571	interleaved_b	T1_easy	10k_final	26	true		
ac-v1-04659	INTLB-b4-122-1	ACP-037753	interleaved_b	T1_easy	10k_final	24	true		
ac-v1-04660	INTLB-b4-2306-0	ACP-039734	interleaved_b	T3_hard_solvable	100k	28	true		
ac-v1-04661	MS-n2-wXXyxyyxy	ACP-024359	ms_expanded	T4_frontier	100k	16	true		
ac-v1-04662	MS-n5-wXYYYYYxY	ACP-030117	ms_expanded	T0_warmup	10k_final	22	true		
ac-v1-04663	INTLB-b4-1252-0	ACP-039956	interleaved_b	T1_easy	10k_final	33	true		
ac-v1-04664	INTLB-b4-2527-1	ACP-037739	interleaved_b	T3_hard_solvable	100k	33	true		
ac-v1-04665	INTLB-b4-2205-0	ACP-043943	interleaved_b	T1_easy	10k_final	34	true		
ac-v1-04666	INTLB-b3t-622-1	ACP-038922	interleaved_b	T1_easy	10k_final	31	true		
ac-v1-04667	INTLB-b4-160-1	ACP-043650	interleaved_b	T1_easy	10k_final	32	true		
ac-v1-04668	INTLB-b4-1000-1	ACP-042210	interleaved_b	T1_easy	10k_final	33	true		
ac-v1-04669	INTLB-b3t-423-1	ACP-039582	interleaved_b	T1_easy	10k_final	31	true		
ac-v1-04670	INTL-b3-172-1	ACP-005319	interleaved	T1_easy	10k_final	29	true		
ac-v1-04671	INTLB-b4-1122-0	ACP-044906	interleaved_b	T1_easy	10k_final	23	true		
ac-v1-04672	INTLB-b4-1487-0	ACP-041735	interleaved_b	T1_easy	10k_final	31	true		
ac-v1-04673	INTLB-b4-3122-0	ACP-045051	interleaved_b	T2_medium	100k	15	true		
ac-v1-04674	INTL-b2-206-0	ACP-033018	interleaved	T1_easy	10k_final	33	true		
ac-v1-04675	INTLB-b4-472-1	ACP-039535	interleaved_b	T3_hard_solvable	100k	31	true		
ac-v1-04676	MS-n8-wYXyyxYY	ACP-013670	ms_expanded	T2_medium	100k	27	true		
ac-v1-04677	MS-n7-wXXXyyxxxY	ACP-025305	ms_expanded	T4_frontier	100k	27	true		
ac-v1-04678	INTLB-b3t-882-1	ACP-046582	interleaved_b	T1_easy	10k_final	27	true		
ac-v1-04679	MS-n3-wXXyyxYxY	ACP-027912	ms_expanded	T4_frontier	100k	18	true		
ac-v1-04680	MS-n3-wXXYYxYYxY	ACP-003835	ms_expanded	T4_frontier	100k	19	true		
ac-v1-04681	INTLB-b3t-763-1	ACP-039235	interleaved_b	T2_medium	100k	29	true		
ac-v1-04682	MS-n7-wyXyyyxy	ACP-034192	ms_expanded	T4_frontier	100k	25	false	open	609
ac-v1-04683	INTLB-b3t-679-0	ACP-045519	interleaved_b	T1_easy	10k_final	28	true		
ac-v1-04684	INTLB-b4-2604-0	ACP-045300	interleaved_b	T3_hard_solvable	100k	34	true		
ac-v1-04685	INTLB-b4-1233-1	ACP-047134	interleaved_b	T1_easy	10k_final	29	true		
ac-v1-04686	MS-n7-wXXXXyxxxxy	ACP-015179	ms_expanded	T4_frontier	100k	28	true		
ac-v1-04687	INTLB-b4-1614-1	ACP-042180	interleaved_b	T3_hard_solvable	100k	27	true		
ac-v1-04688	INTLB-b4-1910-1	ACP-044479	interleaved_b	T1_easy	10k_final	33	true		
ac-v1-04689	INTLB-b4-2167-1	ACP-045824	interleaved_b	T1_easy	10k_final	33	true		
ac-v1-04690	MS-n1-wXXXXYxxxxY	ACP-018888	ms_expanded	T1_easy	10k_final	16	true		
ac-v1-04691	INTLB-b3t-155-0	ACP-040504	interleaved_b	T1_easy	10k_final	30	true		
ac-v1-04692	INTLB-b4-2155-0	ACP-040330	interleaved_b	T1_easy	10k_final	27	true		
ac-v1-04693	MS-n6-wYXyyxy	ACP-006707	ms_expanded	T4_frontier	100k	22	true	open	335
ac-v1-04694	INTLB-b3t-569-0	ACP-045262	interleaved_b	T1_easy	10k_final	34	true		
ac-v1-04695	INTLB-b4-2262-1	ACP-046026	interleaved_b	T3_hard_solvable	100k	29	true		
ac-v1-04696	INTLB-b4-1355-0	ACP-045631	interleaved_b	T1_easy	10k_final	35	true		
ac-v1-04697	INTL-b4-190-1	ACP-005121	interleaved	T1_easy	10k_final	31	true		
ac-v1-04698	INTLB-b4-1602-0	ACP-047178	interleaved_b	T1_easy	10k_final	27	true		
ac-v1-04699	INTLB-b4-1928-0	ACP-040598	interleaved_b	T1_easy	10k_final	31	true		
ac-v1-04700	INTLB-b4-2920-1	ACP-037909	interleaved_b	T2_medium	100k	34	true		
ac-v1-04701	INTLB-b4-1577-0	ACP-039270	interleaved_b	T1_easy	10k_final	31	true		
ac-v1-04702	INTLB-b4-1676-1	ACP-043580	interleaved_b	T1_easy	10k_final	27	true		
ac-v1-04703	MS-n4-wXXXYYxyxxY	ACP-001456	ms_expanded	T4_frontier	100k	22	true		
ac-v1-04704	INTLB-b3t-479-0	ACP-039942	interleaved_b	T1_easy	10k_final	31	true		
ac-v1-04705	MS-n8-wy	ACP-026566	ms_expanded	T0_warmup	10k_final	21	true		
ac-v1-04706	INTLB-b4-3209-1	ACP-037569	interleaved_b	T3_hard_solvable	100k	33	true		
ac-v1-04707	MS-n5-wYYYxYXy	ACP-026154	ms_expanded	T4_frontier	100k	21	true	open	1153
ac-v1-04708	INTLB-b4-2433-0	ACP-039565	interleaved_b	T3_hard_solvable	100k	34	true		
ac-v1-04709	MS-n4-wXXXYxYxyxY	ACP-035956	ms_expanded	T4_frontier	100k	22	true		
ac-v1-04710	INTLB-b4-1892-1	ACP-046554	interleaved_b	T3_hard_solvable	100k	27	true		
ac-v1-04711	INTLB-b4-1626-0	ACP-040351	interleaved_b	T3_hard_solvable	100k	22	true		
ac-v1-04712	INTLB-b3t-906-1	ACP-040037	interleaved_b	T1_easy	10k_final	31	true		
ac-v1-04713	INTLB-b4-1393-0	ACP-046468	interleaved_b	T3_hard_solvable	100k	25	true		
ac-v1-04714	MS-n10-wXXXXYxxxxY	ACP-024802	ms_expanded	T4_frontier	100k	34	true		
ac-v1-04715	INTLB-b3t-834-0	ACP-040924	interleaved_b	T1_easy	10k_final	33	true		
ac-v1-04716	MS-n4-wYXYYxY	ACP-018117	ms_expanded	T1_easy	10k_final	18	true	uncertified	501
ac-v1-04717	INTLB-b4-2229-1	ACP-045886	interleaved_b	T2_medium	100k	31	true		
ac-v1-04718	INTLB-b4-1052-1	ACP-042886	interleaved_b	T1_easy	10k_final	29	true		
ac-v1-04719	INTLB-b4-693-1	ACP-037922	interleaved_b	T2_medium	100k	32	true		
ac-v1-04720	MS-n2-wXYXyxyxY	ACP-029343	ms_expanded	T4_frontier	100k	16	true		
ac-v1-04721	INTLB-b4-817-0	ACP-040400	interleaved_b	T3_hard_solvable	100k	30	true		
ac-v1-04722	MS-n9-wXXXXYxxxxy	ACP-022538	ms_expanded	T4_frontier	100k	32	true		
ac-v1-04723	MS-n5-wyxYXyyyyyy	ACP-019365	ms_expanded	T2_medium	100k	24	true		
ac-v1-04724	MS-n5-wXXXYxyxYxy	ACP-008167	ms_expanded	T4_frontier	100k	24	true		
ac-v1-04725	INTLB-b4-2172-0	ACP-039653	interleaved_b	T1_easy	10k_final	25	true		
ac-v1-04726	INTLB-b3t-334-0	ACP-046055	interleaved_b	T1_easy	10k_final	31	true		
ac-v1-04727	INTLB-b3t-112-0	ACP-045891	interleaved_b	T2_medium	100k	33	true		
ac-v1-04728	INTLB-b3t-547-0	ACP-040509	interleaved_b	T1_easy	10k_final	31	true		
ac-v1-04729	INTLB-b4-2853-0	ACP-043038	interleaved_b	T2_medium	100k	34	true		
ac-v1-04730	MS-n7-wXXXYxyxxY	ACP-027356	ms_expanded	T4_frontier	100k	27	true		
ac-v1-04731	INTLB-b4-2161-0	ACP-041523	interleaved_b	T1_easy	10k_final	23	true		
ac-v1-04732	AUTH-19_32-k1-2	ACP-022425	aut_hard	T5_moonshot	100k	19	true		
ac-v1-04733	INTLB-b4-163-0	ACP-043325	interleaved_b	T2_medium	100k	36	true		
ac-v1-04734	INTLB-b4-2228-0	ACP-040498	interleaved_b	T1_easy	10k_final	27	true		
ac-v1-04735	INTLB-b4-166-0	ACP-043614	interleaved_b	T1_easy	10k_final	29	true		
ac-v1-04736	MS-n5-wyXyyxY	ACP-012216	ms_expanded	T4_frontier	100k	20	true	open	271
ac-v1-04737	MS-n6-wXYxxyXy	ACP-006211	ms_expanded	T4_frontier	100k	23	true	open	1161
ac-v1-04738	INTLB-b4-1790-1	ACP-041520	interleaved_b	T3_hard_solvable	100k	31	true		
ac-v1-04739	INTL-b3-1-1	ACP-014205	interleaved	T1_easy	10k_final	34	true		
ac-v1-04740	MS-n8-wXXXYxxYxyy	ACP-005893	ms_expanded	T4_frontier	100k	30	true		
ac-v1-04741	INTLB-b4-2220-1	ACP-042324	interleaved_b	T2_medium	100k	35	true		
ac-v1-04742	INTLB-b4-2739-0	ACP-045412	interleaved_b	T2_medium	100k	31	true		
ac-v1-04743	MS-n7-wYYxyXy	ACP-003355	ms_expanded	T4_frontier	100k	24	true	open	308
ac-v1-04744	MS-n7-wYXYxyy	ACP-022802	ms_expanded	T4_frontier	100k	24	true	open	259
ac-v1-04745	INTL-b4-130-1	ACP-005387	interleaved	T1_easy	10k_final	24	true		
ac-v1-04746	AUTH-19_46-k0-0	ACP-016475	aut_hard	T5_moonshot	100k	19	true		
ac-v1-04747	INTL-b2-128-1	ACP-031827	interleaved	T1_easy	10k_final	32	true		
ac-v1-04748	INTLB-b4-1425-0	ACP-041424	interleaved_b	T2_medium	100k	31	true		
ac-v1-04749	INTLB-b3t-618-1	ACP-041136	interleaved_b	T1_easy	10k_final	26	true		
ac-v1-04750	INTLB-b4-2569-1	ACP-042849	interleaved_b	T3_hard_solvable	100k	33	true		
ac-v1-04751	MS-n9-wXXYYxYYxY	ACP-025756	ms_expanded	T4_frontier	100k	31	true		
ac-v1-04752	MS-n7-wXXXyyxxxy	ACP-009803	ms_expanded	T4_frontier	100k	27	true		
ac-v1-04753	INTLB-b4-747-0	ACP-041805	interleaved_b	T2_medium	100k	30	true		
ac-v1-04754	INTLB-b4-3580-0	ACP-043166	interleaved_b	T2_medium	100k	26	true		
ac-v1-04755	INTLB-b4-1885-1	ACP-038351	interleaved_b	T1_easy	10k_final	33	true		
ac-v1-04756	INTLB-b4-1660-0	ACP-042692	interleaved_b	T3_hard_solvable	100k	28	true		
ac-v1-04757	AUTH-22_5-k1-0	ACP-001489	aut_hard	T5_moonshot	100k	22	true		
ac-v1-04758	INTLB-b4-1972-0	ACP-040967	interleaved_b	T1_easy	10k_final	25	true		
ac-v1-04759	INTLB-b4-2395-1	ACP-046360	interleaved_b	T2_medium	100k	35	true		
ac-v1-04760	MS-n6-wYYYxYXy	ACP-011921	ms_expanded	T1_easy	10k_final	23	true	uncertified	1154
ac-v1-04761	MS-n5-wXXXYxxxYY	ACP-021982	ms_expanded	T4_frontier	100k	23	true		
ac-v1-04762	MS-n4-wXXXYYYxxxY	ACP-018369	ms_expanded	T4_frontier	100k	22	true		
ac-v1-04763	INTL-b3-170-0	ACP-018115	interleaved	T1_easy	10k_final	29	true		
ac-v1-04764	AUTH-15_2-k1-1	ACP-027677	aut_hard	T5_moonshot	100k	18	true		
ac-v1-04765	INTLB-b4-2185-1	ACP-047014	interleaved_b	T1_easy	10k_final	34	true		
ac-v1-04766	INTL-b4-207-0	ACP-033240	interleaved	T1_easy	10k_final	32	true		
ac-v1-04767	INTLB-b3t-905-0	ACP-046853	interleaved_b	T1_easy	10k_final	35	true		
ac-v1-04768	INTLB-b4-1367-1	ACP-047077	interleaved_b	T2_medium	100k	31	true		
ac-v1-04769	MS-n3-wXyxyyy	ACP-015434	ms_expanded	T1_easy	10k_final	16	true	uncertified	479
ac-v1-04770	INTLB-b4-2676-1	ACP-044607	interleaved_b	T2_medium	100k	29	true		
ac-v1-04771	MS-n8-wXXXyxYxxY	ACP-006358	ms_expanded	T4_frontier	100k	29	true		
ac-v1-04772	INTLB-b3t-258-0	ACP-041039	interleaved_b	T1_easy	10k_final	27	true		
ac-v1-04773	INTLB-b3t-66-0	ACP-042874	interleaved_b	T1_easy	10k_final	25	true		
ac-v1-04774	INTLB-b4-46-0	ACP-047051	interleaved_b	T2_medium	100k	31	true		
ac-v1-04775	INTLB-b4-817-1	ACP-043995	interleaved_b	T2_medium	100k	31	true		
ac-v1-04776	AUTH-20_3-k1-0	ACP-016848	aut_hard	T5_moonshot	100k	29	true		
ac-v1-04777	MS-n7-wYxyyXyy	ACP-000357	ms_expanded	T4_frontier	100k	25	false	open	735
ac-v1-04778	MS-n5-wXyxyyyy	ACP-031483	ms_expanded	T2_medium	100k	21	true	uncertified	516
ac-v1-04779	INTLB-b4-1394-1	ACP-045772	interleaved_b	T2_medium	100k	31	true		
ac-v1-04780	INTLB-b4-1142-1	ACP-047157	interleaved_b	T1_easy	10k_final	33	true		
ac-v1-04781	INTLB-b3t-283-0	ACP-040790	interleaved_b	T1_easy	10k_final	20	true		
ac-v1-04782	MS-n9-wYXYYYxyyy	ACP-003929	ms_expanded	T1_easy	10k_final	31	true		
ac-v1-04783	MS-n10-wyXyxYY	ACP-021081	ms_expanded	T4_frontier	100k	30	true		
ac-v1-04784	INTLB-b4-3093-1	ACP-045251	interleaved_b	T2_medium	100k	29	true		
ac-v1-04785	INTLB-b4-2524-0	ACP-039163	interleaved_b	T2_medium	100k	33	true		
ac-v1-04786	INTLB-b4-1305-1	ACP-046734	interleaved_b	T1_easy	10k_final	29	true		
ac-v1-04787	MS-n6-wXXXYxyxyxY	ACP-018553	ms_expanded	T4_frontier	100k	26	true		
ac-v1-04788	INTLB-b4-1967-0	ACP-038383	interleaved_b	T1_easy	10k_final	27	true		
ac-v1-04789	INTLB-b4-1044-1	ACP-041885	interleaved_b	T1_easy	10k_final	29	true		
ac-v1-04790	INTLB-b4-1939-0	ACP-041545	interleaved_b	T2_medium	100k	31	true		
ac-v1-04791	INTLB-b4-1378-1	ACP-043962	interleaved_b	T1_easy	10k_final	30	true		
ac-v1-04792	INTLB-b4-1867-0	ACP-040468	interleaved_b	T2_medium	100k	36	true		
ac-v1-04793	INTLB-b4-2341-0	ACP-045677	interleaved_b	T2_medium	100k	34	true		
ac-v1-04794	MS-n6-wYYYxYXyyy	ACP-031961	ms_expanded	T1_easy	10k_final	25	true		
ac-v1-04795	INTLB-b4-3007-0	ACP-043889	interleaved_b	T2_medium	100k	28	true		
ac-v1-04796	INTLB-b3t-345-0	ACP-045742	interleaved_b	T1_easy	10k_final	27	true		
ac-v1-04797	INTLB-b4-1366-1	ACP-042847	interleaved_b	T1_easy	10k_final	28	true		
ac-v1-04798	INTLB-b3t-525-1	ACP-043780	interleaved_b	T1_easy	10k_final	31	true		
ac-v1-04799	INTLB-b3t-704-1	ACP-047085	interleaved_b	T1_easy	10k_final	32	true		
ac-v1-04800	MS-n6-wYYYYXYYxyy	ACP-031264	ms_expanded	T1_easy	10k_final	26	true		
ac-v1-04801	INTLB-b4-2985-0	ACP-039076	interleaved_b	T2_medium	100k	34	true		
ac-v1-04802	INTLB-b4-2054-0	ACP-043687	interleaved_b	T1_easy	10k_final	32	true		
ac-v1-04803	MS-n6-wXXYxYxy	ACP-026161	ms_expanded	T5_moonshot	100k	23	true	open	944
ac-v1-04804	INTLB-b3t-626-0	ACP-038621	interleaved_b	T1_easy	10k_final	35	true		
ac-v1-04805	INTLB-b4-2783-0	ACP-040425	interleaved_b	T2_medium	100k	33	true		
ac-v1-04806	MS-n6-wXXXyxxxYY	ACP-009065	ms_expanded	T4_frontier	100k	25	true		
ac-v1-04807	INTL-b3-145-1	ACP-026623	interleaved	T1_easy	10k_final	31	true		
ac-v1-04808	MS-n2-wXXXYxxyyxy	ACP-021465	ms_expanded	T4_frontier	100k	18	true		
ac-v1-04809	MS-n5-wYYYYXyxY	ACP-003309	ms_expanded	T1_easy	10k_final	22	true		
ac-v1-04810	INTL-b2-54-1	ACP-029030	interleaved	T1_easy	10k_final	25	true		
ac-v1-04811	MS-n8-wXXYxyyxY	ACP-024787	ms_expanded	T4_frontier	100k	28	true		
ac-v1-04812	MS-n10-wXyyxY	ACP-007413	ms_expanded	T4_frontier	100k	29	true		
ac-v1-04813	INTLB-b4-3050-0	ACP-040175	interleaved_b	T2_medium	100k	33	true		
ac-v1-04814	INTLB-b4-1890-1	ACP-043489	interleaved_b	T3_hard_solvable	100k	36	true		
ac-v1-04815	INTL-b4-152-0	ACP-003187	interleaved	T1_easy	10k_final	29	true		
ac-v1-04816	INTLB-b3t-940-0	ACP-038800	interleaved_b	T1_easy	10k_final	25	true		
ac-v1-04817	MS-n5-wyXyxyyy	ACP-034299	ms_expanded	T1_easy	10k_final	21	true	uncertified	523
ac-v1-04818	INTL-b3-184-0	ACP-025065	interleaved	T1_easy	10k_final	26	true		
ac-v1-04819	INTL-b4-37-1	ACP-023348	interleaved	T2_medium	100k	31	true		
ac-v1-04820	MS-n6-wYXYYYYYxY	ACP-003257	ms_expanded	T2_medium	100k	25	true		
ac-v1-04821	INTLB-b3t-285-0	ACP-044092	interleaved_b	T1_easy	10k_final	33	true		
ac-v1-04822	MS-n3-wXXyxYxYY	ACP-016271	ms_expanded	T4_frontier	100k	18	true		
ac-v1-04823	MS-n5-wXXYXYxxxy	ACP-004190	ms_expanded	T4_frontier	100k	23	true		
ac-v1-04824	INTLB-b3t-227-1	ACP-042957	interleaved_b	T2_medium	100k	36	true		
ac-v1-04825	INTLB-b4-1494-0	ACP-039750	interleaved_b	T2_medium	100k	33	true		
ac-v1-04826	MS-n8-wYYXyyyyxY	ACP-025328	ms_expanded	T1_easy	10k_final	29	true		
ac-v1-04827	MS-n7-wyXyxYYYY	ACP-008484	ms_expanded	T1_easy	10k_final	26	true		
ac-v1-04828	MS-n8-wYYXyyyxYYY	ACP-000472	ms_expanded	T1_easy	10k_final	30	true		
ac-v1-04829	INTLB-b4-2056-1	ACP-041236	interleaved_b	T3_hard_solvable	100k	33	true		
ac-v1-04830	INTLB-b4-1492-0	ACP-041427	interleaved_b	T2_medium	100k	35	true		
ac-v1-04831	MS-n6-wYYYYXyyxYY	ACP-006468	ms_expanded	T1_easy	10k_final	26	true		
ac-v1-04832	INTLB-b4-198-0	ACP-040933	interleaved_b	T1_easy	10k_final	15	true		
ac-v1-04833	INTLB-b4-1776-1	ACP-044250	interleaved_b	T2_medium	100k	31	true		
ac-v1-04834	INTLB-b4-1329-0	ACP-046122	interleaved_b	T3_hard_solvable	100k	29	true		
ac-v1-04835	MS-n8-wXyxxYXY	ACP-015106	ms_expanded	T4_frontier	100k	27	true		
ac-v1-04836	INTLB-b3t-74-1	ACP-040054	interleaved_b	T1_easy	10k_final	27	true		
ac-v1-04837	INTLB-b4-1543-0	ACP-046913	interleaved_b	T2_medium	100k	23	true		
ac-v1-04838	INTLB-b4-2146-1	ACP-041267	interleaved_b	T1_easy	10k_final	29	true		
ac-v1-04839	INTLB-b3t-421-1	ACP-041026	interleaved_b	T1_easy	10k_final	29	true		
ac-v1-04840	INTLB-b3t-551-1	ACP-045580	interleaved_b	T1_easy	10k_final	31	true		
ac-v1-04841	MS-n7-wXXXYxYxxYY	ACP-010783	ms_expanded	T4_frontier	100k	28	true		
ac-v1-04842	INTL-b4-139-1	ACP-017234	interleaved	T1_easy	10k_final	31	true		
ac-v1-04843	MS-n8-wXXyxyxY	ACP-006327	ms_expanded	T4_frontier	100k	27	true		
ac-v1-04844	INTLB-b4-2065-1	ACP-043374	interleaved_b	T1_easy	10k_final	32	true		
ac-v1-04845	MS-n5-wXYxxyXy	ACP-023044	ms_expanded	T4_frontier	100k	21	true	open	1160
ac-v1-04846	INTLB-b4-1759-1	ACP-043575	interleaved_b	T2_medium	100k	25	true		
ac-v1-04847	INTLB-b4-1296-1	ACP-047030	interleaved_b	T1_easy	10k_final	34	true		
ac-v1-04848	INTLB-b4-761-0	ACP-038297	interleaved_b	T3_hard_solvable	100k	26	true		
ac-v1-04849	INTLB-b3t-435-1	ACP-037409	interleaved_b	T1_easy	10k_final	24	true		
ac-v1-04850	MS-n2-wXXYYYYYxxY	ACP-034509	ms_expanded	T5_moonshot	100k	18	true		
ac-v1-04851	INTLB-b4-3958-0	ACP-042364	interleaved_b	T2_medium	100k	32	true		
ac-v1-04852	INTLB-b4-1016-0	ACP-042722	interleaved_b	T2_medium	100k	33	true		
ac-v1-04853	INTLB-b4-2043-0	ACP-044460	interleaved_b	T3_hard_solvable	100k	34	true		
ac-v1-04854	INTLB-b3t-806-0	ACP-044820	interleaved_b	T1_easy	10k_final	28	true		
ac-v1-04855	INTLB-b3t-62-1	ACP-038158	interleaved_b	T1_easy	10k_final	25	true		
ac-v1-04856	INTLB-b4-139-0	ACP-045576	interleaved_b	T1_easy	10k_final	30	true		
ac-v1-04857	MS-n5-wXYYxYY	ACP-000548	ms_expanded	T4_frontier	100k	20	true	open	341
ac-v1-04858	INTLB-b4-2291-1	ACP-045761	interleaved_b	T2_medium	100k	25	true		
ac-v1-04859	INTLB-b4-1477-0	ACP-041902	interleaved_b	T2_medium	100k	30	true		
ac-v1-04860	INTLB-b4-1940-0	ACP-044843	interleaved_b	T1_easy	10k_final	33	true		
ac-v1-04861	MS-n5-wYxYXy	ACP-013149	ms_expanded	T4_frontier	100k	19	true	open	201
ac-v1-04862	INTLB-b4-1450-0	ACP-044747	interleaved_b	T1_easy	10k_final	31	true		
ac-v1-04863	INTLB-b3t-329-1	ACP-042262	interleaved_b	T1_easy	10k_final	23	true		
ac-v1-04864	INTLB-b4-1733-1	ACP-041596	interleaved_b	T2_medium	100k	23	true		
ac-v1-04865	INTLB-b3t-528-0	ACP-042915	interleaved_b	T1_easy	10k_final	31	true		
ac-v1-04866	MS-n5-wYYYXYxY	ACP-007354	ms_expanded	T5_moonshot	100k	21	false	open	775
ac-v1-04867	MS-n6-wXXXYYxxYxY	ACP-029919	ms_expanded	T4_frontier	100k	26	true		
ac-v1-04868	AUTH-21_33-k1-1	ACP-005390	aut_hard	T5_moonshot	100k	21	true		
ac-v1-04869	INTLB-b3t-10-0	ACP-043135	interleaved_b	T1_easy	10k_final	33	true		
ac-v1-04870	INTLB-b4-2365-1	ACP-040155	interleaved_b	T2_medium	100k	25	true		
ac-v1-04871	MS-n3-wXYYYxYXyxY	ACP-027308	ms_expanded	T1_easy	10k_final	20	true		
ac-v1-04872	INTLB-b4-1870-0	ACP-039093	interleaved_b	T1_easy	10k_final	25	true		
ac-v1-04873	INTLB-b4-696-0	ACP-045293	interleaved_b	T2_medium	100k	31	true		
ac-v1-04874	MS-n10-wYYxYXy	ACP-018504	ms_expanded	T4_frontier	100k	30	true		
ac-v1-04875	INTLB-b4-1330-1	ACP-039285	interleaved_b	T1_easy	10k_final	34	true		
ac-v1-04876	INTLB-b4-2364-1	ACP-038567	interleaved_b	T2_medium	100k	35	true		
ac-v1-04877	INTLB-b3t-807-1	ACP-046256	interleaved_b	T1_easy	10k_final	21	true		
ac-v1-04878	INTLB-b3t-855-0	ACP-046546	interleaved_b	T1_easy	10k_final	31	true		
ac-v1-04879	INTL-b4-243-1	ACP-008832	interleaved	T1_easy	10k_final	22	true		
ac-v1-04880	MS-n8-wXYYYYxyyy	ACP-003533	ms_expanded	T1_easy	10k_final	29	true		
ac-v1-04881	INTLB-b3t-833-0	ACP-037716	interleaved_b	T1_easy	10k_final	22	true		
ac-v1-04882	INTL-b4-296-0	ACP-003042	interleaved	T2_medium	100k	27	true		
ac-v1-04883	INTLB-b4-3118-0	ACP-037666	interleaved_b	T2_medium	100k	35	true		
ac-v1-04884	INTLB-b4-554-0	ACP-043184	interleaved_b	T3_hard_solvable	100k	31	true		
ac-v1-04885	INTLB-b4-830-0	ACP-044156	interleaved_b	T2_medium	100k	23	true		
ac-v1-04886	INTLB-b4-728-0	ACP-039402	interleaved_b	T3_hard_solvable	100k	34	true		
ac-v1-04887	INTLB-b4-0-0	ACP-041418	interleaved_b	T2_medium	100k	27	true		
ac-v1-04888	MS-n2-wXyXYxyxY	ACP-003155	ms_expanded	T4_frontier	100k	16	true		
ac-v1-04889	MS-n6-wXYYYxYYYY	ACP-016037	ms_expanded	T1_easy	10k_final	25	true		
ac-v1-04890	INTLB-b4-1766-1	ACP-045571	interleaved_b	T1_easy	10k_final	28	true		
ac-v1-04891	INTLB-b3t-379-0	ACP-042370	interleaved_b	T3_hard_solvable	100k	27	true		
ac-v1-04892	AUTH-19_24-k1-1	ACP-012725	aut_hard	T5_moonshot	100k	19	true		
ac-v1-04893	INTLB-b4-1954-1	ACP-045596	interleaved_b	T1_easy	10k_final	27	true		
ac-v1-04894	MS-n10-wXXyxxyy	ACP-008084	ms_expanded	T4_frontier	100k	31	true		
ac-v1-04895	INTLB-b4-2488-0	ACP-037885	interleaved_b	T3_hard_solvable	100k	29	true		
ac-v1-04896	MS-n5-wYXYYYYxyyy	ACP-027443	ms_expanded	T1_easy	10k_final	24	true		
ac-v1-04897	INTL-b3-103-0	ACP-034040	interleaved	T1_easy	10k_final	27	true		
ac-v1-04898	INTLB-b4-3016-1	ACP-045956	interleaved_b	T2_medium	100k	23	true		
ac-v1-04899	MS-n4-wXXYxxYYYYY	ACP-008457	ms_expanded	T1_easy	10k_final	22	true		
ac-v1-04900	MS-n6-wYxyyXyy	ACP-029718	ms_expanded	T4_frontier	100k	23	false	open	734
ac-v1-04901	INTLB-b3t-468-1	ACP-041293	interleaved_b	T2_medium	100k	33	true		
ac-v1-04902	INTLB-b3t-817-1	ACP-039974	interleaved_b	T1_easy	10k_final	26	true		
ac-v1-04903	INTLB-b4-2917-0	ACP-039095	interleaved_b	T3_hard_solvable	100k	25	true		
ac-v1-04904	INTLB-b4-2794-0	ACP-042579	interleaved_b	T2_medium	100k	24	true		
ac-v1-04905	INTLB-b3t-240-1	ACP-040973	interleaved_b	T1_easy	10k_final	29	true		
ac-v1-04906	INTL-b2-112-0	ACP-029546	interleaved	T1_easy	10k_final	23	true		
ac-v1-04907	INTLB-b3t-801-1	ACP-042456	interleaved_b	T1_easy	10k_final	27	true		
ac-v1-04908	INTLB-b4-1737-1	ACP-041394	interleaved_b	T3_hard_solvable	100k	35	true		
ac-v1-04909	MS-n5-wXyyyxyyy	ACP-028473	ms_expanded	T1_easy	10k_final	22	true		
ac-v1-04910	INTLB-b3t-483-0	ACP-039657	interleaved_b	T1_easy	10k_final	32	true		
ac-v1-04911	MS-n3-wXXyxyyxY	ACP-025134	ms_expanded	T4_frontier	100k	18	true		
ac-v1-04912	INTLB-b3t-219-1	ACP-042821	interleaved_b	T1_easy	10k_final	32	true		
ac-v1-04913	INTLB-b3t-493-0	ACP-040591	interleaved_b	T1_easy	10k_final	27	true		
ac-v1-04914	INTLB-b4-605-0	ACP-043444	interleaved_b	T2_medium	100k	30	true		
ac-v1-04915	INTLB-b4-212-1	ACP-044852	interleaved_b	T1_easy	10k_final	32	true		
ac-v1-04916	INTLB-b4-1349-1	ACP-037436	interleaved_b	T3_hard_solvable	100k	30	true		
ac-v1-04917	INTLB-b4-1197-0	ACP-039385	interleaved_b	T1_easy	10k_final	33	true		
ac-v1-04918	INTLB-b4-2552-0	ACP-044465	interleaved_b	T3_hard_solvable	100k	33	true		
ac-v1-04919	AUTH-17_26-k1-1	ACP-026911	aut_hard	T5_moonshot	100k	21	true		
ac-v1-04920	INTLB-b4-116-0	ACP-039187	interleaved_b	T3_hard_solvable	100k	32	true		
ac-v1-04921	INTL-b2-11-1	ACP-026305	interleaved	T1_easy	10k_final	27	true		
ac-v1-04922	MS-n4-wXYYYYYYxyy	ACP-022212	ms_expanded	T1_easy	10k_final	22	true		
ac-v1-04923	MS-n4-wXXyxxyy	ACP-007123	ms_expanded	T5_moonshot	100k	19	false	open	970
ac-v1-04924	INTLB-b4-193-0	ACP-039455	interleaved_b	T3_hard_solvable	100k	28	true		
ac-v1-04925	INTLB-b4-1437-0	ACP-046395	interleaved_b	T1_easy	10k_final	25	true		
ac-v1-04926	MS-n5-wXXyxYxYY	ACP-032396	ms_expanded	T4_frontier	100k	22	true		
ac-v1-04927	MS-n6-wXXyxxyyy	ACP-033401	ms_expanded	T4_frontier	100k	24	true		
ac-v1-04928	MS-n9-wXXXYxxyyxY	ACP-035039	ms_expanded	T4_frontier	100k	32	true		
ac-v1-04929	AUTH-23_11-k1-1	ACP-002805	aut_hard	T5_moonshot	100k	23	true		
ac-v1-04930	MS-n9-wyxyXyy	ACP-014594	ms_expanded	T4_frontier	100k	28	true		
ac-v1-04931	MS-n5-wyxyyXyy	ACP-027755	ms_expanded	T4_frontier	100k	21	true	open	544
ac-v1-04932	INTLB-b4-2177-0	ACP-046649	interleaved_b	T2_medium	100k	23	true		
ac-v1-04933	INTLB-b4-1422-1	ACP-045033	interleaved_b	T1_easy	10k_final	35	true		
ac-v1-04934	INTLB-b4-1290-0	ACP-040049	interleaved_b	T1_easy	10k_final	34	true		
ac-v1-04935	INTLB-b3t-714-0	ACP-043065	interleaved_b	T1_easy	10k_final	35	true		
ac-v1-04936	INTLB-b4-2115-0	ACP-040981	interleaved_b	T3_hard_solvable	100k	31	true		
ac-v1-04937	MS-n9-wXXXYxxYxY	ACP-020548	ms_expanded	T4_frontier	100k	31	true		
ac-v1-04938	INTLB-b4-1496-0	ACP-047099	interleaved_b	T2_medium	100k	21	true		
ac-v1-04939	MS-n3-wyxYXyy	ACP-016312	ms_expanded	T1_easy	10k_final	16	true	uncertified	311
ac-v1-04940	INTLB-b4-1914-1	ACP-041188	interleaved_b	T1_easy	10k_final	26	true		
ac-v1-04941	INTLB-b4-1900-1	ACP-046894	interleaved_b	T2_medium	100k	25	true		
ac-v1-04942	MS-n4-wXXyyxxYY	ACP-036565	ms_expanded	T4_frontier	100k	20	true		
ac-v1-04943	INTLB-b3t-25-1	ACP-041282	interleaved_b	T3_hard_solvable	100k	33	true		
ac-v1-04944	MS-n6-wYXyyyxyy	ACP-021446	ms_expanded	T1_easy	10k_final	24	true		
ac-v1-04945	MS-n10-wXXyyxxyy	ACP-027507	ms_expanded	T4_frontier	100k	32	true		
ac-v1-04946	INTL-b3-111-0	ACP-009671	interleaved	T1_easy	10k_final	25	true		
ac-v1-04947	AUTH-15_4-k1-1	ACP-018442	aut_hard	T5_moonshot	100k	17	true		
ac-v1-04948	MS-n6-wXyyyyxy	ACP-007910	ms_expanded	T4_frontier	100k	23	true	open	587
ac-v1-04949	INTLB-b3t-382-0	ACP-044923	interleaved_b	T3_hard_solvable	100k	25	true		
ac-v1-04950	INTLB-b3t-716-1	ACP-040997	interleaved_b	T1_easy	10k_final	29	true		
ac-v1-04951	INTLB-b3t-183-0	ACP-043967	interleaved_b	T2_medium	100k	31	true		
ac-v1-04952	AUTH-21_42-k1-0	ACP-000247	aut_hard	T5_moonshot	100k	25	true		
ac-v1-04953	INTLB-b4-1803-1	ACP-046364	interleaved_b	T1_easy	10k_final	29	true		
ac-v1-04954	INTLB-b3t-11-0	ACP-044051	interleaved_b	T1_easy	10k_final	29	true		
ac-v1-04955	INTLB-b3t-684-0	ACP-045705	interleaved_b	T1_easy	10k_final	26	true		
ac-v1-04956	INTLB-b4-1962-0	ACP-045074	interleaved_b	T1_easy	10k_final	29	true		
ac-v1-04957	INTLB-b3t-194-0	ACP-044484	interleaved_b	T1_easy	10k_final	35	true		
ac-v1-04958	INTLB-b4-132-1	ACP-041375	interleaved_b	T3_hard_solvable	100k	35	true		
ac-v1-04959	INTLB-b3t-245-1	ACP-040941	interleaved_b	T1_easy	10k_final	32	true		
ac-v1-04960	INTLB-b4-1043-0	ACP-042827	interleaved_b	T1_easy	10k_final	31	true		
ac-v1-04961	AUTH-19_10-k1-1	ACP-028861	aut_hard	T5_moonshot	100k	27	true		
ac-v1-04962	INTLB-b4-2499-0	ACP-037802	interleaved_b	T3_hard_solvable	100k	32	true		
ac-v1-04963	INTLB-b3t-447-0	ACP-041835	interleaved_b	T1_easy	10k_final	32	true		
ac-v1-04964	INTLB-b3t-55-0	ACP-043142	interleaved_b	T1_easy	10k_final	19	true		
ac-v1-04965	INTLB-b3t-524-0	ACP-043716	interleaved_b	T1_easy	10k_final	30	true		
ac-v1-04966	INTLB-b3t-740-1	ACP-042854	interleaved_b	T1_easy	10k_final	29	true		
ac-v1-04967	MS-n2-wXXyxxyy	ACP-020879	ms_expanded	T4_frontier	100k	15	true	open	968
ac-v1-04968	AUTH-21_11-k1-3	ACP-005693	aut_hard	T5_moonshot	100k	29	true		
ac-v1-04969	MS-n6-wYXyyxYY	ACP-005728	ms_expanded	T1_easy	10k_final	23	true	uncertified	713
ac-v1-04970	INTL-b4-6-1	ACP-030615	interleaved	T2_medium	100k	29	true		
ac-v1-04971	INTL-b4-159-0	ACP-005364	interleaved	T1_easy	10k_final	32	true		
ac-v1-04972	INTLB-b4-2665-1	ACP-046514	interleaved_b	T3_hard_solvable	100k	33	true		
ac-v1-04973	MS-n5-wYXyyxY	ACP-001297	ms_expanded	T4_frontier	100k	20	true	open	278
ac-v1-04974	INTL-b2-208-1	ACP-028852	interleaved	T1_easy	10k_final	21	true		
ac-v1-04975	MS-n8-wXXYYxYYxy	ACP-014260	ms_expanded	T4_frontier	100k	29	true		
ac-v1-04976	INTLB-b3t-47-1	ACP-041615	interleaved_b	T1_easy	10k_final	29	true		
ac-v1-04977	INTLB-b4-3226-1	ACP-040868	interleaved_b	T3_hard_solvable	100k	34	true		
ac-v1-04978	INTLB-b3t-823-1	ACP-043442	interleaved_b	T1_easy	10k_final	31	true		
ac-v1-04979	INTLB-b3t-703-1	ACP-042432	interleaved_b	T2_medium	100k	33	true		
ac-v1-04980	INTLB-b4-1312-1	ACP-038259	interleaved_b	T1_easy	10k_final	35	true		
ac-v1-04981	INTLB-b3t-203-1	ACP-041656	interleaved_b	T1_easy	10k_final	31	true		
ac-v1-04982	MS-n5-wXXXYYxxyxY	ACP-019329	ms_expanded	T4_frontier	100k	24	true		
ac-v1-04983	INTLB-b4-3446-1	ACP-042264	interleaved_b	T2_medium	100k	29	true		
ac-v1-04984	INTLB-b4-29-1	ACP-038010	interleaved_b	T2_medium	100k	36	true		
ac-v1-04985	INTLB-b3t-176-0	ACP-044728	interleaved_b	T3_hard_solvable	100k	36	true		
ac-v1-04986	MS-n9-wXXXXyxxxxY	ACP-031348	ms_expanded	T4_frontier	100k	32	true		
ac-v1-04987	MS-n4-wXXYYxxYYY	ACP-012477	ms_expanded	T4_frontier	100k	21	true		
ac-v1-04988	INTLB-b4-1375-0	ACP-039179	interleaved_b	T1_easy	10k_final	33	true		
ac-v1-04989	MS-n2-wXYxYXyxY	ACP-009919	ms_expanded	T1_easy	10k_final	16	true		
ac-v1-04990	INTLB-b4-1758-1	ACP-039628	interleaved_b	T1_easy	10k_final	26	true		
ac-v1-04991	INTLB-b4-1657-0	ACP-045525	interleaved_b	T1_easy	10k_final	27	true		
ac-v1-04992	INTLB-b3t-46-1	ACP-044939	interleaved_b	T1_easy	10k_final	36	true		
ac-v1-04993	INTL-b4-298-0	ACP-013667	interleaved	T3_hard_solvable	100k	29	true		
ac-v1-04994	INTLB-b3t-812-0	ACP-041604	interleaved_b	T1_easy	10k_final	34	true		
ac-v1-04995	MS-n5-wXyyyxyy	ACP-025454	ms_expanded	T1_easy	10k_final	21	true	uncertified	600
ac-v1-04996	MS-n2-wXYXyxxYY	ACP-015263	ms_expanded	T4_frontier	100k	16	true		
ac-v1-04997	INTLB-b4-1191-1	ACP-037385	interleaved_b	T1_easy	10k_final	28	true		
ac-v1-04998	MS-n8-wXXyxyyxY	ACP-024372	ms_expanded	T4_frontier	100k	28	true		
ac-v1-04999	MS-n3-wXXYYYxxyy	ACP-005342	ms_expanded	T0_warmup	10k_final	19	true		
ac-v1-05000	INTLB-b4-2155-1	ACP-046739	interleaved_b	T2_medium	100k	29	true		
ac-v1-05001	INTL-b2-67-1	ACP-009383	interleaved	T1_easy	10k_final	30	true		
ac-v1-05002	MS-n8-wXXXYxxxYY	ACP-000739	ms_expanded	T4_frontier	100k	29	true		
ac-v1-05003	INTLB-b4-200-0	ACP-046182	interleaved_b	T1_easy	10k_final	35	true		
ac-v1-05004	MS-n8-wXyyyyxy	ACP-012668	ms_expanded	T2_medium	100k	27	true		
ac-v1-05005	INTLB-b4-1482-1	ACP-042047	interleaved_b	T1_easy	10k_final	25	true		
ac-v1-05006	INTLB-b4-1445-0	ACP-040781	interleaved_b	T2_medium	100k	26	true		
ac-v1-05007	MS-n4-wXXyyxxY	ACP-023182	ms_expanded	T4_frontier	100k	19	true	open	697
ac-v1-05008	AUTH-23_4-k1-0	ACP-008206	aut_hard	T5_moonshot	100k	35	true		
ac-v1-05009	MS-n4-wXYYxYYYYYY	ACP-019858	ms_expanded	T1_easy	10k_final	22	true		
ac-v1-05010	INTLB-b3t-106-1	ACP-040398	interleaved_b	T1_easy	10k_final	33	true		
ac-v1-05011	MS-n7-wXXXYxxYxYY	ACP-032232	ms_expanded	T4_frontier	100k	28	true		
ac-v1-05012	MS-n10-wXXYYxxyy	ACP-019196	ms_expanded	T4_frontier	100k	32	true		
ac-v1-05013	AUTH-22_11-k12-0	ACP-004243	aut_hard	T5_moonshot	100k	36	true		
ac-v1-05014	INTLB-b3t-145-0	ACP-039205	interleaved_b	T1_easy	10k_final	32	true		
ac-v1-05015	INTLB-b4-1812-0	ACP-041071	interleaved_b	T3_hard_solvable	100k	31	true		
ac-v1-05016	INTLB-b4-2294-1	ACP-046891	interleaved_b	T3_hard_solvable	100k	35	true		
ac-v1-05017	INTLB-b4-3994-1	ACP-045317	interleaved_b	T3_hard_solvable	100k	24	true		
ac-v1-05018	MS-n5-wXXYYYYYxxY	ACP-035367	ms_expanded	T5_moonshot	100k	24	true		
ac-v1-05019	INTLB-b4-2739-1	ACP-043799	interleaved_b	T2_medium	100k	25	true		
ac-v1-05020	AUTH-16_6-k1-1	ACP-012350	aut_hard	T5_moonshot	100k	17	true		
ac-v1-05021	INTLB-b3t-261-1	ACP-041845	interleaved_b	T1_easy	10k_final	28	true		
ac-v1-05022	INTLB-b4-1781-1	ACP-037493	interleaved_b	T1_easy	10k_final	33	true		
ac-v1-05023	INTLB-b4-1443-0	ACP-039101	interleaved_b	T1_easy	10k_final	32	true		
ac-v1-05024	INTLB-b3t-39-1	ACP-039453	interleaved_b	T1_easy	10k_final	34	true		
ac-v1-05025	INTLB-b4-33-1	ACP-039829	interleaved_b	T2_medium	100k	27	true		
ac-v1-05026	INTLB-b3t-924-1	ACP-041297	interleaved_b	T1_easy	10k_final	33	true		
ac-v1-05027	INTLB-b4-1456-0	ACP-041678	interleaved_b	T2_medium	100k	21	true		
ac-v1-05028	AUTH-21_22-k12-1	ACP-010738	aut_hard	T5_moonshot	100k	21	true		
ac-v1-05029	MS-n2-wXXXYxxxYY	ACP-026443	ms_expanded	T4_frontier	100k	17	true		
ac-v1-05030	MS-n3-wXXXYxxxy	ACP-029520	ms_expanded	T4_frontier	100k	18	true		
ac-v1-05031	INTL-b4-199-0	ACP-006551	interleaved	T1_easy	10k_final	28	true		
ac-v1-05032	MS-n8-wYYYXyyyyxY	ACP-031474	ms_expanded	T1_easy	10k_final	30	true		
ac-v1-05033	MS-n5-wXXYYxYYxY	ACP-013835	ms_expanded	T4_frontier	100k	23	true		
ac-v1-05034	INTLB-b4-1118-1	ACP-045745	interleaved_b	T1_easy	10k_final	24	true		
ac-v1-05035	INTLB-b4-2021-1	ACP-039349	interleaved_b	T2_medium	100k	30	true		
ac-v1-05036	INTLB-b4-2631-1	ACP-040845	interleaved_b	T2_medium	100k	31	true		
ac-v1-05037	MS-n2-wXYXYxxYY	ACP-021698	ms_expanded	T4_frontier	100k	16	true		
ac-v1-05038	INTLB-b4-1590-0	ACP-038679	interleaved_b	T3_hard_solvable	100k	25	true		
ac-v1-05039	MS-n5-wXXXYYxxxy	ACP-034164	ms_expanded	T4_frontier	100k	23	true		
ac-v1-05040	INTLB-b4-2782-1	ACP-038302	interleaved_b	T2_medium	100k	26	true		
ac-v1-05041	INTLB-b4-2380-1	ACP-044597	interleaved_b	T3_hard_solvable	100k	36	true		
ac-v1-05042	INTLB-b3t-385-0	ACP-044912	interleaved_b	T1_easy	10k_final	27	true		
ac-v1-05043	INTLB-b4-3100-1	ACP-047145	interleaved_b	T2_medium	100k	33	true		
ac-v1-05044	INTLB-b3t-442-1	ACP-043845	interleaved_b	T2_medium	100k	33	true		
ac-v1-05045	MS-n9-wXXyxxYY	ACP-006273	ms_expanded	T4_frontier	100k	29	true		
ac-v1-05046	INTLB-b4-1675-1	ACP-041601	interleaved_b	T2_medium	100k	25	true		
ac-v1-05047	INTLB-b4-2738-1	ACP-038726	interleaved_b	T2_medium	100k	34	true		
ac-v1-05048	MS-n8-wXXXYxxYYxy	ACP-001801	ms_expanded	T4_frontier	100k	30	true		
ac-v1-05049	MS-n9-wYYXyxYYYYY	ACP-002999	ms_expanded	T2_medium	100k	32	true		
ac-v1-05050	INTLB-b4-2528-1	ACP-037815	interleaved_b	T2_medium	100k	28	true		
ac-v1-05051	INTLB-b4-1309-1	ACP-041979	interleaved_b	T1_easy	10k_final	33	true		
ac-v1-05052	INTLB-b4-286-1	ACP-043681	interleaved_b	T3_hard_solvable	100k	36	true		
ac-v1-05053	MS-n5-wXyyyyxY	ACP-034714	ms_expanded	T4_frontier	100k	21	true	open	593
ac-v1-05054	MS-n7-wYYYXYxY	ACP-026502	ms_expanded	T5_moonshot	100k	25	false	open	777
ac-v1-05055	MS-n9-wXyyyxYYYYY	ACP-035350	ms_expanded	T1_easy	10k_final	32	true		
ac-v1-05056	INTLB-b3t-232-1	ACP-037755	interleaved_b	T1_easy	10k_final	32	true		
ac-v1-05057	MS-n6-wXXyxYxY	ACP-034975	ms_expanded	T5_moonshot	100k	23	false	open	1056
ac-v1-05058	MS-n10-wYYXyxY	ACP-007104	ms_expanded	T4_frontier	100k	30	true		
ac-v1-05059	MS-n7-wXYXYxyxY	ACP-002687	ms_expanded	T5_moonshot	100k	26	true		
ac-v1-05060	INTLB-b4-66-0	ACP-037883	interleaved_b	T2_medium	100k	28	true		
ac-v1-05061	INTLB-b4-1441-0	ACP-045735	interleaved_b	T2_medium	100k	33	true		
ac-v1-05062	INTLB-b4-1166-0	ACP-042569	interleaved_b	T1_easy	10k_final	23	true		
ac-v1-05063	INTLB-b3t-481-1	ACP-042762	interleaved_b	T1_easy	10k_final	33	true		
ac-v1-05064	MS-n1-wXYYYxxYXY	ACP-033290	ms_expanded	T1_easy	10k_final	15	true		
ac-v1-05065	INTLB-b4-272-1	ACP-038510	interleaved_b	T3_hard_solvable	100k	34	true		
ac-v1-05066	AUTH-23_7-k1-0	ACP-011752	aut_hard	T5_moonshot	100k	33	true		
ac-v1-05067	INTLB-b4-1709-1	ACP-046059	interleaved_b	T1_easy	10k_final	29	true		
ac-v1-05068	INTLB-b3t-51-0	ACP-047161	interleaved_b	T1_easy	10k_final	27	true		
ac-v1-05069	MS-n10-wXXYYYxYxy	ACP-008590	ms_expanded	T4_frontier	100k	33	true		
ac-v1-05070	AUTH-25_3-k12-0	ACP-003769	aut_hard	T5_moonshot	100k	25	true		
ac-v1-05071	INTLB-b3t-50-0	ACP-040180	interleaved_b	T1_easy	10k_final	27	true		
ac-v1-05072	INTLB-b4-2395-0	ACP-044643	interleaved_b	T2_medium	100k	27	true		
ac-v1-05073	INTLB-b4-3946-0	ACP-042539	interleaved_b	T3_hard_solvable	100k	35	true		
ac-v1-05074	INTLB-b3t-131-1	ACP-046155	interleaved_b	T1_easy	10k_final	25	true		
ac-v1-05075	INTLB-b4-2688-0	ACP-038725	interleaved_b	T2_medium	100k	27	true		
ac-v1-05076	MS-n5-wYXYYxYY	ACP-010102	ms_expanded	T4_frontier	100k	21	true	open	810
ac-v1-05077	INTLB-b4-1801-0	ACP-038347	interleaved_b	T1_easy	10k_final	24	true		
ac-v1-05078	INTLB-b3t-199-1	ACP-039590	interleaved_b	T1_easy	10k_final	29	true		
ac-v1-05079	INTLB-b4-1406-1	ACP-043946	interleaved_b	T3_hard_solvable	100k	27	true		
ac-v1-05080	MS-n2-wXXXYxYxyxY	ACP-029517	ms_expanded	T4_frontier	100k	18	true		
ac-v1-05081	MS-n5-wYYYxyXy	ACP-006269	ms_expanded	T4_frontier	100k	21	true	open	1146
ac-v1-05082	MS-n8-wXyxYY	ACP-023974	ms_expanded	T4_frontier	100k	25	true		
ac-v1-05083	INTLB-b4-2187-0	ACP-044482	interleaved_b	T1_easy	10k_final	35	true		
ac-v1-05084	INTLB-b4-1574-0	ACP-040861	interleaved_b	T1_easy	10k_final	23	true		
ac-v1-05085	INTLB-b4-2669-1	ACP-044195	interleaved_b	T2_medium	100k	33	true		
ac-v1-05086	INTLB-b3t-591-1	ACP-043779	interleaved_b	T1_easy	10k_final	20	true		
ac-v1-05087	INTLB-b4-1400-0	ACP-046268	interleaved_b	T1_easy	10k_final	32	true		
ac-v1-05088	INTLB-b3t-165-0	ACP-043673	interleaved_b	T1_easy	10k_final	29	true		
ac-v1-05089	INTLB-b4-1542-0	ACP-040020	interleaved_b	T1_easy	10k_final	31	true		
ac-v1-05090	INTLB-b4-389-0	ACP-041226	interleaved_b	T2_medium	100k	35	true		
ac-v1-05091	INTL-b4-129-1	ACP-031025	interleaved	T0_warmup	10k_final	34	true		
ac-v1-05092	MS-n8-wXYYxYY	ACP-012837	ms_expanded	T4_frontier	100k	26	true		
ac-v1-05093	INTLB-b4-174-0	ACP-040488	interleaved_b	T1_easy	10k_final	31	true		
ac-v1-05094	MS-n10-wXXYxyxyy	ACP-001559	ms_expanded	T4_frontier	100k	32	true		
ac-v1-05095	INTLB-b4-3999-1	ACP-047026	interleaved_b	T2_medium	100k	31	true		
ac-v1-05096	MS-n3-wXXXyxyxxY	ACP-013744	ms_expanded	T4_frontier	100k	19	true		
ac-v1-05097	INTLB-b3t-211-1	ACP-046622	interleaved_b	T1_easy	10k_final	29	true		
ac-v1-05098	INTLB-b4-1715-0	ACP-040567	interleaved_b	T1_easy	10k_final	33	true		
ac-v1-05099	INTLB-b4-1888-1	ACP-038544	interleaved_b	T3_hard_solvable	100k	31	true		
ac-v1-05100	MS-n4-wXYYYYxxyXY	ACP-019383	ms_expanded	T1_easy	10k_final	22	true		
ac-v1-05101	MS-n5-wXYYYYYYxy	ACP-013374	ms_expanded	T2_medium	100k	23	true		
ac-v1-05102	INTLB-b4-2963-0	ACP-043958	interleaved_b	T2_medium	100k	29	true		
ac-v1-05103	INTLB-b4-1808-1	ACP-045833	interleaved_b	T1_easy	10k_final	31	true		
ac-v1-05104	INTLB-b4-3968-1	ACP-039429	interleaved_b	T3_hard_solvable	100k	29	true		
ac-v1-05105	INTLB-b4-2507-1	ACP-047089	interleaved_b	T2_medium	100k	36	true		
ac-v1-05106	INTLB-b4-2703-0	ACP-039738	interleaved_b	T2_medium	100k	30	true		
ac-v1-05107	MS-n6-wYxYYXy	ACP-035457	ms_expanded	T4_frontier	100k	22	true	open	244
ac-v1-05108	AUTH-18_1-k1-3	ACP-004370	aut_hard	T5_moonshot	100k	18	true		
ac-v1-05109	INTLB-b4-444-0	ACP-043678	interleaved_b	T2_medium	100k	32	true		
ac-v1-05110	INTLB-b3t-559-0	ACP-041265	interleaved_b	T1_easy	10k_final	33	true		
ac-v1-05111	INTL-b2-294-1	ACP-023589	interleaved	T1_easy	10k_final	33	true		
ac-v1-05112	INTLB-b4-1724-1	ACP-046132	interleaved_b	T3_hard_solvable	100k	30	true		
ac-v1-05113	INTL-b4-106-0	ACP-011446	interleaved	T1_easy	10k_final	25	true		
ac-v1-05114	INTLB-b4-2080-1	ACP-044750	interleaved_b	T1_easy	10k_final	33	true		
ac-v1-05115	INTLB-b3t-355-1	ACP-041182	interleaved_b	T1_easy	10k_final	32	true		
ac-v1-05116	AUTH-23_23-k0-0	ACP-010626	aut_hard	T5_moonshot	100k	23	true		
ac-v1-05117	MS-n2-wXyxxYXY	ACP-026764	ms_expanded	T4_frontier	100k	15	true	open	1024
ac-v1-05118	MS-n9-wYYYxyyyyXy	ACP-002033	ms_expanded	T2_medium	100k	32	true		
ac-v1-05119	AUTH-21_36-k2-0	ACP-023530	aut_hard	T5_moonshot	100k	28	true		
ac-v1-05120	MS-n2-wXXXYxxyxYY	ACP-030007	ms_expanded	T4_frontier	100k	18	true		
ac-v1-05121	INTLB-b4-1976-1	ACP-042517	interleaved_b	T1_easy	10k_final	26	true		
ac-v1-05122	INTLB-b4-2074-1	ACP-045747	interleaved_b	T1_easy	10k_final	28	true		
ac-v1-05123	INTLB-b4-2382-0	ACP-045533	interleaved_b	T3_hard_solvable	100k	35	true		
ac-v1-05124	MS-n2-wXXYYYYxyxY	ACP-009753	ms_expanded	T1_easy	10k_final	18	true		
ac-v1-05125	INTLB-b4-1756-1	ACP-040921	interleaved_b	T1_easy	10k_final	25	true		
ac-v1-05126	INTLB-b3t-936-1	ACP-043452	interleaved_b	T1_easy	10k_final	34	true		
ac-v1-05127	INTL-b1-187-1	ACP-026393	interleaved	T1_easy	10k_final	31	true		
ac-v1-05128	INTL-b3-123-0	ACP-027164	interleaved	T1_easy	10k_final	30	true		
ac-v1-05129	INTL-b3-128-0	ACP-033399	interleaved	T1_easy	10k_final	33	true		
ac-v1-05130	INTLB-b3t-642-0	ACP-038558	interleaved_b	T1_easy	10k_final	29	true		
ac-v1-05131	MS-n4-wXyXYxxy	ACP-016988	ms_expanded	T5_moonshot	100k	19	false	open	1110
ac-v1-05132	INTL-b2-127-1	ACP-000112	interleaved	T1_easy	10k_final	25	true		
ac-v1-05133	AUTH-19_50-k1-0	ACP-023790	aut_hard	T5_moonshot	100k	21	true		
ac-v1-05134	INTLB-b3t-189-0	ACP-042718	interleaved_b	T1_easy	10k_final	31	true		
ac-v1-05135	AUTH-23_1-k1-3	ACP-027695	aut_hard	T5_moonshot	100k	35	true		
ac-v1-05136	INTLB-b4-0-1	ACP-042610	interleaved_b	T3_hard_solvable	100k	26	true		
ac-v1-05137	MS-n1-wXXYYYxYxY	ACP-003335	ms_expanded	T1_easy	10k_final	15	true		
ac-v1-05138	INTLB-b4-883-0	ACP-043621	interleaved_b	T2_medium	100k	33	true		
ac-v1-05139	INTLB-b4-130-0	ACP-046580	interleaved_b	T1_easy	10k_final	27	true		
ac-v1-05140	INTLB-b3t-674-0	ACP-047160	interleaved_b	T1_easy	10k_final	36	true		
ac-v1-05141	INTLB-b4-2083-0	ACP-047124	interleaved_b	T1_easy	10k_final	28	true		
ac-v1-05142	INTLB-b4-3215-0	ACP-042824	interleaved_b	T3_hard_solvable	100k	29	true		
ac-v1-05143	INTLB-b3t-252-0	ACP-047045	interleaved_b	T1_easy	10k_final	22	true		
ac-v1-05144	INTLB-b4-1891-0	ACP-038832	interleaved_b	T2_medium	100k	33	true		
ac-v1-05145	INTLB-b4-1935-0	ACP-038716	interleaved_b	T3_hard_solvable	100k	31	true		
ac-v1-05146	INTLB-b3t-843-0	ACP-044127	interleaved_b	T1_easy	10k_final	22	true		
ac-v1-05147	INTLB-b4-263-0	ACP-045057	interleaved_b	T3_hard_solvable	100k	32	true		
ac-v1-05148	INTLB-b4-608-0	ACP-044345	interleaved_b	T2_medium	100k	31	true		
ac-v1-05149	INTLB-b3t-100-0	ACP-044586	interleaved_b	T1_easy	10k_final	28	true		
ac-v1-05150	MS-n6-wXXYYYYxxY	ACP-035214	ms_expanded	T4_frontier	100k	25	true		
ac-v1-05151	AUTH-22_2-k1-0	ACP-007593	aut_hard	T5_moonshot	100k	25	true		
ac-v1-05152	INTLB-b4-3245-1	ACP-043518	interleaved_b	T3_hard_solvable	100k	32	true		
ac-v1-05153	INTLB-b4-1396-0	ACP-044715	interleaved_b	T3_hard_solvable	100k	29	true		
ac-v1-05154	INTLB-b4-1039-1	ACP-037799	interleaved_b	T1_easy	10k_final	33	true		
ac-v1-05155	MS-n4-wXYYxYYYY	ACP-036046	ms_expanded	T1_easy	10k_final	20	true		
ac-v1-05156	AUTH-21_13-k1-2	ACP-022879	aut_hard	T5_moonshot	100k	31	true		
ac-v1-05157	MS-n10-wXXXYYxxxyy	ACP-008076	ms_expanded	T4_frontier	100k	34	true		
ac-v1-05158	INTLB-b4-1337-1	ACP-039291	interleaved_b	T1_easy	10k_final	35	true		
ac-v1-05159	AUTH-17_23-k12-0	ACP-026033	aut_hard	T5_moonshot	100k	35	true		
ac-v1-05160	MS-n3-wXXYYYxxYYY	ACP-006300	ms_expanded	T1_easy	10k_final	20	true		
ac-v1-05161	INTLB-b3t-459-1	ACP-038660	interleaved_b	T1_easy	10k_final	35	true		
ac-v1-05162	INTLB-b4-1477-1	ACP-043186	interleaved_b	T1_easy	10k_final	31	true		
ac-v1-05163	MS-n8-wXXXYxyxyxY	ACP-004742	ms_expanded	T4_frontier	100k	30	true		
ac-v1-05164	INTLB-b4-2143-1	ACP-046976	interleaved_b	T3_hard_solvable	100k	30	true		
ac-v1-05165	MS-n5-wyxyXyyy	ACP-014683	ms_expanded	T4_frontier	100k	21	true	open	558
ac-v1-05166	INTLB-b4-1458-0	ACP-044394	interleaved_b	T2_medium	100k	28	true		
ac-v1-05167	INTLB-b4-1328-0	ACP-044354	interleaved_b	T3_hard_solvable	100k	26	true		
ac-v1-05168	INTLB-b3t-75-1	ACP-037394	interleaved_b	T1_easy	10k_final	29	true		
ac-v1-05169	MS-n9-wXyyxYY	ACP-002868	ms_expanded	T4_frontier	100k	28	true		
ac-v1-05170	INTL-b4-142-1	ACP-035734	interleaved	T2_medium	100k	19	true		
ac-v1-05171	INTL-b1-266-0	ACP-029553	interleaved	T1_easy	10k_final	24	true		
ac-v1-05172	INTLB-b4-1922-1	ACP-044134	interleaved_b	T2_medium	100k	27	true		
ac-v1-05173	INTLB-b3t-532-1	ACP-040034	interleaved_b	T1_easy	10k_final	27	true		
ac-v1-05174	INTLB-b4-2298-1	ACP-043861	interleaved_b	T2_medium	100k	23	true		
ac-v1-05175	INTLB-b4-18-0	ACP-045014	interleaved_b	T2_medium	100k	21	true		
ac-v1-05176	INTLB-b4-1105-1	ACP-038689	interleaved_b	T2_medium	100k	31	true		
ac-v1-05177	INTLB-b4-623-0	ACP-040466	interleaved_b	T2_medium	100k	29	true		
ac-v1-05178	INTLB-b4-792-1	ACP-041451	interleaved_b	T2_medium	100k	25	true		
ac-v1-05179	INTLB-b4-190-0	ACP-038296	interleaved_b	T1_easy	10k_final	27	true		
ac-v1-05180	INTLB-b4-1398-1	ACP-042255	interleaved_b	T1_easy	10k_final	29	true		
ac-v1-05181	INTLB-b3t-889-1	ACP-043794	interleaved_b	T1_easy	10k_final	30	true		
ac-v1-05182	AUTH-21_28-k1-2	ACP-007337	aut_hard	T5_moonshot	100k	21	true		
ac-v1-05183	MS-n7-wXyyyxYY	ACP-003896	ms_expanded	T4_frontier	100k	25	true	open	623
ac-v1-05184	INTL-b4-38-1	ACP-004799	interleaved	T2_medium	100k	25	true		
ac-v1-05185	INTLB-b4-1440-0	ACP-042997	interleaved_b	T1_easy	10k_final	30	true		
ac-v1-05186	INTLB-b3t-125-0	ACP-040182	interleaved_b	T1_easy	10k_final	34	true		
ac-v1-05187	INTLB-b4-303-0	ACP-044847	interleaved_b	T3_hard_solvable	100k	32	true		
ac-v1-05188	INTL-b4-96-0	ACP-005833	interleaved	T2_medium	100k	29	true		
ac-v1-05189	INTLB-b4-1179-1	ACP-046827	interleaved_b	T1_easy	10k_final	35	true		
ac-v1-05190	INTLB-b4-610-0	ACP-044180	interleaved_b	T2_medium	100k	20	true		
ac-v1-05191	MS-n5-wXXXyyxxxY	ACP-009028	ms_expanded	T4_frontier	100k	23	true		
ac-v1-05192	MS-n5-wYXyxyyyyy	ACP-010531	ms_expanded	T2_medium	100k	23	true		
ac-v1-05193	MS-n7-wXXXYYxYxxY	ACP-025705	ms_expanded	T4_frontier	100k	28	true		
ac-v1-05194	INTL-b4-106-1	ACP-006822	interleaved	T3_hard_solvable	100k	33	true		
ac-v1-05195	INTL-b4-125-1	ACP-028790	interleaved	T1_easy	10k_final	32	true		
ac-v1-05196	MS-n8-wyyxYYXyyyy	ACP-001092	ms_expanded	T2_medium	100k	30	true		
ac-v1-05197	INTLB-b4-187-0	ACP-046899	interleaved_b	T1_easy	10k_final	25	true		
ac-v1-05198	INTL-b4-250-0	ACP-024090	interleaved	T2_medium	100k	31	true		
ac-v1-05199	AUTH-17_7-k1-0	ACP-012407	aut_hard	T5_moonshot	100k	23	true		
ac-v1-05200	INTLB-b4-2735-0	ACP-039772	interleaved_b	T3_hard_solvable	100k	35	true		
ac-v1-05201	INTLB-b4-461-1	ACP-040733	interleaved_b	T2_medium	100k	32	true		
ac-v1-05202	MS-n5-wXXXYYxxYxy	ACP-019713	ms_expanded	T4_frontier	100k	24	true		
ac-v1-05203	AUTH-25_4-k1-2	ACP-034070	aut_hard	T5_moonshot	100k	37	true		
ac-v1-05204	INTLB-b3t-225-1	ACP-046605	interleaved_b	T1_easy	10k_final	28	true		
ac-v1-05205	INTL-b4-14-1	ACP-036880	interleaved	T1_easy	10k_final	33	true		
ac-v1-05206	MS-n4-wYXYYxYYYY	ACP-009777	ms_expanded	T1_easy	10k_final	21	true		
ac-v1-05207	INTLB-b3t-745-0	ACP-042280	interleaved_b	T2_medium	100k	27	true		
ac-v1-05208	MS-n9-wXXYxyxYY	ACP-013054	ms_expanded	T4_frontier	100k	30	true		
ac-v1-05209	INTLB-b3t-22-0	ACP-045789	interleaved_b	T1_easy	10k_final	31	true		
ac-v1-05210	INTLB-b4-2721-0	ACP-043684	interleaved_b	T2_medium	100k	31	true		
ac-v1-05211	MS-n8-wyyXyyyyxYY	ACP-021580	ms_expanded	T1_easy	10k_final	30	true		
ac-v1-05212	INTLB-b3t-101-0	ACP-037994	interleaved_b	T3_hard_solvable	100k	25	true		
ac-v1-05213	MS-n8-wYYYYxyXyyy	ACP-023129	ms_expanded	T1_easy	10k_final	30	true		
ac-v1-05214	INTLB-b3t-882-0	ACP-041447	interleaved_b	T1_easy	10k_final	17	true		
ac-v1-05215	MS-n4-wXXyyxYxY	ACP-036383	ms_expanded	T4_frontier	100k	20	true		
ac-v1-05216	INTLB-b4-1727-1	ACP-041355	interleaved_b	T2_medium	100k	32	true		
ac-v1-05217	MS-n6-wXYXYxxY	ACP-035745	ms_expanded	T4_frontier	100k	23	true	open	909
ac-v1-05218	MS-n8-wXyyyxy	ACP-006196	ms_expanded	T4_frontier	100k	26	true		
ac-v1-05219	AUTH-21_41-k1-0	ACP-000279	aut_hard	T5_moonshot	100k	24	true		
ac-v1-05220	MS-n3-wXXYxYYxY	ACP-023569	ms_expanded	T4_frontier	100k	18	true		
ac-v1-05221	AUTH-15_13-k1-0	ACP-010582	aut_hard	T5_moonshot	100k	18	true		
ac-v1-05222	INTLB-b3t-167-0	ACP-041563	interleaved_b	T1_easy	10k_final	35	true		
ac-v1-05223	INTLB-b4-3775-0	ACP-046511	interleaved_b	T2_medium	100k	29	true		
ac-v1-05224	MS-n6-wXYXyxyxY	ACP-003231	ms_expanded	T5_moonshot	100k	24	true		
ac-v1-05225	INTLB-b4-707-1	ACP-040775	interleaved_b	T3_hard_solvable	100k	35	true		
ac-v1-05226	INTLB-b4-1401-1	ACP-044807	interleaved_b	T2_medium	100k	31	true		
ac-v1-05227	INTL-b4-105-1	ACP-021266	interleaved	T2_medium	100k	27	true		
ac-v1-05228	MS-n8-wYYXYYYYxYY	ACP-027351	ms_expanded	T2_medium	100k	30	true		
ac-v1-05229	INTLB-b4-184-1	ACP-042397	interleaved_b	T1_easy	10k_final	36	true		
ac-v1-05230	INTLB-b4-3322-1	ACP-037463	interleaved_b	T3_hard_solvable	100k	26	true		
ac-v1-05231	AUTH-20_11-k1-1	ACP-025166	aut_hard	T5_moonshot	100k	23	true		
ac-v1-05232	INTLB-b4-2351-0	ACP-043000	interleaved_b	T2_medium	100k	22	true		
ac-v1-05233	MS-n7-wXYxY	ACP-030811	ms_expanded	T5_moonshot	100k	22	true	open	63
ac-v1-05234	INTLB-b3t-14-0	ACP-046231	interleaved_b	T1_easy	10k_final	29	true		
ac-v1-05235	INTLB-b4-1544-1	ACP-042225	interleaved_b	T2_medium	100k	25	true		
ac-v1-05236	INTLB-b4-181-1	ACP-046445	interleaved_b	T1_easy	10k_final	30	true		
ac-v1-05237	INTLB-b4-1685-0	ACP-041047	interleaved_b	T1_easy	10k_final	31	true		
ac-v1-05238	MS-n7-wXYYxY	ACP-000343	ms_expanded	T4_frontier	100k	23	true	open	168
ac-v1-05239	INTLB-b3t-154-0	ACP-042044	interleaved_b	T1_easy	10k_final	27	true		
ac-v1-05240	MS-n5-wXXXYYxyxxY	ACP-035563	ms_expanded	T4_frontier	100k	24	true		
ac-v1-05241	INTLB-b4-236-0	ACP-046367	interleaved_b	T2_medium	100k	28	true		
ac-v1-05242	MS-n6-wXyXYxxy	ACP-021660	ms_expanded	T4_frontier	100k	23	true	open	1112
ac-v1-05243	INTLB-b4-479-0	ACP-046682	interleaved_b	T3_hard_solvable	100k	33	true		
ac-v1-05244	INTLB-b3t-231-1	ACP-037419	interleaved_b	T1_easy	10k_final	27	true		
ac-v1-05245	MS-n9-wXXYYYxyxY	ACP-022869	ms_expanded	T4_frontier	100k	31	true		
ac-v1-05246	INTLB-b3t-343-0	ACP-042848	interleaved_b	T1_easy	10k_final	20	true		
ac-v1-05247	MS-n10-wYxyXy	ACP-034035	ms_expanded	T4_frontier	100k	29	true		
ac-v1-05248	AUTH-21_3-k1-0	ACP-002233	aut_hard	T5_moonshot	100k	21	true		
ac-v1-05249	INTLB-b4-1568-0	ACP-045972	interleaved_b	T1_easy	10k_final	19	true		
ac-v1-05250	MS-n6-wXyXYxYxy	ACP-026530	ms_expanded	T5_moonshot	100k	24	true		
ac-v1-05251	INTLB-b4-436-0	ACP-041242	interleaved_b	T3_hard_solvable	100k	30	true		
ac-v1-05252	INTLB-b3t-147-0	ACP-039068	interleaved_b	T1_easy	10k_final	33	true		
ac-v1-05253	MS-n6-wYXYXyxyxy	ACP-021154	ms_expanded	T5_moonshot	100k	25	true		
ac-v1-05254	INTL-b4-135-0	ACP-016506	interleaved	T1_easy	10k_final	19	true		
ac-v1-05255	INTL-b4-148-1	ACP-008215	interleaved	T3_hard_solvable	100k	31	true		
ac-v1-05256	INTLB-b4-598-0	ACP-045454	interleaved_b	T3_hard_solvable	100k	31	true		
ac-v1-05257	INTLB-b4-1999-0	ACP-042794	interleaved_b	T1_easy	10k_final	32	true		
ac-v1-05258	INTL-b1-0-0	ACP-024005	interleaved	T0_warmup	10k_final	30	true		
ac-v1-05259	INTLB-b3t-6-0	ACP-045504	interleaved_b	T1_easy	10k_final	33	true		
ac-v1-05260	INTLB-b3t-871-1	ACP-037492	interleaved_b	T1_easy	10k_final	29	true		
ac-v1-05261	INTLB-b4-3435-0	ACP-039537	interleaved_b	T2_medium	100k	29	true		
ac-v1-05262	MS-n7-wYYYXYxyyyy	ACP-005806	ms_expanded	T1_easy	10k_final	28	true		
ac-v1-05263	INTLB-b3t-501-0	ACP-038064	interleaved_b	T1_easy	10k_final	35	true		
ac-v1-05264	INTLB-b4-1180-1	ACP-044782	interleaved_b	T1_easy	10k_final	25	true		
ac-v1-05265	MS-n10-wyXyyxy	ACP-017554	ms_expanded	T4_frontier	100k	30	true		
ac-v1-05266	INTLB-b3t-508-1	ACP-046492	interleaved_b	T1_easy	10k_final	28	true		
ac-v1-05267	INTLB-b4-1528-0	ACP-040619	interleaved_b	T2_medium	100k	29	true		
ac-v1-05268	INTLB-b4-1789-1	ACP-039595	interleaved_b	T1_easy	10k_final	33	true		
ac-v1-05269	INTL-b4-147-0	ACP-025613	interleaved	T2_medium	100k	31	true		
ac-v1-05270	INTLB-b4-2173-1	ACP-043386	interleaved_b	T1_easy	10k_final	33	true		
ac-v1-05271	MS-n5-wXYXyxyxY	ACP-008962	ms_expanded	T5_moonshot	100k	22	true		
ac-v1-05272	INTL-b2-124-0	ACP-009536	interleaved	T1_easy	10k_final	32	true		
ac-v1-05273	INTL-b2-266-1	ACP-009466	interleaved	T1_easy	10k_final	22	true		
ac-v1-05274	INTLB-b3t-510-0	ACP-045880	interleaved_b	T1_easy	10k_final	25	true		
ac-v1-05275	INTLB-b4-1409-1	ACP-038391	interleaved_b	T1_easy	10k_final	33	true		
ac-v1-05276	MS-n7-wYYXyyxY	ACP-028714	ms_expanded	T4_frontier	100k	25	true	open	728
ac-v1-05277	INTLB-b4-450-1	ACP-039543	interleaved_b	T2_medium	100k	28	true		
ac-v1-05278	INTLB-b3t-744-0	ACP-040508	interleaved_b	T2_medium	100k	27	true		
ac-v1-05279	INTLB-b4-538-1	ACP-042977	interleaved_b	T3_hard_solvable	100k	28	true		
ac-v1-05280	INTLB-b3t-927-1	ACP-038149	interleaved_b	T1_easy	10k_final	35	true		
ac-v1-05281	INTLB-b4-1150-0	ACP-042927	interleaved_b	T1_easy	10k_final	19	true		
ac-v1-05282	MS-n10-wXXyyyxxY	ACP-011145	ms_expanded	T4_frontier	100k	32	true		
ac-v1-05283	MS-n3-wYXYYYYxy	ACP-015508	ms_expanded	T1_easy	10k_final	18	true		
ac-v1-05284	INTLB-b4-2693-1	ACP-043398	interleaved_b	T2_medium	100k	25	true		
ac-v1-05285	INTLB-b3t-571-1	ACP-046576	interleaved_b	T1_easy	10k_final	32	true		
ac-v1-05286	MS-n3-wXXYYYxxY	ACP-031222	ms_expanded	T5_moonshot	10k_final	18	true		
ac-v1-05287	INTLB-b4-2091-0	ACP-045743	interleaved_b	T1_easy	10k_final	32	true		
ac-v1-05288	MS-n9-wyyyyyyy	ACP-009412	ms_expanded	T0_warmup	10k_final	29	true		
ac-v1-05289	INTLB-b4-757-0	ACP-044739	interleaved_b	T3_hard_solvable	100k	28	true		
ac-v1-05290	MS-n3-wXXXYxyxyxy	ACP-012922	ms_expanded	T4_frontier	100k	20	true		
ac-v1-05291	INTLB-b4-3153-1	ACP-037403	interleaved_b	T3_hard_solvable	100k	29	true		
ac-v1-05292	INTLB-b4-3285-1	ACP-041934	interleaved_b	T3_hard_solvable	100k	36	true		
ac-v1-05293	INTLB-b3t-537-0	ACP-047062	interleaved_b	T1_easy	10k_final	34	true		
ac-v1-05294	INTLB-b4-388-1	ACP-041216	interleaved_b	T3_hard_solvable	100k	31	true		
ac-v1-05295	MS-n10-wXXYYYYxxY	ACP-011032	ms_expanded	T4_frontier	100k	33	true		
ac-v1-05296	MS-n9-wXXYXyxxxY	ACP-004602	ms_expanded	T4_frontier	100k	31	true		
ac-v1-05297	AUTH-20_8-k1-2	ACP-021113	aut_hard	T5_moonshot	100k	20	true		
ac-v1-05298	INTLB-b3t-310-1	ACP-038764	interleaved_b	T1_easy	10k_final	33	true		
ac-v1-05299	MS-n6-wXXXYxxyxy	ACP-010406	ms_expanded	T4_frontier	100k	25	true		
ac-v1-05300	INTLB-b3t-912-1	ACP-046586	interleaved_b	T1_easy	10k_final	34	true		
ac-v1-05301	INTLB-b4-1467-1	ACP-037596	interleaved_b	T1_easy	10k_final	25	true		
ac-v1-05302	INTLB-b4-1013-0	ACP-038706	interleaved_b	T1_easy	10k_final	33	true		
ac-v1-05303	INTLB-b3t-397-1	ACP-037889	interleaved_b	T1_easy	10k_final	26	true		
ac-v1-05304	INTLB-b4-1337-0	ACP-042969	interleaved_b	T3_hard_solvable	100k	27	true		
ac-v1-05305	MS-n10-wYYYYYYYYYY	ACP-020483	ms_expanded	T0_warmup	10k_final	34	true		
ac-v1-05306	AUTH-21_25-k1-1	ACP-005667	aut_hard	T5_moonshot	100k	21	true		
ac-v1-05307	INTLB-b4-1447-1	ACP-041891	interleaved_b	T2_medium	100k	32	true		
ac-v1-05308	MS-n6-wYYxyXyy	ACP-007264	ms_expanded	T4_frontier	100k	23	false	open	580
ac-v1-05309	INTLB-b4-114-1	ACP-037278	interleaved_b	T3_hard_solvable	100k	27	true		
ac-v1-05310	INTLB-b3t-697-1	ACP-038365	interleaved_b	T1_easy	10k_final	27	true		
ac-v1-05311	INTLB-b3t-315-0	ACP-045908	interleaved_b	T1_easy	10k_final	27	true		
ac-v1-05312	AUTH-19_38-k1-0	ACP-009863	aut_hard	T5_moonshot	100k	19	true		
ac-v1-05313	INTLB-b3t-48-1	ACP-039194	interleaved_b	T2_medium	100k	31	true		
ac-v1-05314	INTLB-b4-1686-0	ACP-046412	interleaved_b	T3_hard_solvable	100k	19	true		
ac-v1-05315	INTLB-b4-1050-1	ACP-047091	interleaved_b	T1_easy	10k_final	24	true		
ac-v1-05316	INTLB-b4-1372-1	ACP-042373	interleaved_b	T1_easy	10k_final	29	true		
ac-v1-05317	AUTH-19_32-k1-3	ACP-025593	aut_hard	T5_moonshot	100k	27	true		
ac-v1-05318	MS-n8-wYYYYxYYXy	ACP-028405	ms_expanded	T1_easy	10k_final	29	true		
ac-v1-05319	MS-n3-wYxyyyXy	ACP-014976	ms_expanded	T5_moonshot	10k_final	17	false	open	1102
ac-v1-05320	MS-n10-wYYYYYYYY	ACP-004456	ms_expanded	T0_warmup	10k_final	32	true		
ac-v1-05321	INTLB-b4-3177-0	ACP-045191	interleaved_b	T2_medium	100k	21	true		
ac-v1-05322	INTLB-b3t-880-0	ACP-042917	interleaved_b	T1_easy	10k_final	35	true		
ac-v1-05323	INTLB-b4-2167-0	ACP-042170	interleaved_b	T2_medium	100k	27	true		
ac-v1-05324	INTLB-b4-1502-0	ACP-038987	interleaved_b	T1_easy	10k_final	22	true		
ac-v1-05325	MS-n4-wXXXyxxyxy	ACP-009980	ms_expanded	T4_frontier	100k	21	true		
ac-v1-05326	INTLB-b4-1412-0	ACP-044204	interleaved_b	T1_easy	10k_final	36	true		
ac-v1-05327	INTL-b2-295-1	ACP-028556	interleaved	T1_easy	10k_final	34	true		
ac-v1-05328	INTLB-b4-506-0	ACP-046770	interleaved_b	T2_medium	100k	33	true		
ac-v1-05329	INTLB-b4-764-1	ACP-044962	interleaved_b	T2_medium	100k	30	true		
ac-v1-05330	AUTH-24_4-k12-0	ACP-010576	aut_hard	T5_moonshot	100k	30	true		
ac-v1-05331	MS-n9-wXYYYYxy	ACP-012626	ms_expanded	T4_frontier	100k	29	true		
ac-v1-05332	INTLB-b4-2985-1	ACP-041007	interleaved_b	T2_medium	100k	29	true		
ac-v1-05333	INTLB-b4-2123-0	ACP-040808	interleaved_b	T3_hard_solvable	100k	30	true		
ac-v1-05334	INTLB-b3t-209-1	ACP-043027	interleaved_b	T2_medium	100k	32	true		
ac-v1-05335	MS-n5-wYXYxYY	ACP-030752	ms_expanded	T4_frontier	100k	20	true	open	229
ac-v1-05336	MS-n2-wXXXYxYxxY	ACP-016077	ms_expanded	T4_frontier	100k	17	true		
ac-v1-05337	INTLB-b4-2434-1	ACP-041107	interleaved_b	T2_medium	100k	21	true		
ac-v1-05338	INTLB-b4-2142-0	ACP-037974	interleaved_b	T3_hard_solvable	100k	31	true		
ac-v1-05339	MS-n7-wYxyyXy	ACP-000199	ms_expanded	T4_frontier	100k	24	true	open	217
ac-v1-05340	INTLB-b3t-288-0	ACP-039240	interleaved_b	T1_easy	10k_final	35	true		
ac-v1-05341	MS-n3-wXXXyxxxy	ACP-008995	ms_expanded	T4_frontier	100k	18	true		
ac-v1-05342	MS-n8-wYXyyyyxyy	ACP-028539	ms_expanded	T1_easy	10k_final	29	true		
ac-v1-05343	INTL-b2-275-1	ACP-008301	interleaved	T1_easy	10k_final	25	true		
ac-v1-05344	MS-n10-wXXXYYxxyxY	ACP-002360	ms_expanded	T4_frontier	100k	34	true		
ac-v1-05345	INTLB-b3t-152-1	ACP-044634	interleaved_b	T1_easy	10k_final	32	true		
ac-v1-05346	INTLB-b4-2042-1	ACP-045280	interleaved_b	T3_hard_solvable	100k	33	true		
ac-v1-05347	INTLB-b3t-605-0	ACP-040907	interleaved_b	T1_easy	10k_final	29	true		
ac-v1-05348	INTLB-b4-3-1	ACP-038740	interleaved_b	T3_hard_solvable	100k	31	true		
ac-v1-05349	MS-n6-wYXYXYxyxy	ACP-018892	ms_expanded	T5_moonshot	100k	25	true		
ac-v1-05350	INTLB-b4-1945-0	ACP-046024	interleaved_b	T3_hard_solvable	100k	33	true		
ac-v1-05351	MS-n9-wXXyxYYxy	ACP-030406	ms_expanded	T4_frontier	100k	30	true		
ac-v1-05352	MS-n8-wyxyXyy	ACP-017804	ms_expanded	T4_frontier	100k	26	true		
ac-v1-05353	INTLB-b4-1974-1	ACP-043996	interleaved_b	T1_easy	10k_final	33	true		
ac-v1-05354	AUTH-16_10-k1-0	ACP-020503	aut_hard	T5_moonshot	100k	17	true		
ac-v1-05355	MS-n6-wXYXYxxy	ACP-001537	ms_expanded	T4_frontier	100k	23	true	open	902
ac-v1-05356	MS-n8-wYxyXy	ACP-013520	ms_expanded	T2_medium	100k	25	true		
ac-v1-05357	MS-n8-wXyxxyXy	ACP-008407	ms_expanded	T4_frontier	100k	27	true		
ac-v1-05358	INTLB-b3t-596-0	ACP-039688	interleaved_b	T1_easy	10k_final	31	true		
ac-v1-05359	INTLB-b4-966-1	ACP-038980	interleaved_b	T2_medium	100k	33	true		
ac-v1-05360	INTLB-b3t-431-1	ACP-043498	interleaved_b	T1_easy	10k_final	36	true		
ac-v1-05361	MS-n8-wYYXyyyyxyy	ACP-036077	ms_expanded	T1_easy	10k_final	30	true		
ac-v1-05362	INTLB-b4-2785-0	ACP-046685	interleaved_b	T2_medium	100k	31	true		
ac-v1-05363	MS-n9-wyXyxYY	ACP-033022	ms_expanded	T4_frontier	100k	28	true		
ac-v1-05364	INTLB-b4-2049-0	ACP-040835	interleaved_b	T1_easy	10k_final	23	true		
ac-v1-05365	MS-n7-wXXyyyxxY	ACP-001897	ms_expanded	T4_frontier	100k	26	true		
ac-v1-05366	INTLB-b4-2705-0	ACP-038873	interleaved_b	T2_medium	100k	31	true		
ac-v1-05367	INTLB-b4-1361-1	ACP-038479	interleaved_b	T1_easy	10k_final	23	true		
ac-v1-05368	MS-n7-wYYXYYxYYYY	ACP-030554	ms_expanded	T1_easy	10k_final	28	true		
ac-v1-05369	MS-n5-wyyXyyyyxyy	ACP-035380	ms_expanded	T2_medium	100k	24	true		
ac-v1-05370	MS-n6-wYYXyxy	ACP-015188	ms_expanded	T5_moonshot	100k	22	true	open	349
ac-v1-05371	AUTH-21_8-k1-0	ACP-018177	aut_hard	T5_moonshot	100k	29	true		
ac-v1-05372	INTLB-b4-1280-0	ACP-042160	interleaved_b	T1_easy	10k_final	26	true		
ac-v1-05373	INTLB-b4-1-0	ACP-041199	interleaved_b	T3_hard_solvable	100k	31	true		
ac-v1-05374	INTLB-b4-2989-1	ACP-037793	interleaved_b	T2_medium	100k	24	true		
ac-v1-05375	INTLB-b3t-333-0	ACP-046753	interleaved_b	T1_easy	10k_final	30	true		
ac-v1-05376	MS-n8-wXXXYYxxxYY	ACP-018179	ms_expanded	T4_frontier	100k	30	true		
ac-v1-05377	INTLB-b3t-360-0	ACP-037368	interleaved_b	T1_easy	10k_final	26	true		
ac-v1-05378	INTLB-b4-1609-0	ACP-044589	interleaved_b	T2_medium	100k	31	true		
ac-v1-05379	MS-n2-wXXYYYxYxY	ACP-022537	ms_expanded	T4_frontier	100k	17	true		
ac-v1-05380	INTLB-b4-221-1	ACP-039486	interleaved_b	T1_easy	10k_final	33	true		
ac-v1-05381	INTLB-b4-2269-1	ACP-041130	interleaved_b	T2_medium	100k	23	true		
ac-v1-05382	INTLB-b3t-879-1	ACP-040890	interleaved_b	T1_easy	10k_final	27	true		
ac-v1-05383	INTLB-b4-277-0	ACP-045279	interleaved_b	T3_hard_solvable	100k	34	true		
ac-v1-05384	MS-n8-wXYxxYXy	ACP-011015	ms_expanded	T4_frontier	100k	27	true		
ac-v1-05385	AUTH-23_9-k0-0	ACP-026652	aut_hard	T5_moonshot	100k	23	true		
ac-v1-05386	INTLB-b4-246-0	ACP-046467	interleaved_b	T3_hard_solvable	100k	33	true		
ac-v1-05387	INTLB-b4-194-0	ACP-039566	interleaved_b	T1_easy	10k_final	30	true		
ac-v1-05388	INTLB-b3t-119-1	ACP-041229	interleaved_b	T3_hard_solvable	100k	26	true		
ac-v1-05389	INTL-b3-150-1	ACP-009205	interleaved	T1_easy	10k_final	33	true		
ac-v1-05390	INTLB-b3t-110-0	ACP-045924	interleaved_b	T1_easy	10k_final	33	true		
ac-v1-05391	INTLB-b4-2084-1	ACP-039939	interleaved_b	T2_medium	100k	30	true		
ac-v1-05392	INTL-b2-114-1	ACP-018731	interleaved	T1_easy	10k_final	30	true		
ac-v1-05393	INTL-b4-223-0	ACP-005432	interleaved	T0_warmup	10k_final	20	true		
ac-v1-05394	MS-n9-wXXyxxyy	ACP-018574	ms_expanded	T4_frontier	100k	29	true		
ac-v1-05395	INTLB-b3t-538-0	ACP-046710	interleaved_b	T1_easy	10k_final	24	true		
ac-v1-05396	MS-n10-wXXXYxxxy	ACP-013254	ms_expanded	T4_frontier	100k	32	true		
ac-v1-05397	INTLB-b4-2806-0	ACP-041741	interleaved_b	T2_medium	100k	31	true		
ac-v1-05398	MS-n6-wXXYYYYxxy	ACP-034535	ms_expanded	T4_frontier	100k	25	true		
ac-v1-05399	INTLB-b4-677-0	ACP-037741	interleaved_b	T3_hard_solvable	100k	27	true		
ac-v1-05400	INTL-b1-265-1	ACP-005446	interleaved	T1_easy	10k_final	35	true		
ac-v1-05401	MS-n8-wXXYYYxYxy	ACP-016636	ms_expanded	T4_frontier	100k	29	true		
ac-v1-05402	INTL-b4-0-0	ACP-030051	interleaved	T3_hard_solvable	100k	27	true		
ac-v1-05403	MS-n9-wXXYYxYxyy	ACP-024524	ms_expanded	T4_frontier	100k	31	true		
ac-v1-05404	MS-n8-wXYxxyXy	ACP-004212	ms_expanded	T4_frontier	100k	27	true		
ac-v1-05405	MS-n5-wYXYYxYYYY	ACP-036883	ms_expanded	T1_easy	10k_final	23	true		
ac-v1-05406	MS-n2-wXyyyxy	ACP-012042	ms_expanded	T1_easy	10k_final	14	true	uncertified	380
ac-v1-05407	INTL-b3-154-0	ACP-036070	interleaved	T1_easy	10k_final	32	true		
ac-v1-05408	INTLB-b4-1543-1	ACP-037983	interleaved_b	T1_easy	10k_final	31	true		
ac-v1-05409	INTLB-b3t-831-1	ACP-042407	interleaved_b	T1_easy	10k_final	32	true		
ac-v1-05410	INTLB-b3t-207-0	ACP-039730	interleaved_b	T1_easy	10k_final	31	true		
ac-v1-05411	MS-n5-wYYYYXYxy	ACP-015621	ms_expanded	T2_medium	100k	22	true		
ac-v1-05412	MS-n2-wXXXYxYxxy	ACP-021239	ms_expanded	T4_frontier	100k	17	true		
ac-v1-05413	MS-n10-wXyxxYXy	ACP-030390	ms_expanded	T4_frontier	100k	31	true		
ac-v1-05414	INTLB-b4-1164-1	ACP-044914	interleaved_b	T1_easy	10k_final	23	true		
ac-v1-05415	INTLB-b4-2196-1	ACP-041149	interleaved_b	T2_medium	100k	29	true		
ac-v1-05416	INTLB-b3t-79-0	ACP-044040	interleaved_b	T1_easy	10k_final	30	true		
ac-v1-05417	INTL-b2-118-1	ACP-011158	interleaved	T1_easy	10k_final	25	true		
ac-v1-05418	INTLB-b3t-153-0	ACP-039257	interleaved_b	T0_warmup	10k_final	34	true		
ac-v1-05419	AUTH-19_6-k1-2	ACP-007597	aut_hard	T5_moonshot	100k	27	true		
ac-v1-05420	MS-n4-wXXXYxxYxy	ACP-012967	ms_expanded	T4_frontier	100k	21	true		
ac-v1-05421	INTLB-b4-2138-1	ACP-041558	interleaved_b	T3_hard_solvable	100k	31	true		
ac-v1-05422	INTLB-b4-2065-0	ACP-045060	interleaved_b	T1_easy	10k_final	25	true		
ac-v1-05423	INTLB-b4-1126-0	ACP-043842	interleaved_b	T1_easy	10k_final	25	true		
ac-v1-05424	AUTH-23_10-k1-0	ACP-004704	aut_hard	T5_moonshot	100k	26	true		
ac-v1-05425	INTLB-b3t-368-1	ACP-038606	interleaved_b	T1_easy	10k_final	27	true		
ac-v1-05426	MS-n6-wXXXYYxyxxY	ACP-007518	ms_expanded	T4_frontier	100k	26	true		
ac-v1-05427	AUTH-17_41-k0-0	ACP-017464	aut_hard	T5_moonshot	100k	17	true		
ac-v1-05428	INTLB-b4-215-0	ACP-043015	interleaved_b	T1_easy	10k_final	29	true		
ac-v1-05429	INTLB-b3t-89-1	ACP-045750	interleaved_b	T3_hard_solvable	100k	23	true		
ac-v1-05430	INTLB-b4-382-0	ACP-042769	interleaved_b	T3_hard_solvable	100k	30	true		
ac-v1-05431	MS-n5-wXYxyxYXY	ACP-034669	ms_expanded	T5_moonshot	100k	22	true		
ac-v1-05432	MS-n10-wXXYYxxYY	ACP-003143	ms_expanded	T4_frontier	100k	32	true		
ac-v1-05433	INTLB-b4-1923-1	ACP-042979	interleaved_b	T1_easy	10k_final	21	true		
ac-v1-05434	MS-n3-wXYXyyyxyxY	ACP-028814	ms_expanded	T1_easy	10k_final	20	true		
ac-v1-05435	INTLB-b4-154-1	ACP-046336	interleaved_b	T1_easy	10k_final	23	true		
ac-v1-05436	INTLB-b4-3057-1	ACP-041487	interleaved_b	T3_hard_solvable	100k	30	true		
ac-v1-05437	MS-n8-wXXYxxyy	ACP-009591	ms_expanded	T4_frontier	100k	27	true		
ac-v1-05438	INTLB-b3t-202-0	ACP-044693	interleaved_b	T1_easy	10k_final	27	true		
ac-v1-05439	INTLB-b3t-606-1	ACP-039004	interleaved_b	T1_easy	10k_final	32	true		
ac-v1-05440	INTLB-b3t-220-1	ACP-038611	interleaved_b	T1_easy	10k_final	28	true		
ac-v1-05441	AUTH-AK(2)-k3-0	ACP-022259	aut_hard	T1_easy	10k_final	18	true		
ac-v1-05442	INTLB-b4-2160-0	ACP-045897	interleaved_b	T1_easy	10k_final	29	true		
ac-v1-05443	INTLB-b4-1516-0	ACP-039069	interleaved_b	T2_medium	100k	33	true		
ac-v1-05444	INTLB-b3t-736-1	ACP-043817	interleaved_b	T1_easy	10k_final	29	true		
ac-v1-05445	INTL-b3-115-0	ACP-002270	interleaved	T1_easy	10k_final	32	true		
ac-v1-05446	INTLB-b4-1948-0	ACP-046671	interleaved_b	T1_easy	10k_final	32	true		
ac-v1-05447	INTLB-b4-2220-0	ACP-045982	interleaved_b	T1_easy	10k_final	31	true		
ac-v1-05448	INTLB-b4-181-0	ACP-043702	interleaved_b	T1_easy	10k_final	33	true		
ac-v1-05449	MS-n6-wyyyXyyyxy	ACP-021458	ms_expanded	T2_medium	100k	25	true		
ac-v1-05450	MS-n3-wXXXyyxxxY	ACP-009748	ms_expanded	T4_frontier	100k	19	true		
ac-v1-05451	MS-n5-wYYXyyxyyyy	ACP-020303	ms_expanded	T1_easy	10k_final	24	true		
ac-v1-05452	INTL-b3-14-0	ACP-031243	interleaved	T1_easy	10k_final	19	true		
ac-v1-05453	INTLB-b4-311-0	ACP-038588	interleaved_b	T2_medium	100k	33	true		
ac-v1-05454	INTLB-b4-2847-0	ACP-045291	interleaved_b	T2_medium	100k	21	true		
ac-v1-05455	MS-n5-wYYxyXyy	ACP-012976	ms_expanded	T4_frontier	100k	21	true	open	579
ac-v1-05456	INTLB-b4-155-0	ACP-038771	interleaved_b	T1_easy	10k_final	28	true		
ac-v1-05457	MS-n4-wYYYXYxY	ACP-019932	ms_expanded	T5_moonshot	100k	19	false	open	774
ac-v1-05458	INTLB-b4-1153-0	ACP-043505	interleaved_b	T1_easy	10k_final	34	true		
ac-v1-05459	INTLB-b4-1079-1	ACP-043602	interleaved_b	T1_easy	10k_final	29	true		
ac-v1-05460	MS-n10-wXyyyyyxYYY	ACP-003928	ms_expanded	T1_easy	10k_final	34	true		
ac-v1-05461	INTLB-b4-1271-1	ACP-043214	interleaved_b	T1_easy	10k_final	31	true		
ac-v1-05462	AUTH-19_12-k1-1	ACP-025951	aut_hard	T5_moonshot	100k	25	true		
ac-v1-05463	INTLB-b4-24-0	ACP-037914	interleaved_b	T2_medium	100k	29	true		
ac-v1-05464	INTLB-b4-2774-1	ACP-047183	interleaved_b	T2_medium	100k	35	true		
ac-v1-05465	MS-n2-wXYxyXYxYY	ACP-004534	ms_expanded	T1_easy	10k_final	17	true		
ac-v1-05466	INTLB-b4-1054-0	ACP-038792	interleaved_b	T1_easy	10k_final	29	true		
ac-v1-05467	INTL-b4-297-0	ACP-010944	interleaved	T3_hard_solvable	100k	27	true		
ac-v1-05468	MS-n3-wXXyxxY	ACP-006916	ms_expanded	T4_frontier	100k	16	true	open	416
ac-v1-05469	INTLB-b4-1667-1	ACP-042712	interleaved_b	T1_easy	10k_final	19	true		
ac-v1-05470	MS-n10-wXXXXyxxxxy	ACP-029161	ms_expanded	T4_frontier	100k	34	true		
ac-v1-05471	INTLB-b3t-861-0	ACP-044260	interleaved_b	T1_easy	10k_final	26	true		
ac-v1-05472	INTLB-b4-297-1	ACP-038915	interleaved_b	T2_medium	100k	27	true		
ac-v1-05473	INTL-b3-11-0	ACP-006257	interleaved	T1_easy	10k_final	36	true		
ac-v1-05474	INTLB-b3t-276-0	ACP-044915	interleaved_b	T1_easy	10k_final	33	true		
ac-v1-05475	MS-n5-wXXXYYxyxxy	ACP-005653	ms_expanded	T4_frontier	100k	24	true		
ac-v1-05476	INTLB-b3t-296-0	ACP-043042	interleaved_b	T1_easy	10k_final	31	true		
ac-v1-05477	INTLB-b4-3031-0	ACP-046666	interleaved_b	T3_hard_solvable	100k	34	true		
ac-v1-05478	MS-n10-wXXYYxYxY	ACP-023378	ms_expanded	T4_frontier	100k	32	true		
ac-v1-05479	MS-n10-wXYXYYxxY	ACP-034127	ms_expanded	T4_frontier	100k	32	true		
ac-v1-05480	MS-n4-wXyxxyXy	ACP-023988	ms_expanded	T5_moonshot	100k	19	false	open	767
ac-v1-05481	MS-n2-wXYxyxYXy	ACP-015439	ms_expanded	T4_frontier	100k	16	true		
ac-v1-05482	MS-n7-wXXXYYxxxy	ACP-019162	ms_expanded	T4_frontier	100k	27	true		
ac-v1-05483	INTLB-b4-150-1	ACP-046584	interleaved_b	T1_easy	10k_final	33	true		
ac-v1-05484	INTLB-b3t-405-0	ACP-040586	interleaved_b	T1_easy	10k_final	34	true		
ac-v1-05485	INTLB-b3t-173-0	ACP-046012	interleaved_b	T1_easy	10k_final	34	true		
ac-v1-05486	INTLB-b3t-480-1	ACP-039833	interleaved_b	T1_easy	10k_final	33	true		
ac-v1-05487	MS-n2-wXYYxYXYxY	ACP-026597	ms_expanded	T1_easy	10k_final	17	true		
ac-v1-05488	INTLB-b4-2113-0	ACP-039250	interleaved_b	T1_easy	10k_final	29	true		
ac-v1-05489	INTL-b4-122-1	ACP-014377	interleaved	T1_easy	10k_final	33	true		
ac-v1-05490	AUTH-25_12-k1-0	ACP-021598	aut_hard	T5_moonshot	100k	39	true		
ac-v1-05491	AUTH-18_2-k12-0	ACP-025158	aut_hard	T5_moonshot	100k	37	true		
ac-v1-05492	MS-n10-wXXyyxxy	ACP-013599	ms_expanded	T4_frontier	100k	31	true		
ac-v1-05493	AUTH-21_19-k1-0	ACP-030642	aut_hard	T5_moonshot	100k	21	true		
ac-v1-05494	INTLB-b4-435-1	ACP-042518	interleaved_b	T2_medium	100k	23	true		
ac-v1-05495	MS-n10-wXyxyy	ACP-003306	ms_expanded	T4_frontier	100k	29	true		
ac-v1-05496	INTLB-b4-1367-0	ACP-046866	interleaved_b	T1_easy	10k_final	29	true		
ac-v1-05497	INTLB-b4-1869-1	ACP-041799	interleaved_b	T1_easy	10k_final	30	true		
ac-v1-05498	INTLB-b4-2230-1	ACP-039513	interleaved_b	T1_easy	10k_final	29	true		
ac-v1-05499	AUTH-16_5-k1-1	ACP-023562	aut_hard	T5_moonshot	100k	16	true		
ac-v1-05500	INTLB-b4-1461-1	ACP-037289	interleaved_b	T1_easy	10k_final	25	true		
ac-v1-05501	INTLB-b3t-471-0	ACP-043730	interleaved_b	T1_easy	10k_final	33	true		
ac-v1-05502	MS-n10-wYXYxYY	ACP-024039	ms_expanded	T4_frontier	100k	30	true		
ac-v1-05503	AUTH-23_13-k1-1	ACP-003124	aut_hard	T5_moonshot	100k	23	true		
ac-v1-05504	INTLB-b4-441-1	ACP-046640	interleaved_b	T3_hard_solvable	100k	22	true		
ac-v1-05505	MS-n4-wYXyyyxy	ACP-026314	ms_expanded	T1_easy	10k_final	19	true	uncertified	613
ac-v1-05506	INTLB-b4-1162-0	ACP-046033	interleaved_b	T1_easy	10k_final	29	true		
ac-v1-05507	MS-n8-wXXYYxYxyy	ACP-034970	ms_expanded	T4_frontier	100k	29	true		
ac-v1-05508	INTLB-b3t-444-0	ACP-038407	interleaved_b	T1_easy	10k_final	36	true		
ac-v1-05509	AUTH-25_5-k1-1	ACP-016633	aut_hard	T5_moonshot	100k	39	true		
ac-v1-05510	INTLB-b4-167-1	ACP-040505	interleaved_b	T1_easy	10k_final	23	true		
ac-v1-05511	MS-n7-wXYxYYYY	ACP-019656	ms_expanded	T1_easy	10k_final	25	true	uncertified	854
ac-v1-05512	AUTH-17_30-k0-0	ACP-025786	aut_hard	T5_moonshot	100k	17	true		
ac-v1-05513	INTLB-b4-1838-0	ACP-044645	interleaved_b	T1_easy	10k_final	18	true		
ac-v1-05514	INTLB-b4-213-1	ACP-039887	interleaved_b	T2_medium	100k	34	true		
ac-v1-05515	INTLB-b4-3958-1	ACP-042179	interleaved_b	T2_medium	100k	34	true		
ac-v1-05516	INTLB-b3t-428-1	ACP-038461	interleaved_b	T1_easy	10k_final	29	true		
ac-v1-05517	INTLB-b3t-526-0	ACP-041703	interleaved_b	T1_easy	10k_final	32	true		
ac-v1-05518	MS-n4-wYYYXyxy	ACP-007281	ms_expanded	T5_moonshot	10k_final	19	false	open	508
ac-v1-05519	MS-n9-wXXyxyyxy	ACP-025211	ms_expanded	T4_frontier	100k	30	true		
ac-v1-05520	INTLB-b3t-865-0	ACP-041463	interleaved_b	T1_easy	10k_final	26	true		
ac-v1-05521	MS-n4-wYYxYYXy	ACP-019084	ms_expanded	T1_easy	10k_final	19	true	uncertified	1138
ac-v1-05522	MS-n5-wYXyyxyyyy	ACP-017927	ms_expanded	T1_easy	10k_final	23	true		
ac-v1-05523	INTLB-b4-1135-1	ACP-043565	interleaved_b	T1_easy	10k_final	33	true		
ac-v1-05524	INTLB-b3t-200-0	ACP-039031	interleaved_b	T2_medium	100k	24	true		
ac-v1-05525	INTLB-b4-1743-0	ACP-039282	interleaved_b	T1_easy	10k_final	25	true		
ac-v1-05526	INTLB-b4-2132-0	ACP-039403	interleaved_b	T1_easy	10k_final	24	true		
ac-v1-05527	INTLB-b4-2638-0	ACP-039844	interleaved_b	T2_medium	100k	28	true		
ac-v1-05528	INTLB-b4-2975-0	ACP-042525	interleaved_b	T2_medium	100k	35	true		
ac-v1-05529	INTLB-b3t-325-1	ACP-037353	interleaved_b	T1_easy	10k_final	28	true		
ac-v1-05530	INTLB-b4-1787-0	ACP-043840	interleaved_b	T1_easy	10k_final	36	true		
ac-v1-05531	INTLB-b4-1131-1	ACP-043227	interleaved_b	T1_easy	10k_final	24	true		
ac-v1-05532	MS-n9-wYYYYYYYYY	ACP-022385	ms_expanded	T0_warmup	10k_final	31	true		
ac-v1-05533	INTLB-b4-119-0	ACP-042836	interleaved_b	T2_medium	100k	29	true		
ac-v1-05534	INTLB-b4-1458-1	ACP-037386	interleaved_b	T1_easy	10k_final	34	true		
ac-v1-05535	INTLB-b4-2453-1	ACP-043020	interleaved_b	T3_hard_solvable	100k	34	true		
ac-v1-05536	INTLB-b4-1233-0	ACP-037788	interleaved_b	T1_easy	10k_final	33	true		
ac-v1-05537	INTLB-b4-2464-1	ACP-038935	interleaved_b	T3_hard_solvable	100k	31	true		
ac-v1-05538	MS-n5-wXYYYxyy	ACP-027061	ms_expanded	T4_frontier	100k	21	true	open	873
ac-v1-05539	INTLB-b4-2747-0	ACP-037703	interleaved_b	T2_medium	100k	27	true		
ac-v1-05540	INTLB-b4-1212-0	ACP-043761	interleaved_b	T1_easy	10k_final	33	true		
ac-v1-05541	INTL-b4-225-1	ACP-018787	interleaved	T2_medium	100k	29	true		
ac-v1-05542	INTL-b2-227-0	ACP-026046	interleaved	T1_easy	10k_final	34	true		
ac-v1-05543	INTLB-b3t-850-1	ACP-040234	interleaved_b	T1_easy	10k_final	30	true		
ac-v1-05544	INTLB-b3t-769-0	ACP-043657	interleaved_b	T1_easy	10k_final	26	true		
ac-v1-05545	INTLB-b4-2118-1	ACP-037937	interleaved_b	T1_easy	10k_final	29	true		
ac-v1-05546	INTLB-b4-388-0	ACP-040889	interleaved_b	T2_medium	100k	20	true		
ac-v1-05547	INTLB-b4-2110-1	ACP-041436	interleaved_b	T1_easy	10k_final	23	true		
ac-v1-05548	INTLB-b3t-182-0	ACP-039651	interleaved_b	T1_easy	10k_final	31	true		
ac-v1-05549	INTLB-b4-171-1	ACP-039620	interleaved_b	T1_easy	10k_final	16	true		
ac-v1-05550	INTLB-b4-1354-0	ACP-039011	interleaved_b	T2_medium	100k	29	true		
ac-v1-05551	INTLB-b3t-893-0	ACP-046035	interleaved_b	T1_easy	10k_final	31	true		
ac-v1-05552	INTLB-b4-145-0	ACP-038966	interleaved_b	T1_easy	10k_final	33	true		
ac-v1-05553	MS-n5-wXXyyxyxy	ACP-024168	ms_expanded	T4_frontier	100k	22	true		
ac-v1-05554	INTLB-b3t-299-1	ACP-046847	interleaved_b	T1_easy	10k_final	29	true		
ac-v1-05555	MS-n2-wXXYYYxxyy	ACP-029999	ms_expanded	T4_frontier	100k	17	true		
ac-v1-05556	INTLB-b3t-874-1	ACP-042235	interleaved_b	T1_easy	10k_final	30	true		
ac-v1-05557	MS-n6-wXXYYxYxYY	ACP-003598	ms_expanded	T4_frontier	100k	25	true		
ac-v1-05558	INTL-b3-13-1	ACP-015490	interleaved	T0_warmup	10k_final	27	true		
ac-v1-05559	MS-n6-wYxyXy	ACP-030318	ms_expanded	T1_easy	10k_final	21	true	uncertified	97
ac-v1-05560	MS-n10-wXXXYYxxYxY	ACP-011784	ms_expanded	T4_frontier	100k	34	true		
ac-v1-05561	INTL-b1-199-0	ACP-032371	interleaved	T1_easy	10k_final	21	true		
ac-v1-05562	INTLB-b3t-123-1	ACP-038315	interleaved_b	T2_medium	100k	35	true		
ac-v1-05563	INTLB-b3t-793-0	ACP-043718	interleaved_b	T1_easy	10k_final	29	true		
ac-v1-05564	MS-n6-wYYXYYxyy	ACP-022506	ms_expanded	T1_easy	10k_final	24	true		
ac-v1-05565	INTLB-b4-2695-1	ACP-039684	interleaved_b	T3_hard_solvable	100k	33	true		
ac-v1-05566	INTLB-b3t-507-1	ACP-044303	interleaved_b	T1_easy	10k_final	28	true		
ac-v1-05567	INTLB-b4-2022-1	ACP-044055	interleaved_b	T2_medium	100k	31	true		
ac-v1-05568	INTLB-b4-1430-1	ACP-042381	interleaved_b	T1_easy	10k_final	34	true		
ac-v1-05569	MS-n7-wXXyxYxyy	ACP-017333	ms_expanded	T4_frontier	100k	26	true		
ac-v1-05570	INTL-b4-62-1	ACP-029862	interleaved	T3_hard_solvable	100k	33	true		
ac-v1-05571	INTLB-b3t-786-0	ACP-040718	interleaved_b	T1_easy	10k_final	25	true		
ac-v1-05572	MS-n3-wXXXYxyxyxY	ACP-036014	ms_expanded	T4_frontier	100k	20	true		
ac-v1-05573	INTL-b2-242-0	ACP-035575	interleaved	T1_easy	10k_final	21	true		
ac-v1-05574	INTLB-b4-523-0	ACP-043437	interleaved_b	T3_hard_solvable	100k	26	true		
ac-v1-05575	INTL-b4-117-1	ACP-020889	interleaved	T2_medium	100k	22	true		
ac-v1-05576	INTLB-b4-2635-0	ACP-041333	interleaved_b	T2_medium	100k	26	true		
ac-v1-05577	INTLB-b4-1767-0	ACP-044806	interleaved_b	T2_medium	100k	27	true		
ac-v1-05578	INTL-b2-108-1	ACP-012672	interleaved	T0_warmup	10k_final	33	true		
ac-v1-05579	INTLB-b4-3039-0	ACP-045417	interleaved_b	T2_medium	100k	27	true		
ac-v1-05580	INTL-b4-153-1	ACP-011417	interleaved	T1_easy	10k_final	30	true		
ac-v1-05581	MS-n3-wXXXXyxxxxy	ACP-008753	ms_expanded	T4_frontier	100k	20	true		
ac-v1-05582	MS-n7-wYYYXyxy	ACP-032948	ms_expanded	T5_moonshot	100k	25	false	open	511
ac-v1-05583	INTLB-b4-3266-1	ACP-041733	interleaved_b	T3_hard_solvable	100k	25	true		
ac-v1-05584	INTLB-b4-1321-0	ACP-039425	interleaved_b	T2_medium	100k	21	true		
ac-v1-05585	MS-n10-wYYXyyyyyxy	ACP-031470	ms_expanded	T2_medium	100k	34	true		
ac-v1-05586	MS-n5-wXYxy	ACP-002625	ms_expanded	T1_easy	10k_final	18	true	uncertified	54
ac-v1-05587	INTLB-b4-3194-0	ACP-039736	interleaved_b	T2_medium	100k	26	true		
ac-v1-05588	INTLB-b4-2995-0	ACP-043468	interleaved_b	T2_medium	100k	32	true		
ac-v1-05589	AUTH-19_8-k1-2	ACP-012509	aut_hard	T5_moonshot	100k	19	true		
ac-v1-05590	INTLB-b4-3951-1	ACP-039681	interleaved_b	T3_hard_solvable	100k	33	true		
ac-v1-05591	INTLB-b3t-425-1	ACP-038819	interleaved_b	T1_easy	10k_final	25	true		
ac-v1-05592	INTLB-b4-1776-0	ACP-045284	interleaved_b	T1_easy	10k_final	23	true		
ac-v1-05593	MS-n4-wXXXYxyxxyy	ACP-011532	ms_expanded	T4_frontier	100k	22	true		
ac-v1-05594	INTLB-b4-2075-0	ACP-046398	interleaved_b	T1_easy	10k_final	32	true		
ac-v1-05595	INTLB-b3t-731-0	ACP-042162	interleaved_b	T1_easy	10k_final	26	true		
ac-v1-05596	MS-n10-wXYXyxxy	ACP-004432	ms_expanded	T4_frontier	100k	31	true		
ac-v1-05597	MS-n7-wXXXYxxxy	ACP-009453	ms_expanded	T4_frontier	100k	26	true		
ac-v1-05598	MS-n4-wyXyyxyy	ACP-014652	ms_expanded	T1_easy	10k_final	19	true	uncertified	662
ac-v1-05599	MS-n6-wXXXYYxYxxY	ACP-023610	ms_expanded	T4_frontier	100k	26	true		
ac-v1-05600	INTLB-b4-1142-0	ACP-046625	interleaved_b	T1_easy	10k_final	27	true		
ac-v1-05601	AUTH-25_2-k1-0	ACP-012555	aut_hard	T5_moonshot	100k	37	true		
ac-v1-05602	INTLB-b4-1834-1	ACP-043820	interleaved_b	T1_easy	10k_final	25	true		
ac-v1-05603	MS-n6-wXXXyxYxxY	ACP-036929	ms_expanded	T4_frontier	100k	25	true		
ac-v1-05604	MS-n6-wXyyxyyyy	ACP-026752	ms_expanded	T2_medium	100k	24	true		
ac-v1-05605	INTLB-b3t-732-0	ACP-046442	interleaved_b	T1_easy	10k_final	27	true		
ac-v1-05606	INTLB-b3t-424-1	ACP-039117	interleaved_b	T1_easy	10k_final	31	true		
ac-v1-05607	MS-n7-wYYXYxYYYY	ACP-036428	ms_expanded	T1_easy	10k_final	27	true		
ac-v1-05608	MS-n6-wXXXXYxxxxy	ACP-001447	ms_expanded	T4_frontier	100k	26	true		
ac-v1-05609	MS-n7-wXXXYxxYxyy	ACP-000408	ms_expanded	T4_frontier	100k	28	true		
ac-v1-05610	INTLB-b4-2064-1	ACP-041078	interleaved_b	T1_easy	10k_final	31	true		
ac-v1-05611	MS-n8-wXXXYxxyyxy	ACP-024334	ms_expanded	T4_frontier	100k	30	true		
ac-v1-05612	INTLB-b4-1734-1	ACP-044867	interleaved_b	T3_hard_solvable	100k	23	true		
ac-v1-05613	MS-n3-wYYYXYxy	ACP-012270	ms_expanded	T1_easy	10k_final	17	true	uncertified	1179
ac-v1-05614	INTLB-b4-1043-1	ACP-038721	interleaved_b	T1_easy	10k_final	31	true		
ac-v1-05615	INTLB-b3t-380-0	ACP-044129	interleaved_b	T1_easy	10k_final	33	true		
ac-v1-05616	MS-n3-wXyxxyXy	ACP-024336	ms_expanded	T5_moonshot	100k	17	false	open	766
ac-v1-05617	INTLB-b4-1003-0	ACP-041630	interleaved_b	T1_easy	10k_final	29	true		
ac-v1-05618	MS-n2-wXXYXYxxxY	ACP-018540	ms_expanded	T4_frontier	100k	17	true		
ac-v1-05619	MS-n9-wyXyyxy	ACP-000763	ms_expanded	T4_frontier	100k	28	true		
ac-v1-05620	INTLB-b4-2643-0	ACP-041189	interleaved_b	T2_medium	100k	24	true		
ac-v1-05621	INTLB-b3t-761-0	ACP-044082	interleaved_b	T1_easy	10k_final	31	true		
ac-v1-05622	INTLB-b4-601-0	ACP-039500	interleaved_b	T3_hard_solvable	100k	31	true		
ac-v1-05623	AUTH-23_6-k1-0	ACP-008252	aut_hard	T5_moonshot	100k	23	true		
ac-v1-05624	INTLB-b4-1398-0	ACP-043841	interleaved_b	T3_hard_solvable	100k	31	true		
ac-v1-05625	MS-n10-wYYYYYYYYY	ACP-016900	ms_expanded	T0_warmup	10k_final	33	true		
ac-v1-05626	INTLB-b4-848-0	ACP-041922	interleaved_b	T2_medium	100k	29	true		
ac-v1-05627	INTLB-b3t-350-1	ACP-044896	interleaved_b	T1_easy	10k_final	29	true		
ac-v1-05628	INTLB-b4-36-1	ACP-043709	interleaved_b	T2_medium	100k	31	true		
ac-v1-05629	INTLB-b4-2636-0	ACP-039471	interleaved_b	T2_medium	100k	36	true		
ac-v1-05630	INTL-b2-168-0	ACP-005036	interleaved	T1_easy	10k_final	35	true		
ac-v1-05631	MS-n5-wXXXYxxyxY	ACP-010640	ms_expanded	T4_frontier	100k	23	true		
ac-v1-05632	INTLB-b4-31-0	ACP-038736	interleaved_b	T3_hard_solvable	100k	32	true		
ac-v1-05633	MS-n6-wXXXYxyxxy	ACP-025521	ms_expanded	T4_frontier	100k	25	true		
ac-v1-05634	INTL-b2-22-0	ACP-037207	interleaved	T1_easy	10k_final	36	true		
ac-v1-05635	MS-n4-wXXXYYYxxxy	ACP-026515	ms_expanded	T4_frontier	100k	22	true		
ac-v1-05636	MS-n10-wXXyyxYxY	ACP-016762	ms_expanded	T4_frontier	100k	32	true		
ac-v1-05637	INTLB-b4-1731-1	ACP-037296	interleaved_b	T3_hard_solvable	100k	25	true		
ac-v1-05638	INTLB-b3t-124-0	ACP-037389	interleaved_b	T1_easy	10k_final	32	true		
ac-v1-05639	INTLB-b3t-397-0	ACP-041399	interleaved_b	T1_easy	10k_final	27	true		
ac-v1-05640	INTLB-b4-2436-0	ACP-046786	interleaved_b	T2_medium	100k	25	true		
ac-v1-05641	INTL-b2-203-1	ACP-026894	interleaved	T1_easy	10k_final	33	true		
ac-v1-05642	INTLB-b4-1988-0	ACP-039226	interleaved_b	T3_hard_solvable	100k	36	true		
ac-v1-05643	AUTH-21_26-k1-0	ACP-024421	aut_hard	T5_moonshot	100k	21	true		
ac-v1-05644	INTLB-b3t-285-1	ACP-043668	interleaved_b	T1_easy	10k_final	27	true		
ac-v1-05645	MS-n9-wXXyxxY	ACP-023843	ms_expanded	T4_frontier	100k	28	true		
ac-v1-05646	INTLB-b3t-873-0	ACP-038473	interleaved_b	T1_easy	10k_final	25	true		
ac-v1-05647	INTLB-b4-50-1	ACP-040503	interleaved_b	T3_hard_solvable	100k	33	true		
ac-v1-05648	MS-n2-wXXYxyyxY	ACP-029043	ms_expanded	T4_frontier	100k	16	true		
ac-v1-05649	MS-n10-wXXyxYYxY	ACP-023911	ms_expanded	T4_frontier	100k	32	true		
ac-v1-05650	INTLB-b4-833-0	ACP-043603	interleaved_b	T2_medium	100k	33	true		
ac-v1-05651	MS-n4-wXXYxxYYY	ACP-001609	ms_expanded	T4_frontier	100k	20	true		
ac-v1-05652	MS-n8-wXyyxyy	ACP-035321	ms_expanded	T4_frontier	100k	26	true		
ac-v1-05653	MS-n4-wXYYxy	ACP-025334	ms_expanded	T0_warmup	10k_final	17	true	uncertified	207
ac-v1-05654	MS-n5-wXyxYY	ACP-003203	ms_expanded	T1_easy	10k_final	19	true	uncertified	138
ac-v1-05655	INTLB-b4-2517-0	ACP-037858	interleaved_b	T2_medium	100k	22	true		
ac-v1-05656	INTLB-b4-1301-1	ACP-037325	interleaved_b	T1_easy	10k_final	30	true		
ac-v1-05657	INTLB-b4-2518-1	ACP-043323	interleaved_b	T2_medium	100k	32	true		
ac-v1-05658	MS-n8-wXyyyyxYY	ACP-026082	ms_expanded	T1_easy	10k_final	28	true		
ac-v1-05659	MS-n5-wYXYYYxyyyy	ACP-033830	ms_expanded	T1_easy	10k_final	24	true		
ac-v1-05660	INTLB-b4-1406-0	ACP-040646	interleaved_b	T2_medium	100k	21	true		
ac-v1-05661	INTLB-b4-1615-0	ACP-044176	interleaved_b	T1_easy	10k_final	26	true		
ac-v1-05662	INTLB-b4-3187-0	ACP-038793	interleaved_b	T2_medium	100k	32	true		
ac-v1-05663	INTLB-b4-1799-0	ACP-042241	interleaved_b	T1_easy	10k_final	31	true		
ac-v1-05664	INTLB-b4-3017-0	ACP-043639	interleaved_b	T2_medium	100k	29	true		
ac-v1-05665	INTLB-b3t-508-0	ACP-038142	interleaved_b	T1_easy	10k_final	32	true		
ac-v1-05666	INTL-b4-8-0	ACP-033210	interleaved	T3_hard_solvable	100k	25	true		
ac-v1-05667	INTL-b4-225-0	ACP-016539	interleaved	T2_medium	100k	23	true		
ac-v1-05668	INTL-b3-12-1	ACP-033671	interleaved	T0_warmup	10k_final	36	true		
ac-v1-05669	INTLB-b4-2039-0	ACP-046648	interleaved_b	T1_easy	10k_final	23	true		
ac-v1-05670	MS-n6-wYYXYYxyyy	ACP-020658	ms_expanded	T1_easy	10k_final	25	true		
ac-v1-05671	MS-n7-wXXXYYxxYxY	ACP-019394	ms_expanded	T4_frontier	100k	28	true		
ac-v1-05672	MS-n8-wXXYxYYxY	ACP-010872	ms_expanded	T4_frontier	100k	28	true		
ac-v1-05673	INTLB-b3t-437-1	ACP-038494	interleaved_b	T1_easy	10k_final	31	true		
ac-v1-05674	INTLB-b4-659-0	ACP-039350	interleaved_b	T2_medium	100k	31	true		
ac-v1-05675	MS-n2-wXXXYxyxYxY	ACP-001906	ms_expanded	T4_frontier	100k	18	true		
ac-v1-05676	MS-n6-wXXyyxxYY	ACP-012974	ms_expanded	T4_frontier	100k	24	true		
ac-v1-05677	INTLB-b4-1234-1	ACP-039175	interleaved_b	T1_easy	10k_final	31	true		
ac-v1-05678	MS-n6-wXXXYxxxyyy	ACP-027489	ms_expanded	T4_frontier	100k	26	true		
ac-v1-05679	MS-n5-wXyyyyyyxY	ACP-002083	ms_expanded	T2_medium	100k	23	true		
ac-v1-05680	INTLB-b4-1959-0	ACP-040909	interleaved_b	T1_easy	10k_final	19	true		
ac-v1-05681	INTLB-b4-822-1	ACP-040104	interleaved_b	T3_hard_solvable	100k	24	true		
ac-v1-05682	MS-n3-wXXyxxyyyy	ACP-031425	ms_expanded	T1_easy	10k_final	19	true		
ac-v1-05683	MS-n4-wXXXyxYxxy	ACP-033767	ms_expanded	T4_frontier	100k	21	true		
ac-v1-05684	INTLB-b3t-281-1	ACP-037587	interleaved_b	T1_easy	10k_final	25	true		
ac-v1-05685	INTLB-b4-244-1	ACP-040953	interleaved_b	T2_medium	100k	31	true		
ac-v1-05686	INTLB-b3t-946-0	ACP-041284	interleaved_b	T1_easy	10k_final	25	true		
ac-v1-05687	INTLB-b3t-487-1	ACP-040065	interleaved_b	T1_easy	10k_final	35	true		
ac-v1-05688	INTLB-b3t-424-0	ACP-043947	interleaved_b	T1_easy	10k_final	28	true		
ac-v1-05689	INTLB-b3t-726-1	ACP-044261	interleaved_b	T1_easy	10k_final	33	true		
ac-v1-05690	INTLB-b3t-690-0	ACP-046022	interleaved_b	T1_easy	10k_final	29	true		
ac-v1-05691	INTLB-b4-87-1	ACP-046729	interleaved_b	T3_hard_solvable	100k	25	true		
ac-v1-05692	INTLB-b3t-295-0	ACP-038065	interleaved_b	T1_easy	10k_final	25	true		
ac-v1-05693	INTL-b3-167-1	ACP-033732	interleaved	T1_easy	10k_final	26	true		
ac-v1-05694	MS-n9-wXXYYYxYxY	ACP-032488	ms_expanded	T4_frontier	100k	31	true		
ac-v1-05695	MS-n4-wXXYYYxxY	ACP-014498	ms_expanded	T4_frontier	100k	20	true		
ac-v1-05696	INTL-b3-138-0	ACP-034659	interleaved	T1_easy	10k_final	34	true		
ac-v1-05697	INTLB-b4-1188-0	ACP-041124	interleaved_b	T1_easy	10k_final	23	true		
ac-v1-05698	MS-n10-wXyyxYY	ACP-012554	ms_expanded	T4_frontier	100k	30	true		
ac-v1-05699	INTL-b4-191-1	ACP-022625	interleaved	T1_easy	10k_final	36	true		
ac-v1-05700	INTLB-b4-1190-1	ACP-037979	interleaved_b	T1_easy	10k_final	21	true		
ac-v1-05701	INTLB-b3t-788-1	ACP-039044	interleaved_b	T1_easy	10k_final	23	true		
ac-v1-05702	MS-n8-wYXyyyyxYY	ACP-017657	ms_expanded	T0_warmup	10k_final	29	true		
ac-v1-05703	MS-n3-wXYxYY	ACP-027369	ms_expanded	T0_warmup	10k_final	15	true	uncertified	115
ac-v1-05704	INTLB-b4-1564-1	ACP-039337	interleaved_b	T1_easy	10k_final	34	true		
ac-v1-05705	INTLB-b4-2601-1	ACP-037692	interleaved_b	T3_hard_solvable	100k	28	true		
ac-v1-05706	INTLB-b4-1114-1	ACP-043086	interleaved_b	T1_easy	10k_final	35	true		
ac-v1-05707	MS-n6-wYXYXYYxyxy	ACP-005195	ms_expanded	T5_moonshot	100k	26	true		
ac-v1-05708	INTLB-b3t-141-0	ACP-038163	interleaved_b	T1_easy	10k_final	30	true		
ac-v1-05709	INTLB-b3t-619-0	ACP-037424	interleaved_b	T1_easy	10k_final	24	true		
ac-v1-05710	AUTH-16_7-k1-1	ACP-034721	aut_hard	T5_moonshot	100k	15	true		
ac-v1-05711	INTLB-b4-1523-0	ACP-042802	interleaved_b	T1_easy	10k_final	28	true		
ac-v1-05712	MS-n8-wXyyyyxY	ACP-023424	ms_expanded	T1_easy	10k_final	27	true		
ac-v1-05713	INTLB-b4-1342-0	ACP-038180	interleaved_b	T3_hard_solvable	100k	35	true		
ac-v1-05714	INTLB-b4-3230-0	ACP-045355	interleaved_b	T3_hard_solvable	100k	23	true		
ac-v1-05715	INTLB-b3t-818-1	ACP-041806	interleaved_b	T1_easy	10k_final	30	true		
ac-v1-05716	MS-n9-wXXyxyxyy	ACP-034375	ms_expanded	T4_frontier	100k	30	true		
ac-v1-05717	INTLB-b4-1990-0	ACP-038693	interleaved_b	T1_easy	10k_final	33	true		
ac-v1-05718	INTLB-b3t-253-0	ACP-042835	interleaved_b	T1_easy	10k_final	24	true		
ac-v1-05719	MS-n3-wXXXyxyxxy	ACP-034778	ms_expanded	T4_frontier	100k	19	true		
ac-v1-05720	INTLB-b4-1335-1	ACP-044705	interleaved_b	T3_hard_solvable	100k	31	true		
ac-v1-05721	MS-n5-wXYxyyyy	ACP-018724	ms_expanded	T4_frontier	100k	21	true	open	831
ac-v1-05722	INTLB-b4-1421-0	ACP-045612	interleaved_b	T2_medium	100k	31	true		
ac-v1-05723	INTLB-b4-2325-1	ACP-037761	interleaved_b	T2_medium	100k	34	true		
ac-v1-05724	MS-n8-wXXXYxYxxyy	ACP-031143	ms_expanded	T4_frontier	100k	30	true		
ac-v1-05725	INTLB-b3t-475-1	ACP-042480	interleaved_b	T1_easy	10k_final	31	true		
ac-v1-05726	INTLB-b3t-472-0	ACP-043391	interleaved_b	T1_easy	10k_final	23	true		
ac-v1-05727	MS-n3-wXXXYxYYxxY	ACP-026124	ms_expanded	T4_frontier	100k	20	true		
ac-v1-05728	MS-n2-wXyxYXyxY	ACP-016534	ms_expanded	T1_easy	10k_final	16	true		
ac-v1-05729	INTLB-b4-2431-0	ACP-046596	interleaved_b	T2_medium	100k	23	true		
ac-v1-05730	INTL-b4-131-0	ACP-028397	interleaved	T1_easy	10k_final	16	true		
ac-v1-05731	INTLB-b3t-204-1	ACP-044119	interleaved_b	T0_warmup	10k_final	31	true		
ac-v1-05732	MS-n4-wXXXYxxxYY	ACP-021463	ms_expanded	T4_frontier	100k	21	true		
ac-v1-05733	INTLB-b3t-59-0	ACP-044299	interleaved_b	T1_easy	10k_final	27	true		
ac-v1-05734	MS-n7-wYYXYxYY	ACP-014431	ms_expanded	T4_frontier	100k	25	true	open	966
ac-v1-05735	AUTH-23_19-k0-0	ACP-022877	aut_hard	T5_moonshot	100k	23	true		
ac-v1-05736	MS-n5-wXXXyxxxYY	ACP-029190	ms_expanded	T4_frontier	100k	23	true		
ac-v1-05737	INTLB-b3t-195-1	ACP-041371	interleaved_b	T3_hard_solvable	100k	28	true		
ac-v1-05738	INTLB-b4-2461-1	ACP-040430	interleaved_b	T3_hard_solvable	100k	32	true		
ac-v1-05739	INTLB-b4-653-0	ACP-046531	interleaved_b	T3_hard_solvable	100k	27	true		
ac-v1-05740	INTL-b3-130-0	ACP-010410	interleaved	T0_warmup	10k_final	27	true		
ac-v1-05741	MS-n5-wYXYYYxy	ACP-017587	ms_expanded	T4_frontier	100k	21	true	open	817
ac-v1-05742	MS-n5-wXXXYxyxxy	ACP-005525	ms_expanded	T4_frontier	100k	23	true		
ac-v1-05743	AUTH-15_8-k1-3	ACP-016254	aut_hard	T5_moonshot	100k	15	true		
ac-v1-05744	INTL-b4-153-0	ACP-018930	interleaved	T2_medium	100k	31	true		
ac-v1-05745	AUTH-22_3-k0-0	ACP-034387	aut_hard	T5_moonshot	100k	22	true		
ac-v1-05746	MS-n7-wXXYXyxxxY	ACP-014952	ms_expanded	T4_frontier	100k	27	true		
ac-v1-05747	INTLB-b4-3064-1	ACP-041758	interleaved_b	T2_medium	100k	25	true		
ac-v1-05748	MS-n8-wXXXYYxYxxy	ACP-026111	ms_expanded	T4_frontier	100k	30	true		
ac-v1-05749	AUTH-17_8-k1-2	ACP-026064	aut_hard	T5_moonshot	100k	17	true		
ac-v1-05750	INTLB-b4-507-1	ACP-039861	interleaved_b	T2_medium	100k	29	true		
ac-v1-05751	INTLB-b4-1025-0	ACP-042952	interleaved_b	T1_easy	10k_final	22	true		
ac-v1-05752	INTLB-b4-2849-0	ACP-044795	interleaved_b	T2_medium	100k	34	true		
ac-v1-05753	INTLB-b4-1236-0	ACP-046321	interleaved_b	T1_easy	10k_final	31	true		
ac-v1-05754	MS-n6-wYXyxY	ACP-026416	ms_expanded	T1_easy	10k_final	21	true	uncertified	181
ac-v1-05755	INTL-b4-10-1	ACP-006229	interleaved	T1_easy	10k_final	33	true		
ac-v1-05756	INTLB-b4-2253-0	ACP-037720	interleaved_b	T2_medium	100k	29	true		
ac-v1-05757	INTLB-b4-109-0	ACP-044813	interleaved_b	T1_easy	10k_final	25	true		
ac-v1-05758	MS-n7-wYYYXyxYYYY	ACP-000392	ms_expanded	T1_easy	10k_final	28	true		
ac-v1-05759	INTLB-b3t-645-1	ACP-043658	interleaved_b	T1_easy	10k_final	31	true		
ac-v1-05760	MS-n2-wXXXYxyxYxy	ACP-028075	ms_expanded	T4_frontier	100k	18	true		
ac-v1-05761	AUTH-25_17-k1-2	ACP-017316	aut_hard	T5_moonshot	100k	25	true		
ac-v1-05762	MS-n2-wXXyxYxy	ACP-032920	ms_expanded	T4_frontier	100k	15	true	open	1045
ac-v1-05763	INTLB-b4-2393-0	ACP-046512	interleaved_b	T2_medium	100k	33	true		
ac-v1-05764	AUTH-19_9-k1-2	ACP-022240	aut_hard	T5_moonshot	100k	19	true		
ac-v1-05765	MS-n10-wyyyyy	ACP-020902	ms_expanded	T0_warmup	10k_final	29	true		
ac-v1-05766	INTLB-b4-546-0	ACP-040839	interleaved_b	T2_medium	100k	35	true		
ac-v1-05767	MS-n9-wXXYxYYxy	ACP-020760	ms_expanded	T4_frontier	100k	30	true		
ac-v1-05768	INTLB-b4-470-0	ACP-040085	interleaved_b	T3_hard_solvable	100k	28	true		
ac-v1-05769	INTL-b4-14-0	ACP-026143	interleaved	T1_easy	10k_final	33	true		
ac-v1-05770	INTLB-b4-2015-1	ACP-045629	interleaved_b	T1_easy	10k_final	31	true		
ac-v1-05771	INTLB-b4-2004-1	ACP-042080	interleaved_b	T2_medium	100k	33	true		
ac-v1-05772	INTL-b4-134-0	ACP-003138	interleaved	T1_easy	10k_final	23	true		
ac-v1-05773	INTLB-b4-1026-1	ACP-047055	interleaved_b	T1_easy	10k_final	27	true		
ac-v1-05774	INTL-b3-169-1	ACP-015152	interleaved	T1_easy	10k_final	19	true		
ac-v1-05775	INTLB-b3t-852-1	ACP-046440	interleaved_b	T1_easy	10k_final	30	true		
ac-v1-05776	AUTH-19_35-k0-0	ACP-030964	aut_hard	T5_moonshot	100k	19	true		
ac-v1-05777	INTLB-b4-1729-1	ACP-040030	interleaved_b	T3_hard_solvable	100k	30	true		
ac-v1-05778	MS-n3-wXXXYYxYxxY	ACP-030259	ms_expanded	T4_frontier	100k	20	true		
ac-v1-05779	INTLB-b3t-243-0	ACP-038999	interleaved_b	T1_easy	10k_final	29	true		
ac-v1-05780	MS-n4-wXXYxxyy	ACP-013302	ms_expanded	T5_moonshot	100k	19	false	open	928
ac-v1-05781	MS-n2-wXXXYxyxyxY	ACP-018490	ms_expanded	T4_frontier	100k	18	true		
ac-v1-05782	INTLB-b4-672-1	ACP-038071	interleaved_b	T3_hard_solvable	100k	25	true		
ac-v1-05783	INTLB-b4-2033-0	ACP-044963	interleaved_b	T2_medium	100k	27	true		
ac-v1-05784	MS-n5-wYYYXyxyyyy	ACP-035127	ms_expanded	T1_easy	10k_final	24	true		
ac-v1-05785	INTLB-b4-2787-0	ACP-038514	interleaved_b	T3_hard_solvable	100k	25	true		
ac-v1-05786	INTL-b3-166-0	ACP-008358	interleaved	T1_easy	10k_final	23	true		
ac-v1-05787	AUTH-25_27-k1-3	ACP-018889	aut_hard	T5_moonshot	100k	39	true		
ac-v1-05788	INTL-b3-119-1	ACP-002288	interleaved	T1_easy	10k_final	18	true		
ac-v1-05789	INTLB-b3t-19-0	ACP-042513	interleaved_b	T1_easy	10k_final	30	true		
ac-v1-05790	MS-n10-wXYYxYYY	ACP-005941	ms_expanded	T4_frontier	100k	31	true		
ac-v1-05791	INTLB-b4-1207-0	ACP-043876	interleaved_b	T1_easy	10k_final	26	true		
ac-v1-05792	INTLB-b4-2359-1	ACP-038136	interleaved_b	T2_medium	100k	33	true		
ac-v1-05793	INTLB-b3t-8-1	ACP-043395	interleaved_b	T1_easy	10k_final	33	true		
ac-v1-05794	INTL-b4-145-1	ACP-018737	interleaved	T1_easy	10k_final	29	true		
ac-v1-05795	INTLB-b4-602-1	ACP-042959	interleaved_b	T3_hard_solvable	100k	35	true		
ac-v1-05796	AUTH-21_13-k1-1	ACP-019460	aut_hard	T5_moonshot	100k	21	true		
ac-v1-05797	MS-n10-wXyxxyXy	ACP-003553	ms_expanded	T4_frontier	100k	31	true		
ac-v1-05798	INTLB-b4-91-0	ACP-038182	interleaved_b	T2_medium	100k	33	true		
ac-v1-05799	INTLB-b4-1373-0	ACP-042461	interleaved_b	T1_easy	10k_final	27	true		
ac-v1-05800	INTLB-b4-2054-1	ACP-043710	interleaved_b	T1_easy	10k_final	33	true		
ac-v1-05801	INTLB-b4-616-1	ACP-042962	interleaved_b	T3_hard_solvable	100k	33	true		
ac-v1-05802	MS-n6-wyxYXyy	ACP-028726	ms_expanded	T2_medium	100k	22	true	uncertified	314
ac-v1-05803	INTLB-b3t-75-0	ACP-037237	interleaved_b	T1_easy	10k_final	33	true		
ac-v1-05804	INTLB-b4-165-0	ACP-037522	interleaved_b	T2_medium	100k	31	true		
ac-v1-05805	MS-n4-wYxyXyy	ACP-009414	ms_expanded	T1_easy	10k_final	18	true	uncertified	298
ac-v1-05806	MS-n5-wyxYYXyyy	ACP-012508	ms_expanded	T2_medium	100k	22	true		
ac-v1-05807	INTL-b4-299-0	ACP-006480	interleaved	T3_hard_solvable	100k	27	true		
ac-v1-05808	AUTH-21_15-k12-0	ACP-023468	aut_hard	T5_moonshot	100k	37	true		
ac-v1-05809	MS-n8-wXXyxyyxy	ACP-010771	ms_expanded	T4_frontier	100k	28	true		
ac-v1-05810	INTL-b4-110-1	ACP-005054	interleaved	T1_easy	10k_final	19	true		
ac-v1-05811	MS-n2-wXYXyxxY	ACP-020170	ms_expanded	T5_moonshot	100k	15	false	open	1038
ac-v1-05812	INTLB-b4-641-0	ACP-038433	interleaved_b	T3_hard_solvable	100k	22	true		
ac-v1-05813	INTLB-b3t-172-0	ACP-039668	interleaved_b	T3_hard_solvable	100k	34	true		
ac-v1-05814	MS-n10-wXXXYxxxYYY	ACP-024494	ms_expanded	T4_frontier	100k	34	true		
ac-v1-05815	INTLB-b4-622-0	ACP-046533	interleaved_b	T2_medium	100k	31	true		
ac-v1-05816	INTLB-b3t-619-1	ACP-042347	interleaved_b	T1_easy	10k_final	33	true		
ac-v1-05817	INTLB-b3t-408-0	ACP-043237	interleaved_b	T1_easy	10k_final	16	true		
ac-v1-05818	INTL-b4-120-0	ACP-005807	interleaved	T0_warmup	10k_final	25	true		
ac-v1-05819	MS-n6-wXXyyxyxy	ACP-005750	ms_expanded	T4_frontier	100k	24	true		
ac-v1-05820	MS-n2-wXXyXYYxxxY	ACP-002540	ms_expanded	T1_easy	10k_final	18	true		
ac-v1-05821	INTLB-b4-1243-0	ACP-040321	interleaved_b	T1_easy	10k_final	21	true		
ac-v1-05822	MS-n3-wXXyxxYYY	ACP-002229	ms_expanded	T4_frontier	100k	18	true		
ac-v1-05823	INTLB-b4-284-1	ACP-042317	interleaved_b	T2_medium	100k	29	true		
ac-v1-05824	INTLB-b3t-876-1	ACP-038894	interleaved_b	T1_easy	10k_final	33	true		
ac-v1-05825	MS-n5-wXyxyyyyy	ACP-017055	ms_expanded	T2_medium	100k	22	true		
ac-v1-05826	INTLB-b4-705-0	ACP-046661	interleaved_b	T2_medium	100k	32	true		
ac-v1-05827	AUTH-25_16-k1-3	ACP-005567	aut_hard	T5_moonshot	100k	39	true		
ac-v1-05828	MS-n5-wyXyyyyyyxY	ACP-035944	ms_expanded	T2_medium	100k	24	true		
ac-v1-05829	INTLB-b4-168-0	ACP-037529	interleaved_b	T1_easy	10k_final	27	true		
ac-v1-05830	INTLB-b4-2449-0	ACP-041105	interleaved_b	T2_medium	100k	26	true		
ac-v1-05831	INTLB-b4-3260-0	ACP-042931	interleaved_b	T2_medium	100k	33	true		
ac-v1-05832	INTLB-b4-527-0	ACP-041363	interleaved_b	T2_medium	100k	29	true		
ac-v1-05833	INTLB-b4-502-0	ACP-039774	interleaved_b	T2_medium	100k	33	true		
ac-v1-05834	INTLB-b4-2705-1	ACP-044147	interleaved_b	T2_medium	100k	32	true		
ac-v1-05835	INTLB-b4-1220-1	ACP-042919	interleaved_b	T1_easy	10k_final	31	true		
ac-v1-05836	INTLB-b3t-842-0	ACP-044167	interleaved_b	T1_easy	10k_final	29	true		
ac-v1-05837	AUTH-22_6-k0-0	ACP-036912	aut_hard	T5_moonshot	100k	22	true		
ac-v1-05838	AUTH-21_21-k1-2	ACP-018362	aut_hard	T5_moonshot	100k	21	true		
ac-v1-05839	MS-n7-wYXyyyxY	ACP-014828	ms_expanded	T4_frontier	100k	25	true	open	637
ac-v1-05840	INTLB-b3t-746-0	ACP-044941	interleaved_b	T1_easy	10k_final	31	true		
ac-v1-05841	INTL-b3-104-0	ACP-000294	interleaved	T1_easy	10k_final	27	true		
ac-v1-05842	INTLB-b3t-269-1	ACP-039700	interleaved_b	T1_easy	10k_final	31	true		
ac-v1-05843	INTLB-b4-3273-1	ACP-041784	interleaved_b	T3_hard_solvable	100k	29	true		
ac-v1-05844	INTLB-b3t-129-0	ACP-043525	interleaved_b	T1_easy	10k_final	26	true		
ac-v1-05845	MS-n6-wXXXYxyxYxy	ACP-029686	ms_expanded	T4_frontier	100k	26	true		
ac-v1-05846	INTLB-b4-1925-0	ACP-046591	interleaved_b	T3_hard_solvable	100k	35	true		
ac-v1-05847	INTLB-b4-2773-0	ACP-043844	interleaved_b	T2_medium	100k	31	true		
ac-v1-05848	AUTH-25_26-k1-1	ACP-025007	aut_hard	T5_moonshot	100k	37	true		
ac-v1-05849	MS-n7-wXXXYYxxyxY	ACP-024476	ms_expanded	T4_frontier	100k	28	true		
ac-v1-05850	MS-n3-wXYXYYxxY	ACP-027514	ms_expanded	T4_frontier	100k	18	true		
ac-v1-05851	INTLB-b3t-916-1	ACP-039071	interleaved_b	T1_easy	10k_final	32	true		
ac-v1-05852	AUTH-18_1-k1-1	ACP-006632	aut_hard	T5_moonshot	100k	25	true		
ac-v1-05853	MS-n6-wXXYxxY	ACP-030582	ms_expanded	T5_moonshot	100k	22	true	open	356
ac-v1-05854	MS-n10-wXXYYxYYxY	ACP-018130	ms_expanded	T4_frontier	100k	33	true		
ac-v1-05855	INTLB-b3t-747-1	ACP-044208	interleaved_b	T2_medium	100k	35	true		
ac-v1-05856	AUTH-16_8-k1-0	ACP-028730	aut_hard	T5_moonshot	100k	16	true		
ac-v1-05857	INTLB-b4-1528-1	ACP-037654	interleaved_b	T1_easy	10k_final	32	true		
ac-v1-05858	INTLB-b3t-223-0	ACP-046441	interleaved_b	T1_easy	10k_final	31	true		
ac-v1-05859	INTLB-b4-2424-0	ACP-037837	interleaved_b	T2_medium	100k	31	true		
ac-v1-05860	MS-n6-wXXXYxYYxxy	ACP-034406	ms_expanded	T4_frontier	100k	26	true		
ac-v1-05861	INTLB-b3t-541-1	ACP-046413	interleaved_b	T3_hard_solvable	100k	33	true		
ac-v1-05862	INTLB-b3t-713-0	ACP-039808	interleaved_b	T1_easy	10k_final	31	true		
ac-v1-05863	MS-n7-wXXXyxxxy	ACP-018321	ms_expanded	T4_frontier	100k	26	true		
ac-v1-05864	INTL-b4-113-1	ACP-037164	interleaved	T2_medium	100k	33	true		
ac-v1-05865	MS-n4-wXXYxYYxy	ACP-022351	ms_expanded	T4_frontier	100k	20	true		
ac-v1-05866	INTLB-b3t-457-1	ACP-046192	interleaved_b	T1_easy	10k_final	24	true		
ac-v1-05867	INTLB-b4-1770-1	ACP-038634	interleaved_b	T2_medium	100k	31	true		
ac-v1-05868	MS-n5-wYxyXyyy	ACP-026153	ms_expanded	T1_easy	10k_final	21	true	uncertified	642
ac-v1-05869	INTLB-b4-1288-1	ACP-042128	interleaved_b	T1_easy	10k_final	25	true		
ac-v1-05870	INTLB-b4-1408-0	ACP-044463	interleaved_b	T1_easy	10k_final	34	true		
ac-v1-05871	INTLB-b4-1863-0	ACP-037740	interleaved_b	T1_easy	10k_final	26	true		
ac-v1-05872	INTLB-b3t-730-0	ACP-041322	interleaved_b	T2_medium	100k	31	true		
ac-v1-05873	INTL-b1-140-0	ACP-031095	interleaved	T1_easy	10k_final	34	true		
ac-v1-05874	INTLB-b4-1108-1	ACP-040127	interleaved_b	T1_easy	10k_final	29	true		
ac-v1-05875	AUTH-17_27-k1-1	ACP-033408	aut_hard	T5_moonshot	100k	21	true		
ac-v1-05876	MS-n7-wyxYXyy	ACP-009387	ms_expanded	T2_medium	100k	24	true	uncertified	315
ac-v1-05877	INTLB-b4-3217-0	ACP-042101	interleaved_b	T3_hard_solvable	100k	29	true		
ac-v1-05878	MS-n2-wXYXYxxyy	ACP-015424	ms_expanded	T4_frontier	100k	16	true		
ac-v1-05879	AUTH-25_7-k12-0	ACP-029745	aut_hard	T5_moonshot	100k	35	true		
ac-v1-05880	MS-n7-wYXYYYxY	ACP-013933	ms_expanded	T4_frontier	100k	25	true	open	826
ac-v1-05881	AUTH-25_7-k1-3	ACP-019151	aut_hard	T5_moonshot	100k	25	true		
ac-v1-05882	AUTH-20_3-k1-1	ACP-022018	aut_hard	T5_moonshot	100k	29	true		
ac-v1-05883	INTLB-b4-2707-1	ACP-043016	interleaved_b	T3_hard_solvable	100k	31	true		
ac-v1-05884	MS-n9-wXXXYxxxy	ACP-001048	ms_expanded	T4_frontier	100k	30	true		
ac-v1-05885	MS-n5-wXYYYYxy	ACP-003329	ms_expanded	T5_moonshot	100k	21	false	open	887
ac-v1-05886	INTLB-b4-1563-0	ACP-040548	interleaved_b	T1_easy	10k_final	21	true		
ac-v1-05887	INTLB-b4-692-0	ACP-047083	interleaved_b	T2_medium	100k	25	true		
ac-v1-05888	AUTH-21_38-k1-0	ACP-024463	aut_hard	T5_moonshot	100k	23	true		
ac-v1-05889	INTLB-b3t-158-0	ACP-037649	interleaved_b	T1_easy	10k_final	25	true		
ac-v1-05890	INTLB-b3t-725-0	ACP-037283	interleaved_b	T1_easy	10k_final	25	true		
ac-v1-05891	INTLB-b3t-33-0	ACP-041522	interleaved_b	T1_easy	10k_final	28	true		
ac-v1-05892	INTLB-b4-1938-0	ACP-041389	interleaved_b	T3_hard_solvable	100k	30	true		
ac-v1-05893	INTL-b4-18-0	ACP-016874	interleaved	T1_easy	10k_final	20	true		
ac-v1-05894	MS-n3-wXYxxYXY	ACP-025866	ms_expanded	T5_moonshot	100k	17	false	open	843
ac-v1-05895	INTLB-b4-1932-1	ACP-043523	interleaved_b	T2_medium	100k	27	true		
ac-v1-05896	INTL-b1-103-0	ACP-004562	interleaved	T0_warmup	10k_final	31	true		
ac-v1-05897	MS-n7-wXYYYYxy	ACP-029058	ms_expanded	T4_frontier	100k	25	true	open	889
ac-v1-05898	INTLB-b3t-723-1	ACP-047179	interleaved_b	T1_easy	10k_final	25	true		
ac-v1-05899	INTLB-b4-586-1	ACP-039744	interleaved_b	T3_hard_solvable	100k	32	true		
ac-v1-05900	INTLB-b3t-655-1	ACP-040584	interleaved_b	T1_easy	10k_final	32	true		
ac-v1-05901	INTLB-b4-1338-0	ACP-038253	interleaved_b	T3_hard_solvable	100k	27	true		
ac-v1-05902	MS-n9-wXXXYxYxyxY	ACP-016896	ms_expanded	T4_frontier	100k	32	true		
ac-v1-05903	AUTH-23_22-k1-0	ACP-016786	aut_hard	T5_moonshot	100k	29	true		
ac-v1-05904	AUTH-22_10-k1-1	ACP-012640	aut_hard	T5_moonshot	100k	22	true		
ac-v1-05905	INTLB-b4-182-0	ACP-042965	interleaved_b	T1_easy	10k_final	24	true		
ac-v1-05906	INTLB-b4-2093-0	ACP-040439	interleaved_b	T1_easy	10k_final	28	true		
ac-v1-05907	INTLB-b4-1560-1	ACP-046125	interleaved_b	T1_easy	10k_final	31	true		
ac-v1-05908	INTLB-b3t-491-0	ACP-047073	interleaved_b	T1_easy	10k_final	31	true		
ac-v1-05909	INTLB-b4-1603-0	ACP-042504	interleaved_b	T1_easy	10k_final	21	true		
ac-v1-05910	INTLB-b3t-663-0	ACP-044189	interleaved_b	T1_easy	10k_final	32	true		
ac-v1-05911	INTL-b1-150-0	ACP-024870	interleaved	T1_easy	10k_final	24	true		
ac-v1-05912	MS-n4-wXXXYYxxyxY	ACP-023889	ms_expanded	T4_frontier	100k	22	true		
ac-v1-05913	MS-n4-wXYXyxxY	ACP-032523	ms_expanded	T5_moonshot	100k	19	false	open	1040
ac-v1-05914	MS-n6-wYXYxyyy	ACP-031576	ms_expanded	T4_frontier	100k	23	true	open	1175
ac-v1-05915	INTL-b4-188-0	ACP-002264	interleaved	T2_medium	100k	22	true		
ac-v1-05916	AUTH-22_11-k1-0	ACP-031563	aut_hard	T5_moonshot	100k	27	true		
ac-v1-05917	INTLB-b4-2714-0	ACP-041531	interleaved_b	T2_medium	100k	35	true		
ac-v1-05918	INTLB-b4-3957-0	ACP-047206	interleaved_b	T2_medium	100k	29	true		
ac-v1-05919	INTLB-b3t-803-0	ACP-044684	interleaved_b	T3_hard_solvable	100k	35	true		
ac-v1-05920	INTLB-b3t-945-0	ACP-037750	interleaved_b	T1_easy	10k_final	26	true		
ac-v1-05921	AUTH-19_50-k0-0	ACP-025718	aut_hard	T5_moonshot	100k	19	true		
ac-v1-05922	INTLB-b3t-256-1	ACP-043526	interleaved_b	T1_easy	10k_final	29	true		
ac-v1-05923	INTLB-b4-2965-1	ACP-039359	interleaved_b	T2_medium	100k	34	true		
ac-v1-05924	MS-n3-wXXyxYxY	ACP-013870	ms_expanded	T5_moonshot	100k	17	false	open	1053
ac-v1-05925	MS-n9-wXyxxyXY	ACP-001138	ms_expanded	T4_frontier	100k	29	true		
ac-v1-05926	INTLB-b4-1005-1	ACP-044520	interleaved_b	T0_warmup	10k_final	35	true		
ac-v1-05927	INTLB-b4-2196-0	ACP-041803	interleaved_b	T2_medium	100k	33	true		
ac-v1-05928	AUTH-17_17-k1-2	ACP-006227	aut_hard	T5_moonshot	100k	17	true		
ac-v1-05929	INTLB-b3t-235-0	ACP-038674	interleaved_b	T1_easy	10k_final	33	true		
ac-v1-05930	INTLB-b4-3045-0	ACP-038896	interleaved_b	T2_medium	100k	33	true		
ac-v1-05931	MS-n6-wYYYxYYXy	ACP-037015	ms_expanded	T1_easy	10k_final	24	true		
ac-v1-05932	AUTH-14_2-k0-0	ACP-010548	aut_hard	T5_moonshot	10k_final	14	true		
ac-v1-05933	INTLB-b4-1046-1	ACP-039136	interleaved_b	T1_easy	10k_final	22	true		
ac-v1-05934	MS-n5-wXXXYxYxYxy	ACP-029361	ms_expanded	T4_frontier	100k	24	true		
ac-v1-05935	INTLB-b4-15-0	ACP-042035	interleaved_b	T1_easy	10k_final	28	true		
ac-v1-05936	INTLB-b3t-376-0	ACP-044737	interleaved_b	T1_easy	10k_final	29	true		
ac-v1-05937	INTLB-b4-1041-0	ACP-044892	interleaved_b	T1_easy	10k_final	33	true		
ac-v1-05938	MS-n3-wYYxyXyy	ACP-004144	ms_expanded	T5_moonshot	10k_final	17	false	open	577
ac-v1-05939	INTLB-b3t-753-0	ACP-040189	interleaved_b	T2_medium	100k	31	true		
ac-v1-05940	INTLB-b3t-354-0	ACP-042414	interleaved_b	T1_easy	10k_final	25	true		
ac-v1-05941	AUTH-19_17-k1-0	ACP-008543	aut_hard	T5_moonshot	100k	19	true		
ac-v1-05942	INTLB-b3t-250-1	ACP-044535	interleaved_b	T1_easy	10k_final	28	true		
ac-v1-05943	INTLB-b3t-800-0	ACP-038818	interleaved_b	T1_easy	10k_final	18	true		
ac-v1-05944	INTLB-b4-1434-1	ACP-041677	interleaved_b	T2_medium	100k	32	true		
ac-v1-05945	AUTH-17_16-k1-0	ACP-000432	aut_hard	T5_moonshot	100k	23	true		
ac-v1-05946	INTLB-b4-1579-0	ACP-047068	interleaved_b	T1_easy	10k_final	29	true		
ac-v1-05947	INTL-b2-286-0	ACP-030200	interleaved	T1_easy	10k_final	29	true		
ac-v1-05948	INTLB-b4-1409-0	ACP-046762	interleaved_b	T1_easy	10k_final	27	true		
ac-v1-05949	INTLB-b4-577-0	ACP-039554	interleaved_b	T2_medium	100k	30	true		
ac-v1-05950	INTLB-b4-1511-1	ACP-038243	interleaved_b	T2_medium	100k	35	true		
ac-v1-05951	INTLB-b4-1488-0	ACP-046854	interleaved_b	T1_easy	10k_final	33	true		
ac-v1-05952	MS-n2-wXXXYxyxxY	ACP-021323	ms_expanded	T4_frontier	100k	17	true		
ac-v1-05953	MS-n5-wYxYXyyy	ACP-030400	ms_expanded	T4_frontier	100k	21	true	open	649
ac-v1-05954	MS-n2-wXYxYXYxyy	ACP-035767	ms_expanded	T1_easy	10k_final	17	true		
ac-v1-05955	MS-n8-wXYYYYxyy	ACP-015414	ms_expanded	T1_easy	10k_final	28	true		
ac-v1-05956	INTLB-b4-513-0	ACP-046813	interleaved_b	T3_hard_solvable	100k	27	true		
ac-v1-05957	INTLB-b4-1391-1	ACP-043372	interleaved_b	T1_easy	10k_final	32	true		
ac-v1-05958	INTLB-b4-2079-0	ACP-037264	interleaved_b	T1_easy	10k_final	24	true		
ac-v1-05959	INTLB-b4-831-0	ACP-040920	interleaved_b	T2_medium	100k	31	true		
ac-v1-05960	INTLB-b4-1640-0	ACP-042212	interleaved_b	T1_easy	10k_final	26	true		
ac-v1-05961	INTLB-b4-1909-1	ACP-046173	interleaved_b	T1_easy	10k_final	30	true		
ac-v1-05962	INTLB-b4-2771-0	ACP-038774	interleaved_b	T2_medium	100k	27	true		
ac-v1-05963	MS-n2-wXXyXYxxxY	ACP-031736	ms_expanded	T4_frontier	100k	17	true		
ac-v1-05964	INTLB-b3t-144-1	ACP-037667	interleaved_b	T1_easy	10k_final	34	true		
ac-v1-05965	INTL-b4-174-0	ACP-020705	interleaved	T1_easy	10k_final	23	true		
ac-v1-05966	INTLB-b4-1950-0	ACP-043912	interleaved_b	T2_medium	100k	29	true		
ac-v1-05967	INTLB-b4-1872-0	ACP-042872	interleaved_b	T2_medium	100k	36	true		
ac-v1-05968	INTLB-b3t-327-1	ACP-038692	interleaved_b	T1_easy	10k_final	31	true		
ac-v1-05969	INTLB-b4-2192-1	ACP-040829	interleaved_b	T3_hard_solvable	100k	36	true		
ac-v1-05970	INTLB-b4-2137-1	ACP-045232	interleaved_b	T1_easy	10k_final	31	true		
ac-v1-05971	INTLB-b4-2926-1	ACP-043826	interleaved_b	T3_hard_solvable	100k	33	true		
ac-v1-05972	INTLB-b4-1732-0	ACP-041248	interleaved_b	T3_hard_solvable	100k	23	true		
ac-v1-05973	INTLB-b4-1722-1	ACP-041143	interleaved_b	T1_easy	10k_final	29	true		
ac-v1-05974	INTLB-b4-1924-1	ACP-042369	interleaved_b	T2_medium	100k	34	true		
ac-v1-05975	INTLB-b4-1521-0	ACP-038907	interleaved_b	T1_easy	10k_final	25	true		
ac-v1-05976	MS-n2-wXXXYYYxxxy	ACP-011736	ms_expanded	T4_frontier	100k	18	true		
ac-v1-05977	INTLB-b4-2019-1	ACP-042787	interleaved_b	T1_easy	10k_final	29	true		
ac-v1-05978	INTLB-b3t-529-1	ACP-044811	interleaved_b	T1_easy	10k_final	30	true		
ac-v1-05979	INTLB-b4-2208-1	ACP-043145	interleaved_b	T2_medium	100k	35	true		
ac-v1-05980	MS-n7-wYYXyxy	ACP-014583	ms_expanded	T5_moonshot	100k	24	false	open	350
ac-v1-05981	INTLB-b4-108-1	ACP-042423	interleaved_b	T1_easy	10k_final	31	true		
ac-v1-05982	MS-n10-wXXyyxyxy	ACP-000946	ms_expanded	T4_frontier	100k	32	true		
ac-v1-05983	MS-n3-wYYxyXy	ACP-011931	ms_expanded	T5_moonshot	10k_final	16	false	open	304
ac-v1-05984	INTLB-b4-1705-0	ACP-041898	interleaved_b	T1_easy	10k_final	29	true		
ac-v1-05985	AUTH-22_10-k1-0	ACP-025368	aut_hard	T5_moonshot	100k	29	true		
ac-v1-05986	AUTH-21_17-k1-2	ACP-007773	aut_hard	T5_moonshot	100k	21	true		
ac-v1-05987	MS-n4-wXyXyyyyxxy	ACP-023101	ms_expanded	T1_easy	10k_final	22	true		
ac-v1-05988	INTLB-b4-2026-0	ACP-046174	interleaved_b	T2_medium	100k	16	true		
ac-v1-05989	INTLB-b3t-718-1	ACP-037960	interleaved_b	T1_easy	10k_final	34	true		
ac-v1-05990	INTLB-b4-1903-0	ACP-047092	interleaved_b	T3_hard_solvable	100k	29	true		
ac-v1-05991	INTLB-b3t-353-0	ACP-038779	interleaved_b	T1_easy	10k_final	29	true		
ac-v1-05992	INTLB-b4-550-0	ACP-037770	interleaved_b	T2_medium	100k	35	true		
ac-v1-05993	MS-n7-wXYxYY	ACP-020399	ms_expanded	T4_frontier	100k	23	true	open	119
ac-v1-05994	INTLB-b4-1387-1	ACP-047204	interleaved_b	T1_easy	10k_final	31	true		
ac-v1-05995	INTLB-b4-193-1	ACP-039097	interleaved_b	T1_easy	10k_final	35	true		
ac-v1-05996	AUTH-19_52-k0-0	ACP-010252	aut_hard	T5_moonshot	100k	19	true		
ac-v1-05997	INTLB-b3t-667-1	ACP-040886	interleaved_b	T1_easy	10k_final	30	true		
ac-v1-05998	MS-n4-wXXXYYxYxxy	ACP-004177	ms_expanded	T4_frontier	100k	22	true		
ac-v1-05999	MS-n4-wXXXyxxxyy	ACP-007962	ms_expanded	T4_frontier	100k	21	true		
ac-v1-06000	INTLB-b4-1689-0	ACP-043646	interleaved_b	T3_hard_solvable	100k	27	true		
ac-v1-06001	MS-n7-wXYXYxyxy	ACP-008838	ms_expanded	T5_moonshot	100k	26	true		
ac-v1-06002	INTLB-b4-2557-0	ACP-045337	interleaved_b	T2_medium	100k	25	true		
ac-v1-06003	AUTH-23_18-k12-0	ACP-036043	aut_hard	T5_moonshot	100k	35	true		
ac-v1-06004	INTLB-b4-664-0	ACP-040957	interleaved_b	T2_medium	100k	33	true		
ac-v1-06005	MS-n5-wYYXYYxyy	ACP-009725	ms_expanded	T1_easy	10k_final	22	true		
ac-v1-06006	MS-n8-wyXyyxY	ACP-030787	ms_expanded	T4_frontier	100k	26	true		
ac-v1-06007	INTLB-b3t-215-0	ACP-043527	interleaved_b	T1_easy	10k_final	33	true		
ac-v1-06008	AUTH-15_12-k1-0	ACP-014726	aut_hard	T5_moonshot	100k	18	true		
ac-v1-06009	INTLB-b4-1661-0	ACP-046341	interleaved_b	T1_easy	10k_final	33	true		
ac-v1-06010	MS-n4-wXYYYxYYYY	ACP-011013	ms_expanded	T5_moonshot	10k_final	21	true		
ac-v1-06011	AUTH-17_28-k1-0	ACP-023509	aut_hard	T5_moonshot	100k	21	true		
ac-v1-06012	MS-n10-wXXyyxxY	ACP-000382	ms_expanded	T4_frontier	100k	31	true		
ac-v1-06013	INTLB-b3t-73-1	ACP-040072	interleaved_b	T1_easy	10k_final	30	true		
ac-v1-06014	MS-n2-wXXXyxYYxxY	ACP-005719	ms_expanded	T4_frontier	100k	18	true		
ac-v1-06015	INTLB-b4-1407-0	ACP-046794	interleaved_b	T1_easy	10k_final	31	true		
ac-v1-06016	INTLB-b4-1956-0	ACP-044945	interleaved_b	T1_easy	10k_final	25	true		
ac-v1-06017	AUTH-21_11-k1-0	ACP-015509	aut_hard	T5_moonshot	100k	31	true		
ac-v1-06018	MS-n6-wXYxy	ACP-021252	ms_expanded	T1_easy	10k_final	20	true	uncertified	55
ac-v1-06019	INTL-b2-176-1	ACP-026044	interleaved	T1_easy	10k_final	35	true		
ac-v1-06020	INTLB-b4-1668-0	ACP-042688	interleaved_b	T2_medium	100k	31	true		
ac-v1-06021	MS-n8-wXXXyxxYxy	ACP-022775	ms_expanded	T4_frontier	100k	29	true		
ac-v1-06022	AUTH-17_42-k0-0	ACP-007481	aut_hard	T5_moonshot	100k	17	true		
ac-v1-06023	INTLB-b4-1797-1	ACP-041707	interleaved_b	T1_easy	10k_final	30	true		
ac-v1-06024	INTLB-b4-1652-0	ACP-038083	interleaved_b	T1_easy	10k_final	27	true		
ac-v1-06025	INTLB-b4-2545-1	ACP-047121	interleaved_b	T3_hard_solvable	100k	28	true		
ac-v1-06026	INTLB-b4-1686-1	ACP-037397	interleaved_b	T3_hard_solvable	100k	29	true		
ac-v1-06027	INTLB-b4-3046-0	ACP-037590	interleaved_b	T2_medium	100k	27	true		
ac-v1-06028	INTLB-b3t-482-1	ACP-044973	interleaved_b	T1_easy	10k_final	33	true		
ac-v1-06029	MS-n4-wXXXYxxxYYY	ACP-003080	ms_expanded	T4_frontier	100k	22	true		
ac-v1-06030	MS-n5-wXXXYxxyxYY	ACP-027847	ms_expanded	T4_frontier	100k	24	true		
ac-v1-06031	INTLB-b3t-887-1	ACP-037297	interleaved_b	T1_easy	10k_final	30	true		
ac-v1-06032	INTLB-b3t-183-1	ACP-040992	interleaved_b	T1_easy	10k_final	33	true		
ac-v1-06033	MS-n4-wXXyxxYYY	ACP-013748	ms_expanded	T4_frontier	100k	20	true		
ac-v1-06034	INTLB-b3t-115-1	ACP-046281	interleaved_b	T1_easy	10k_final	35	true		
ac-v1-06035	INTLB-b4-1684-1	ACP-042279	interleaved_b	T2_medium	100k	36	true		
ac-v1-06036	MS-n3-wXXYYxxy	ACP-012449	ms_expanded	T5_moonshot	100k	17	true	open	955
ac-v1-06037	INTLB-b4-3163-0	ACP-041455	interleaved_b	T3_hard_solvable	100k	34	true		
ac-v1-06038	MS-n2-wXXXYxyxxyy	ACP-011122	ms_expanded	T4_frontier	100k	18	true		
ac-v1-06039	INTLB-b4-3992-1	ACP-042321	interleaved_b	T3_hard_solvable	100k	29	true		
ac-v1-06040	INTLB-b3t-111-1	ACP-045206	interleaved_b	T1_easy	10k_final	28	true		
ac-v1-06041	MS-n9-wXXXYYxxYxy	ACP-003377	ms_expanded	T4_frontier	100k	32	true		
ac-v1-06042	MS-n8-wYYxyyXy	ACP-028417	ms_expanded	T2_medium	100k	27	true		
ac-v1-06043	INTLB-b4-1357-1	ACP-039966	interleaved_b	T2_medium	100k	29	true		
ac-v1-06044	MS-n8-wXXXyxxxY	ACP-026418	ms_expanded	T4_frontier	100k	28	true		
ac-v1-06045	MS-n7-wXyyxYYYY	ACP-023137	ms_expanded	T0_warmup	10k_final	26	true		
ac-v1-06046	INTLB-b3t-712-0	ACP-041586	interleaved_b	T1_easy	10k_final	27	true		
ac-v1-06047	AUTH-19_1-k12-0	ACP-006150	aut_hard	T5_moonshot	100k	33	true		
ac-v1-06048	INTLB-b3t-708-1	ACP-045864	interleaved_b	T1_easy	10k_final	35	true		
ac-v1-06049	INTLB-b3t-413-0	ACP-038981	interleaved_b	T3_hard_solvable	100k	32	true		
ac-v1-06050	INTLB-b3t-503-1	ACP-039742	interleaved_b	T1_easy	10k_final	25	true		
ac-v1-06051	INTLB-b3t-250-0	ACP-040211	interleaved_b	T1_easy	10k_final	29	true		
ac-v1-06052	AUTH-25_5-k1-0	ACP-006689	aut_hard	T5_moonshot	100k	37	true		
ac-v1-06053	MS-n6-wXXXYYxxxyy	ACP-013547	ms_expanded	T4_frontier	100k	26	true		
ac-v1-06054	INTLB-b4-3281-0	ACP-043510	interleaved_b	T3_hard_solvable	100k	29	true		
ac-v1-06055	INTLB-b3t-316-1	ACP-039078	interleaved_b	T1_easy	10k_final	24	true		
ac-v1-06056	MS-n7-wXyyyxyyyy	ACP-008356	ms_expanded	T1_easy	10k_final	27	true		
ac-v1-06057	INTLB-b4-1243-1	ACP-039676	interleaved_b	T1_easy	10k_final	32	true		
ac-v1-06058	INTLB-b4-163-1	ACP-041767	interleaved_b	T1_easy	10k_final	31	true		
ac-v1-06059	INTLB-b4-319-0	ACP-044315	interleaved_b	T2_medium	100k	33	true		
ac-v1-06060	INTLB-b3t-629-1	ACP-043299	interleaved_b	T1_easy	10k_final	27	true		
ac-v1-06061	INTLB-b4-604-1	ACP-045883	interleaved_b	T2_medium	100k	30	true		
ac-v1-06062	MS-n2-wXXXYxxyxy	ACP-001696	ms_expanded	T4_frontier	100k	17	true		
ac-v1-06063	INTLB-b4-72-0	ACP-044712	interleaved_b	T2_medium	100k	33	true		
ac-v1-06064	AUTH-19_24-k1-3	ACP-031461	aut_hard	T5_moonshot	100k	25	true		
ac-v1-06065	MS-n8-wXXXyxxxy	ACP-031116	ms_expanded	T4_frontier	100k	28	true		
ac-v1-06066	INTLB-b4-1141-0	ACP-038323	interleaved_b	T1_easy	10k_final	22	true		
ac-v1-06067	INTLB-b4-2006-0	ACP-038837	interleaved_b	T1_easy	10k_final	33	true		
ac-v1-06068	INTLB-b4-2593-0	ACP-040460	interleaved_b	T2_medium	100k	27	true		
ac-v1-06069	INTLB-b4-1117-0	ACP-037600	interleaved_b	T1_easy	10k_final	33	true		
ac-v1-06070	INTLB-b4-1596-0	ACP-044061	interleaved_b	T1_easy	10k_final	31	true		
ac-v1-06071	INTLB-b3t-168-1	ACP-046473	interleaved_b	T1_easy	10k_final	31	true		
ac-v1-06072	INTLB-b4-2048-1	ACP-038085	interleaved_b	T1_easy	10k_final	31	true		
ac-v1-06073	INTLB-b4-283-0	ACP-042732	interleaved_b	T2_medium	100k	28	true		
ac-v1-06074	INTLB-b3t-333-1	ACP-046217	interleaved_b	T1_easy	10k_final	32	true		
ac-v1-06075	AUTH-25_31-k1-1	ACP-026552	aut_hard	T5_moonshot	100k	25	true		
ac-v1-06076	AUTH-25_19-k1-1	ACP-021782	aut_hard	T5_moonshot	100k	39	true		
ac-v1-06077	INTLB-b4-2241-1	ACP-043408	interleaved_b	T3_hard_solvable	100k	29	true		
ac-v1-06078	AUTH-17_29-k1-3	ACP-013221	aut_hard	T5_moonshot	100k	17	true		
ac-v1-06079	INTLB-b4-3980-0	ACP-042536	interleaved_b	T2_medium	100k	19	true		
ac-v1-06080	INTLB-b4-2228-1	ACP-038834	interleaved_b	T1_easy	10k_final	32	true		
ac-v1-06081	INTLB-b4-1655-1	ACP-037559	interleaved_b	T1_easy	10k_final	31	true		
ac-v1-06082	INTLB-b4-613-1	ACP-039430	interleaved_b	T2_medium	100k	28	true		
ac-v1-06083	INTLB-b4-1658-1	ACP-046255	interleaved_b	T1_easy	10k_final	33	true		
ac-v1-06084	MS-n7-wYXyyxYY	ACP-028166	ms_expanded	T2_medium	100k	25	true	uncertified	714
ac-v1-06085	INTLB-b4-171-0	ACP-046931	interleaved_b	T2_medium	100k	35	true		
ac-v1-06086	INTLB-b3t-101-1	ACP-046127	interleaved_b	T1_easy	10k_final	33	true		
ac-v1-06087	INTLB-b3t-380-1	ACP-044471	interleaved_b	T1_easy	10k_final	35	true		
ac-v1-06088	INTL-b4-218-1	ACP-017046	interleaved	T3_hard_solvable	100k	27	true		
ac-v1-06089	INTLB-b4-1897-1	ACP-038020	interleaved_b	T3_hard_solvable	100k	28	true		
ac-v1-06090	INTLB-b4-1969-1	ACP-045660	interleaved_b	T3_hard_solvable	100k	30	true		
ac-v1-06091	MS-n6-wYXYYxyy	ACP-032346	ms_expanded	T1_easy	10k_final	23	true	uncertified	804
ac-v1-06092	MS-n8-wYXyyxY	ACP-002657	ms_expanded	T4_frontier	100k	26	true		
ac-v1-06093	INTLB-b4-773-1	ACP-045546	interleaved_b	T2_medium	100k	21	true		
ac-v1-06094	INTLB-b3t-445-1	ACP-045823	interleaved_b	T1_easy	10k_final	35	true		
ac-v1-06095	INTL-b2-120-1	ACP-003614	interleaved	T1_easy	10k_final	22	true		
ac-v1-06096	INTLB-b3t-646-1	ACP-041574	interleaved_b	T1_easy	10k_final	30	true		
ac-v1-06097	INTLB-b4-609-0	ACP-040209	interleaved_b	T2_medium	100k	27	true		
ac-v1-06098	INTLB-b3t-836-1	ACP-039526	interleaved_b	T1_easy	10k_final	30	true		
ac-v1-06099	INTLB-b4-2630-1	ACP-039936	interleaved_b	T3_hard_solvable	100k	32	true		
ac-v1-06100	INTLB-b4-1644-0	ACP-044332	interleaved_b	T3_hard_solvable	100k	31	true		
ac-v1-06101	MS-n4-wXXXYxyxxY	ACP-036971	ms_expanded	T4_frontier	100k	21	true		
ac-v1-06102	INTLB-b4-2367-0	ACP-040848	interleaved_b	T2_medium	100k	33	true		
ac-v1-06103	INTLB-b3t-253-1	ACP-038646	interleaved_b	T1_easy	10k_final	27	true		
ac-v1-06104	AUTH-15_5-k1-1	ACP-027113	aut_hard	T5_moonshot	100k	19	true		
ac-v1-06105	INTL-b2-127-0	ACP-021898	interleaved	T1_easy	10k_final	22	true		
ac-v1-06106	MS-n5-wXYxYYYY	ACP-001471	ms_expanded	T2_medium	100k	21	true	uncertified	852
ac-v1-06107	INTLB-b4-1027-0	ACP-044801	interleaved_b	T1_easy	10k_final	28	true		
ac-v1-06108	INTLB-b4-290-1	ACP-044849	interleaved_b	T3_hard_solvable	100k	27	true		
ac-v1-06109	MS-n3-wXXYxyyxY	ACP-005152	ms_expanded	T4_frontier	100k	18	true		
ac-v1-06110	INTL-b3-42-1	ACP-011607	interleaved	T3_hard_solvable	100k	17	true		
ac-v1-06111	INTLB-b4-2767-0	ACP-039268	interleaved_b	T2_medium	100k	32	true		
ac-v1-06112	INTLB-b4-1674-0	ACP-044263	interleaved_b	T3_hard_solvable	100k	25	true		
ac-v1-06113	MS-n4-wyXyxy	ACP-002951	ms_expanded	T5_moonshot	10k_final	17	true	open	109
ac-v1-06114	MS-n6-wyXyyxy	ACP-023600	ms_expanded	T4_frontier	100k	22	true	open	496
ac-v1-06115	MS-n9-wXYXyxxY	ACP-019173	ms_expanded	T4_frontier	100k	29	true		
ac-v1-06116	INTLB-b4-2961-0	ACP-044925	interleaved_b	T3_hard_solvable	100k	29	true		
ac-v1-06117	INTLB-b3t-593-0	ACP-041976	interleaved_b	T1_easy	10k_final	33	true		
ac-v1-06118	INTLB-b4-2558-0	ACP-043899	interleaved_b	T2_medium	100k	20	true		
ac-v1-06119	INTLB-b4-1416-0	ACP-045951	interleaved_b	T1_easy	10k_final	23	true		
ac-v1-06120	INTLB-b4-2412-0	ACP-043654	interleaved_b	T2_medium	100k	31	true		
ac-v1-06121	INTL-b4-116-0	ACP-021506	interleaved	T1_easy	10k_final	31	true		
ac-v1-06122	MS-n2-wXXYYxxY	ACP-011590	ms_expanded	T1_easy	10k_final	15	true	uncertified	569
ac-v1-06123	INTL-b3-170-1	ACP-022657	interleaved	T1_easy	10k_final	30	true		
ac-v1-06124	INTLB-b3t-200-1	ACP-045585	interleaved_b	T0_warmup	10k_final	31	true		
ac-v1-06125	INTLB-b3t-297-1	ACP-042342	interleaved_b	T1_easy	10k_final	30	true		
ac-v1-06126	INTLB-b4-3946-1	ACP-046349	interleaved_b	T3_hard_solvable	100k	27	true		
ac-v1-06127	MS-n7-wXXXYxYxYxy	ACP-009013	ms_expanded	T4_frontier	100k	28	true		
ac-v1-06128	INTLB-b4-656-1	ACP-046612	interleaved_b	T3_hard_solvable	100k	31	true		
ac-v1-06129	INTL-b4-227-0	ACP-013734	interleaved	T1_easy	10k_final	28	true		
ac-v1-06130	INTLB-b3t-431-0	ACP-046904	interleaved_b	T1_easy	10k_final	21	true		
ac-v1-06131	MS-n3-wXXXyxxyxy	ACP-008742	ms_expanded	T4_frontier	100k	19	true		
ac-v1-06132	INTLB-b4-2178-1	ACP-037343	interleaved_b	T1_easy	10k_final	27	true		
ac-v1-06133	INTLB-b4-2085-0	ACP-037803	interleaved_b	T1_easy	10k_final	30	true		
ac-v1-06134	INTLB-b4-1645-1	ACP-041407	interleaved_b	T2_medium	100k	29	true		
ac-v1-06135	INTLB-b4-22-0	ACP-037339	interleaved_b	T2_medium	100k	35	true		
ac-v1-06136	INTLB-b4-3890-1	ACP-045462	interleaved_b	T3_hard_solvable	100k	36	true		
ac-v1-06137	INTLB-b4-1206-0	ACP-038973	interleaved_b	T1_easy	10k_final	35	true		
ac-v1-06138	INTLB-b4-2239-0	ACP-041383	interleaved_b	T3_hard_solvable	100k	29	true		
ac-v1-06139	INTLB-b3t-761-1	ACP-041429	interleaved_b	T1_easy	10k_final	34	true		
ac-v1-06140	INTLB-b4-3939-1	ACP-040679	interleaved_b	T2_medium	100k	21	true		
ac-v1-06141	MS-n3-wXXXYxxxyy	ACP-034283	ms_expanded	T4_frontier	100k	19	true		
ac-v1-06142	INTLB-b3t-717-0	ACP-039467	interleaved_b	T1_easy	10k_final	35	true		
ac-v1-06143	INTLB-b4-2723-1	ACP-043511	interleaved_b	T2_medium	100k	30	true		
ac-v1-06144	INTLB-b4-2360-0	ACP-041658	interleaved_b	T2_medium	100k	28	true		
ac-v1-06145	AUTH-17_27-k12-0	ACP-026190	aut_hard	T5_moonshot	100k	23	true		
ac-v1-06146	MS-n9-wXYxyyyyy	ACP-033201	ms_expanded	T1_easy	10k_final	30	true		
ac-v1-06147	INTLB-b3t-467-0	ACP-039383	interleaved_b	T2_medium	100k	28	true		
ac-v1-06148	AUTH-19_23-k1-0	ACP-025638	aut_hard	T5_moonshot	100k	19	true		
ac-v1-06149	INTLB-b4-2011-0	ACP-043162	interleaved_b	T2_medium	100k	33	true		
ac-v1-06150	INTLB-b4-1668-1	ACP-044505	interleaved_b	T2_medium	100k	25	true		
ac-v1-06151	INTLB-b4-183-0	ACP-046101	interleaved_b	T2_medium	100k	25	true		
ac-v1-06152	INTLB-b3t-35-1	ACP-045446	interleaved_b	T1_easy	10k_final	32	true		
ac-v1-06153	INTLB-b4-3177-1	ACP-044233	interleaved_b	T2_medium	100k	29	true		
ac-v1-06154	MS-n10-wy	ACP-028999	ms_expanded	T0_warmup	10k_final	25	true		
ac-v1-06155	INTL-b4-15-0	ACP-002450	interleaved	T2_medium	100k	27	true		
ac-v1-06156	INTL-b4-126-0	ACP-015745	interleaved	T1_easy	10k_final	30	true		
ac-v1-06157	INTLB-b4-1592-1	ACP-038810	interleaved_b	T1_easy	10k_final	29	true		
ac-v1-06158	AUTH-21_23-k1-2	ACP-008682	aut_hard	T5_moonshot	100k	21	true		
ac-v1-06159	INTLB-b4-2731-1	ACP-045736	interleaved_b	T3_hard_solvable	100k	30	true		
ac-v1-06160	MS-n9-wXYxxYXy	ACP-001187	ms_expanded	T4_frontier	100k	29	true		
ac-v1-06161	INTLB-b3t-79-1	ACP-038123	interleaved_b	T1_easy	10k_final	31	true		
ac-v1-06162	INTLB-b4-658-1	ACP-041422	interleaved_b	T3_hard_solvable	100k	25	true		
ac-v1-06163	INTLB-b4-2931-1	ACP-046524	interleaved_b	T3_hard_solvable	100k	30	true		
ac-v1-06164	MS-n6-wXyyxY	ACP-029905	ms_expanded	T4_frontier	100k	21	true	open	160
ac-v1-06165	INTLB-b4-3126-0	ACP-042640	interleaved_b	T3_hard_solvable	100k	31	true		
ac-v1-06166	MS-n3-wYXyyyyxY	ACP-003521	ms_expanded	T1_easy	10k_final	18	true		
ac-v1-06167	INTLB-b4-287-1	ACP-042740	interleaved_b	T2_medium	100k	29	true		
ac-v1-06168	INTLB-b4-1138-0	ACP-042463	interleaved_b	T1_easy	10k_final	32	true		
ac-v1-06169	INTLB-b4-20-1	ACP-042022	interleaved_b	T2_medium	100k	27	true		
ac-v1-06170	MS-n6-wXXyyyxxY	ACP-026208	ms_expanded	T4_frontier	100k	24	true		
ac-v1-06171	MS-n3-wXXYYxYxyy	ACP-028633	ms_expanded	T4_frontier	100k	19	true		
ac-v1-06172	INTLB-b3t-151-0	ACP-046275	interleaved_b	T3_hard_solvable	100k	24	true		
ac-v1-06173	INTLB-b3t-277-1	ACP-043546	interleaved_b	T1_easy	10k_final	32	true		
ac-v1-06174	INTLB-b3t-313-0	ACP-042524	interleaved_b	T1_easy	10k_final	27	true		
ac-v1-06175	INTLB-b4-2078-0	ACP-041132	interleaved_b	T1_easy	10k_final	31	true		
ac-v1-06176	AUTH-23_13-k12-1	ACP-021594	aut_hard	T5_moonshot	100k	29	true		
ac-v1-06177	MS-n8-wXYXYYxxY	ACP-018802	ms_expanded	T4_frontier	100k	28	true		
ac-v1-06178	INTLB-b3t-193-0	ACP-044812	interleaved_b	T1_easy	10k_final	29	true		
ac-v1-06179	MS-n7-wYXyyxY	ACP-025329	ms_expanded	T4_frontier	100k	24	true	open	280
ac-v1-06180	INTLB-b4-1143-1	ACP-040150	interleaved_b	T1_easy	10k_final	27	true		
ac-v1-06181	MS-n8-wyyxYYYXyyy	ACP-012073	ms_expanded	T2_medium	100k	30	true		
ac-v1-06182	INTLB-b3t-771-0	ACP-039324	interleaved_b	T1_easy	10k_final	30	true		
ac-v1-06183	INTL-b2-148-0	ACP-017932	interleaved	T1_easy	10k_final	36	true		
ac-v1-06184	INTLB-b3t-229-0	ACP-045645	interleaved_b	T1_easy	10k_final	29	true		
ac-v1-06185	MS-n3-wXyXyxxY	ACP-036876	ms_expanded	T5_moonshot	100k	17	false	open	1032
ac-v1-06186	INTLB-b4-1517-1	ACP-044219	interleaved_b	T1_easy	10k_final	26	true		
ac-v1-06187	INTLB-b4-3991-1	ACP-043960	interleaved_b	T3_hard_solvable	100k	26	true		
ac-v1-06188	INTLB-b4-1097-0	ACP-043077	interleaved_b	T1_easy	10k_final	35	true		
ac-v1-06189	INTLB-b4-10-1	ACP-043888	interleaved_b	T1_easy	10k_final	20	true		
ac-v1-06190	INTLB-b4-1319-0	ACP-040842	interleaved_b	T1_easy	10k_final	30	true		
ac-v1-06191	INTLB-b4-1731-0	ACP-041345	interleaved_b	T1_easy	10k_final	18	true		
ac-v1-06192	INTLB-b4-1796-0	ACP-046538	interleaved_b	T3_hard_solvable	100k	31	true		
ac-v1-06193	INTLB-b4-1553-1	ACP-040000	interleaved_b	T2_medium	100k	22	true		
ac-v1-06194	AUTH-13_1-k1-1	ACP-009655	aut_hard	T5_moonshot	10k_final	16	true		
ac-v1-06195	INTLB-b4-1804-0	ACP-045444	interleaved_b	T3_hard_solvable	100k	21	true		
ac-v1-06196	AUTH-25_6-k1-3	ACP-034761	aut_hard	T5_moonshot	100k	25	true		
ac-v1-06197	INTLB-b4-1805-1	ACP-046683	interleaved_b	T1_easy	10k_final	31	true		
ac-v1-06198	MS-n9-wXyxyyy	ACP-026893	ms_expanded	T4_frontier	100k	28	true		
ac-v1-06199	MS-n4-wXYYYYYYxY	ACP-031792	ms_expanded	T1_easy	10k_final	21	true		
ac-v1-06200	INTL-b4-141-1	ACP-017010	interleaved	T3_hard_solvable	100k	33	true		
ac-v1-06201	INTLB-b3t-773-1	ACP-046305	interleaved_b	T3_hard_solvable	100k	33	true		
ac-v1-06202	MS-n10-wXXYxYxyy	ACP-001710	ms_expanded	T4_frontier	100k	32	true		
ac-v1-06203	INTLB-b4-1964-1	ACP-045172	interleaved_b	T1_easy	10k_final	24	true		
ac-v1-06204	INTLB-b3t-628-0	ACP-040110	interleaved_b	T1_easy	10k_final	30	true		
ac-v1-06205	INTLB-b4-2237-0	ACP-045543	interleaved_b	T1_easy	10k_final	33	true		
ac-v1-06206	INTLB-b4-2035-0	ACP-045762	interleaved_b	T3_hard_solvable	100k	34	true		
ac-v1-06207	INTLB-b4-1802-1	ACP-045447	interleaved_b	T2_medium	100k	28	true		
ac-v1-06208	INTLB-b4-156-0	ACP-045277	interleaved_b	T1_easy	10k_final	19	true		
ac-v1-06209	MS-n3-wXXXXyxxxxY	ACP-019384	ms_expanded	T4_frontier	100k	20	true		
ac-v1-06210	INTLB-b3t-828-0	ACP-042027	interleaved_b	T1_easy	10k_final	31	true		
ac-v1-06211	AUTH-19_29-k1-3	ACP-021496	aut_hard	T5_moonshot	100k	27	true		
ac-v1-06212	INTLB-b4-1076-0	ACP-042426	interleaved_b	T1_easy	10k_final	31	true		
ac-v1-06213	INTLB-b3t-785-0	ACP-045383	interleaved_b	T1_easy	10k_final	34	true		
ac-v1-06214	INTLB-b3t-594-1	ACP-045151	interleaved_b	T1_easy	10k_final	25	true		
ac-v1-06215	MS-n7-wyXyyxYY	ACP-018272	ms_expanded	T2_medium	100k	25	true	uncertified	756
ac-v1-06216	INTLB-b4-2456-0	ACP-041038	interleaved_b	T3_hard_solvable	100k	31	true		
ac-v1-06217	MS-n6-wXYYYxy	ACP-005915	ms_expanded	T1_easy	10k_final	22	true	uncertified	405
ac-v1-06218	INTLB-b3t-624-0	ACP-038457	interleaved_b	T1_easy	10k_final	23	true		
ac-v1-06219	INTLB-b4-1361-0	ACP-044981	interleaved_b	T1_easy	10k_final	33	true		
ac-v1-06220	INTLB-b3t-671-0	ACP-042803	interleaved_b	T1_easy	10k_final	23	true		
ac-v1-06221	MS-n4-wXyyxyyyy	ACP-007914	ms_expanded	T1_easy	10k_final	20	true		
ac-v1-06222	INTLB-b3t-559-1	ACP-039493	interleaved_b	T1_easy	10k_final	27	true		
ac-v1-06223	INTLB-b3t-818-0	ACP-047020	interleaved_b	T1_easy	10k_final	30	true		
ac-v1-06224	INTLB-b4-3212-1	ACP-038086	interleaved_b	T3_hard_solvable	100k	23	true		
ac-v1-06225	INTL-b1-101-1	ACP-009686	interleaved	T0_warmup	10k_final	20	true		
ac-v1-06226	MS-n6-wYYXyyyyyxy	ACP-016386	ms_expanded	T2_medium	100k	26	true		
ac-v1-06227	INTLB-b3t-92-0	ACP-039332	interleaved_b	T1_easy	10k_final	19	true		
ac-v1-06228	INTLB-b4-91-1	ACP-044423	interleaved_b	T2_medium	100k	31	true		
ac-v1-06229	INTLB-b4-1455-0	ACP-046433	interleaved_b	T1_easy	10k_final	35	true		
ac-v1-06230	INTL-b2-17-0	ACP-033917	interleaved	T1_easy	10k_final	32	true		
ac-v1-06231	INTL-b2-121-0	ACP-023756	interleaved	T1_easy	10k_final	22	true		
ac-v1-06232	MS-n9-wyyy	ACP-019606	ms_expanded	T0_warmup	10k_final	25	true		
ac-v1-06233	INTLB-b3t-473-1	ACP-044221	interleaved_b	T2_medium	100k	26	true		
ac-v1-06234	INTLB-b4-1621-0	ACP-045381	interleaved_b	T1_easy	10k_final	29	true		
ac-v1-06235	MS-n4-wXXXyxxxYY	ACP-032505	ms_expanded	T4_frontier	100k	21	true		
ac-v1-06236	MS-n2-wXYXYYxYxyy	ACP-017907	ms_expanded	T1_easy	10k_final	18	true		
ac-v1-06237	MS-n10-wXXyxyyxY	ACP-003308	ms_expanded	T4_frontier	100k	32	true		
ac-v1-06238	INTL-b4-237-0	ACP-027344	interleaved	T3_hard_solvable	100k	21	true		
ac-v1-06239	INTL-b4-165-1	ACP-012512	interleaved	T1_easy	10k_final	19	true		
ac-v1-06240	MS-n6-wXXyxYYxy	ACP-001890	ms_expanded	T4_frontier	100k	24	true		
ac-v1-06241	INTLB-b4-1862-1	ACP-044251	interleaved_b	T1_easy	10k_final	29	true		
ac-v1-06242	AUTH-22_13-k1-1	ACP-019117	aut_hard	T5_moonshot	100k	22	true		
ac-v1-06243	INTLB-b3t-47-0	ACP-038170	interleaved_b	T1_easy	10k_final	29	true		
ac-v1-06244	MS-n6-wXYYYYYYxY	ACP-005683	ms_expanded	T0_warmup	10k_final	25	true		
ac-v1-06245	INTLB-b3t-809-0	ACP-041064	interleaved_b	T1_easy	10k_final	35	true		
ac-v1-06246	MS-n4-wXyyyyyyxY	ACP-011379	ms_expanded	T1_easy	10k_final	21	true		
ac-v1-06247	MS-n6-wXYxyyyy	ACP-031454	ms_expanded	T4_frontier	100k	23	true	open	832
ac-v1-06248	INTLB-b4-2684-0	ACP-040782	interleaved_b	T2_medium	100k	35	true		
ac-v1-06249	INTLB-b4-1016-1	ACP-047081	interleaved_b	T1_easy	10k_final	31	true		
ac-v1-06250	MS-n4-wYYYXYYxY	ACP-027983	ms_expanded	T1_easy	10k_final	20	true		
ac-v1-06251	MS-n7-wYYXYxY	ACP-026011	ms_expanded	T5_moonshot	100k	24	false	open	238
ac-v1-06252	INTLB-b4-2112-1	ACP-044236	interleaved_b	T1_easy	10k_final	27	true		
ac-v1-06253	AUTH-20_4-k0-0	ACP-005151	aut_hard	T5_moonshot	100k	20	true		
ac-v1-06254	INTLB-b4-3821-0	ACP-045801	interleaved_b	T2_medium	100k	33	true		
ac-v1-06255	INTLB-b4-2063-0	ACP-046126	interleaved_b	T2_medium	100k	30	true		
ac-v1-06256	INTLB-b3t-113-1	ACP-042404	interleaved_b	T1_easy	10k_final	23	true		
ac-v1-06257	MS-n3-wyxyXyyy	ACP-018736	ms_expanded	T5_moonshot	10k_final	17	false	open	556
ac-v1-06258	MS-n7-wYXYYYxYYYY	ACP-002285	ms_expanded	T1_easy	10k_final	28	true		
ac-v1-06259	MS-n10-wXyxYYYY	ACP-017979	ms_expanded	T4_frontier	100k	31	true		
ac-v1-06260	INTLB-b4-3231-0	ACP-044898	interleaved_b	T3_hard_solvable	100k	32	true		
ac-v1-06261	INTL-b2-16-0	ACP-023064	interleaved	T1_easy	10k_final	23	true		
ac-v1-06262	INTL-b4-147-1	ACP-000547	interleaved	T3_hard_solvable	100k	35	true		
ac-v1-06263	INTLB-b4-2171-0	ACP-044209	interleaved_b	T1_easy	10k_final	34	true		
ac-v1-06264	INTLB-b4-2572-0	ACP-043470	interleaved_b	T2_medium	100k	21	true		
ac-v1-06265	MS-n8-wXXXYYxxxy	ACP-012169	ms_expanded	T4_frontier	100k	29	true		
ac-v1-06266	MS-n10-wXXXYxyxYxy	ACP-012975	ms_expanded	T4_frontier	100k	34	true		
ac-v1-06267	INTLB-b4-2069-0	ACP-047220	interleaved_b	T1_easy	10k_final	31	true		
ac-v1-06268	INTLB-b3t-109-0	ACP-044641	interleaved_b	T1_easy	10k_final	31	true		
ac-v1-06269	MS-n3-wXyxyyyyyy	ACP-005826	ms_expanded	T1_easy	10k_final	19	true		
ac-v1-06270	INTLB-b4-1524-0	ACP-039782	interleaved_b	T2_medium	100k	33	true		
ac-v1-06271	MS-n10-wXXYxxyy	ACP-021572	ms_expanded	T4_frontier	100k	31	true		
ac-v1-06272	INTLB-b3t-820-0	ACP-041244	interleaved_b	T1_easy	10k_final	23	true		
ac-v1-06273	MS-n10-wXYXYxxY	ACP-000226	ms_expanded	T4_frontier	100k	31	true		
ac-v1-06274	INTLB-b4-2025-0	ACP-040929	interleaved_b	T2_medium	100k	32	true		
ac-v1-06275	INTLB-b4-3121-1	ACP-037881	interleaved_b	T2_medium	100k	30	true		
ac-v1-06276	INTLB-b3t-534-1	ACP-044615	interleaved_b	T1_easy	10k_final	23	true		
ac-v1-06277	INTLB-b3t-685-0	ACP-039981	interleaved_b	T3_hard_solvable	100k	29	true		
ac-v1-06278	INTLB-b3t-390-0	ACP-039128	interleaved_b	T1_easy	10k_final	27	true		
ac-v1-06279	AUTH-13_1-k0-0	ACP-026304	aut_hard	T5_moonshot	10k_final	13	true		
ac-v1-06280	MS-n8-wXXXYxyxxY	ACP-032935	ms_expanded	T4_frontier	100k	29	true		
ac-v1-06281	INTLB-b3t-908-0	ACP-041591	interleaved_b	T1_easy	10k_final	24	true		
ac-v1-06282	AUTH-25_6-k1-1	ACP-010669	aut_hard	T5_moonshot	100k	25	true		
ac-v1-06283	MS-n4-wYYYxyXy	ACP-016206	ms_expanded	T5_moonshot	10k_final	19	false	open	1145
ac-v1-06284	MS-n2-wXXYXYxxxy	ACP-023030	ms_expanded	T4_frontier	100k	17	true		
ac-v1-06285	INTL-b2-15-1	ACP-020966	interleaved	T1_easy	10k_final	30	true		
ac-v1-06286	INTLB-b4-1334-1	ACP-037984	interleaved_b	T2_medium	100k	26	true		
ac-v1-06287	INTLB-b3t-637-0	ACP-046350	interleaved_b	T2_medium	100k	34	true		
ac-v1-06288	AUTH-24_2-k1-0	ACP-012666	aut_hard	T5_moonshot	100k	37	true		
ac-v1-06289	INTLB-b4-1029-0	ACP-039822	interleaved_b	T1_easy	10k_final	29	true		
ac-v1-06290	MS-n8-wXyxy	ACP-002683	ms_expanded	T4_frontier	100k	24	true		
ac-v1-06291	INTLB-b4-1931-0	ACP-037946	interleaved_b	T1_easy	10k_final	22	true		
ac-v1-06292	INTLB-b4-170-1	ACP-039855	interleaved_b	T1_easy	10k_final	30	true		
ac-v1-06293	AUTH-14_1-k12-0	ACP-006494	aut_hard	T5_moonshot	100k	35	true		
ac-v1-06294	MS-n9-wYXyyxy	ACP-020525	ms_expanded	T4_frontier	100k	28	true		
ac-v1-06295	MS-n9-wYXyxyy	ACP-024840	ms_expanded	T4_frontier	100k	28	true		
ac-v1-06296	INTLB-b4-1647-0	ACP-038719	interleaved_b	T1_easy	10k_final	25	true		
ac-v1-06297	INTLB-b3t-562-1	ACP-037314	interleaved_b	T1_easy	10k_final	32	true		
ac-v1-06298	AUTH-19_14-k1-1	ACP-001803	aut_hard	T5_moonshot	100k	25	true		
ac-v1-06299	MS-n5-wYXyyxYY	ACP-030411	ms_expanded	T1_easy	10k_final	21	true	uncertified	712
ac-v1-06300	AUTH-19_23-k1-1	ACP-000540	aut_hard	T5_moonshot	100k	27	true		
ac-v1-06301	MS-n6-wYYxYXyy	ACP-030684	ms_expanded	T4_frontier	100k	23	false	open	748
ac-v1-06302	MS-n6-wXXyxyyxY	ACP-012707	ms_expanded	T4_frontier	100k	24	true		
ac-v1-06303	MS-n4-wXXXYxxxyyy	ACP-015649	ms_expanded	T4_frontier	100k	22	true		
ac-v1-06304	INTLB-b3t-928-0	ACP-040413	interleaved_b	T1_easy	10k_final	28	true		
ac-v1-06305	MS-n9-wyy	ACP-016955	ms_expanded	T0_warmup	10k_final	24	true		
ac-v1-06306	INTLB-b4-3-0	ACP-039278	interleaved_b	T3_hard_solvable	100k	19	true		
ac-v1-06307	INTLB-b4-2139-0	ACP-044913	interleaved_b	T1_easy	10k_final	34	true		
ac-v1-06308	INTLB-b4-581-0	ACP-041059	interleaved_b	T3_hard_solvable	100k	36	true		
ac-v1-06309	INTLB-b4-1877-0	ACP-040050	interleaved_b	T1_easy	10k_final	27	true		
ac-v1-06310	INTLB-b3t-785-1	ACP-041474	interleaved_b	T1_easy	10k_final	28	true		
ac-v1-06311	INTL-b3-116-1	ACP-015390	interleaved	T1_easy	10k_final	29	true		
ac-v1-06312	INTLB-b4-2225-0	ACP-040885	interleaved_b	T2_medium	100k	22	true		
ac-v1-06313	INTLB-b3t-155-1	ACP-043197	interleaved_b	T1_easy	10k_final	36	true		
ac-v1-06314	INTLB-b4-471-1	ACP-039686	interleaved_b	T3_hard_solvable	100k	35	true		
ac-v1-06315	INTLB-b3t-28-1	ACP-043205	interleaved_b	T3_hard_solvable	100k	26	true		
ac-v1-06316	INTLB-b3t-339-1	ACP-044817	interleaved_b	T1_easy	10k_final	36	true		
ac-v1-06317	INTL-b4-44-1	ACP-036283	interleaved	T3_hard_solvable	100k	29	true		
ac-v1-06318	MS-n7-wXYYYYYYYxy	ACP-004520	ms_expanded	T0_warmup	10k_final	28	true		
ac-v1-06319	MS-n2-wXXXYYxxyxY	ACP-018793	ms_expanded	T4_frontier	100k	18	true		
ac-v1-06320	INTLB-b4-1331-0	ACP-044713	interleaved_b	T3_hard_solvable	100k	32	true		
ac-v1-06321	MS-n2-wXYYxyXYxY	ACP-011466	ms_expanded	T1_easy	10k_final	17	true		
ac-v1-06322	INTLB-b4-142-0	ACP-040893	interleaved_b	T1_easy	10k_final	29	true		
ac-v1-06323	INTLB-b4-1408-1	ACP-045734	interleaved_b	T1_easy	10k_final	32	true		
ac-v1-06324	MS-n5-wXXYYYxyxY	ACP-030129	ms_expanded	T4_frontier	100k	23	true		
ac-v1-06325	MS-n2-wXXXYxxxy	ACP-033972	ms_expanded	T5_moonshot	100k	16	true		
ac-v1-06326	MS-n5-wXXYxYYxy	ACP-010168	ms_expanded	T4_frontier	100k	22	true		
ac-v1-06327	INTLB-b3t-894-1	ACP-038573	interleaved_b	T1_easy	10k_final	29	true		
ac-v1-06328	AUTH-19_8-k1-0	ACP-035420	aut_hard	T5_moonshot	100k	27	true		
ac-v1-06329	INTLB-b4-157-1	ACP-043354	interleaved_b	T1_easy	10k_final	27	true		
ac-v1-06330	INTLB-b4-1341-0	ACP-037369	interleaved_b	T2_medium	100k	29	true		
ac-v1-06331	INTL-b4-202-0	ACP-022431	interleaved	T3_hard_solvable	100k	29	true		
ac-v1-06332	INTLB-b4-813-1	ACP-041211	interleaved_b	T3_hard_solvable	100k	31	true		
ac-v1-06333	INTLB-b4-2909-1	ACP-037706	interleaved_b	T3_hard_solvable	100k	34	true		
ac-v1-06334	INTLB-b4-2492-1	ACP-046068	interleaved_b	T2_medium	100k	33	true		
ac-v1-06335	MS-n6-wYXYxYYY	ACP-002998	ms_expanded	T4_frontier	100k	23	true	open	979
ac-v1-06336	INTLB-b4-2788-1	ACP-038619	interleaved_b	T3_hard_solvable	100k	25	true		
ac-v1-06337	INTLB-b4-1826-0	ACP-044273	interleaved_b	T3_hard_solvable	100k	27	true		
ac-v1-06338	MS-n5-wyxyyyyyXyy	ACP-033922	ms_expanded	T2_medium	100k	24	true		
ac-v1-06339	INTLB-b4-1225-1	ACP-044986	interleaved_b	T1_easy	10k_final	28	true		
ac-v1-06340	MS-n3-wXXXYxYYxxy	ACP-031738	ms_expanded	T4_frontier	100k	20	true		
ac-v1-06341	INTLB-b4-3152-0	ACP-041417	interleaved_b	T3_hard_solvable	100k	26	true		
ac-v1-06342	MS-n6-wXXYxyxyy	ACP-024139	ms_expanded	T4_frontier	100k	24	true		
ac-v1-06343	INTLB-b4-755-1	ACP-037517	interleaved_b	T3_hard_solvable	100k	33	true		
ac-v1-06344	INTLB-b4-2853-1	ACP-039131	interleaved_b	T2_medium	100k	28	true		
ac-v1-06345	INTLB-b4-325-1	ACP-045490	interleaved_b	T2_medium	100k	34	true		
ac-v1-06346	MS-n6-wyXyxYYY	ACP-003948	ms_expanded	T4_frontier	100k	23	false	open	1070
ac-v1-06347	INTL-b4-190-0	ACP-031931	interleaved	T1_easy	10k_final	23	true		
ac-v1-06348	INTLB-b4-134-0	ACP-045436	interleaved_b	T3_hard_solvable	100k	35	true		
ac-v1-06349	MS-n2-wXXyxYxY	ACP-005741	ms_expanded	T4_frontier	100k	15	true	open	1052
ac-v1-06350	INTLB-b4-1410-1	ACP-042337	interleaved_b	T2_medium	100k	29	true		
ac-v1-06351	INTLB-b3t-249-0	ACP-042340	interleaved_b	T1_easy	10k_final	26	true		
ac-v1-06352	INTLB-b4-1612-0	ACP-041049	interleaved_b	T2_medium	100k	19	true		
ac-v1-06353	INTL-b3-160-1	ACP-004547	interleaved	T1_easy	10k_final	29	true		
ac-v1-06354	AUTH-25_20-k1-0	ACP-036824	aut_hard	T5_moonshot	100k	37	true		
ac-v1-06355	INTLB-b4-407-0	ACP-039623	interleaved_b	T3_hard_solvable	100k	23	true		
ac-v1-06356	INTLB-b3t-911-1	ACP-039252	interleaved_b	T1_easy	10k_final	29	true		
ac-v1-06357	MS-n7-wXYYYxY	ACP-008229	ms_expanded	T4_frontier	100k	24	true	open	392
ac-v1-06358	INTLB-b4-1679-0	ACP-044911	interleaved_b	T1_easy	10k_final	28	true		
ac-v1-06359	INTLB-b3t-931-1	ACP-040611	interleaved_b	T1_easy	10k_final	32	true		
ac-v1-06360	INTL-b4-39-0	ACP-001089	interleaved	T3_hard_solvable	100k	34	true		
ac-v1-06361	INTLB-b3t-149-1	ACP-038577	interleaved_b	T1_easy	10k_final	30	true		
ac-v1-06362	AUTH-AK(6)-k0-0	ACP-017247	aut_hard	T5_moonshot	10k_final	19	true		
ac-v1-06363	INTLB-b3t-951-0	ACP-042581	interleaved_b	T1_easy	10k_final	33	true		
ac-v1-06364	MS-n6-wXyxy	ACP-015196	ms_expanded	T5_moonshot	100k	20	true	open	69
ac-v1-06365	INTLB-b4-1799-1	ACP-038403	interleaved_b	T3_hard_solvable	100k	25	true		
ac-v1-06366	INTLB-b4-2125-0	ACP-038554	interleaved_b	T1_easy	10k_final	27	true		
ac-v1-06367	INTLB-b3t-212-0	ACP-038597	interleaved_b	T1_easy	10k_final	27	true		
ac-v1-06368	MS-n9-wXyyyxY	ACP-002442	ms_expanded	T4_frontier	100k	28	true		
ac-v1-06369	INTLB-b4-1235-0	ACP-046186	interleaved_b	T1_easy	10k_final	33	true		
ac-v1-06370	INTLB-b3t-86-0	ACP-046881	interleaved_b	T3_hard_solvable	100k	31	true		
ac-v1-06371	INTLB-b4-630-1	ACP-045148	interleaved_b	T3_hard_solvable	100k	17	true		
ac-v1-06372	INTLB-b3t-806-1	ACP-046897	interleaved_b	T1_easy	10k_final	31	true		
ac-v1-06373	INTLB-b3t-213-0	ACP-042628	interleaved_b	T1_easy	10k_final	25	true		
ac-v1-06374	MS-n3-wXXYYYYxxy	ACP-009833	ms_expanded	T4_frontier	100k	19	true		
ac-v1-06375	INTLB-b4-3228-1	ACP-045150	interleaved_b	T2_medium	100k	33	true		
ac-v1-06376	INTLB-b4-2630-0	ACP-042196	interleaved_b	T3_hard_solvable	100k	29	true		
ac-v1-06377	MS-n10-wXXXYxxYYxy	ACP-023359	ms_expanded	T4_frontier	100k	34	true		
ac-v1-06378	MS-n7-wYXYXyxyxY	ACP-009904	ms_expanded	T5_moonshot	100k	27	true		
ac-v1-06379	MS-n5-wXXyxYxY	ACP-003902	ms_expanded	T5_moonshot	100k	21	false	open	1055
ac-v1-06380	INTLB-b4-1549-1	ACP-038186	interleaved_b	T1_easy	10k_final	26	true		
ac-v1-06381	AUTH-17_26-k1-0	ACP-021951	aut_hard	T5_moonshot	100k	17	true		
ac-v1-06382	MS-n9-wXYxxyXy	ACP-000319	ms_expanded	T4_frontier	100k	29	true		
ac-v1-06383	INTLB-b4-195-1	ACP-043900	interleaved_b	T1_easy	10k_final	25	true		
ac-v1-06384	INTL-b3-120-0	ACP-004187	interleaved	T1_easy	10k_final	23	true		
ac-v1-06385	INTLB-b4-1633-1	ACP-043676	interleaved_b	T2_medium	100k	34	true		
ac-v1-06386	INTLB-b4-3030-1	ACP-039850	interleaved_b	T2_medium	100k	21	true		
ac-v1-06387	AUTH-25_4-k1-3	ACP-035820	aut_hard	T5_moonshot	100k	39	true		
ac-v1-06388	MS-n4-wXyxy	ACP-026869	ms_expanded	T5_moonshot	10k_final	16	true	open	67
ac-v1-06389	AUTH-23_18-k1-3	ACP-032817	aut_hard	T5_moonshot	100k	23	true		
ac-v1-06390	INTLB-b3t-177-0	ACP-038187	interleaved_b	T1_easy	10k_final	29	true		
ac-v1-06391	INTL-b2-139-0	ACP-000936	interleaved	T1_easy	10k_final	29	true		
ac-v1-06392	INTLB-b3t-248-1	ACP-046902	interleaved_b	T1_easy	10k_final	29	true		
ac-v1-06393	INTLB-b3t-58-1	ACP-044346	interleaved_b	T1_easy	10k_final	34	true		
ac-v1-06394	INTLB-b3t-118-1	ACP-042551	interleaved_b	T1_easy	10k_final	31	true		
ac-v1-06395	INTLB-b4-2051-1	ACP-038291	interleaved_b	T1_easy	10k_final	28	true		
ac-v1-06396	INTLB-b4-1469-1	ACP-038948	interleaved_b	T2_medium	100k	31	true		
ac-v1-06397	INTLB-b4-1697-0	ACP-041173	interleaved_b	T1_easy	10k_final	29	true		
ac-v1-06398	AUTH-19_42-k1-0	ACP-024497	aut_hard	T5_moonshot	100k	21	true		
ac-v1-06399	MS-n8-wXXXyxyxxy	ACP-016302	ms_expanded	T4_frontier	100k	29	true		
ac-v1-06400	INTL-b3-137-1	ACP-000704	interleaved	T1_easy	10k_final	34	true		
ac-v1-06401	INTLB-b4-2981-0	ACP-041881	interleaved_b	T3_hard_solvable	100k	34	true		
ac-v1-06402	INTLB-b4-3310-1	ACP-044028	interleaved_b	T3_hard_solvable	100k	29	true		
ac-v1-06403	INTL-b4-149-1	ACP-006548	interleaved	T2_medium	100k	25	true		
ac-v1-06404	MS-n7-wXyyxy	ACP-012799	ms_expanded	T4_frontier	100k	23	true	open	154
ac-v1-06405	INTLB-b4-1857-1	ACP-038005	interleaved_b	T2_medium	100k	28	true		
ac-v1-06406	INTLB-b3t-947-0	ACP-041344	interleaved_b	T1_easy	10k_final	30	true		
ac-v1-06407	AUTH-17_12-k1-3	ACP-007117	aut_hard	T5_moonshot	100k	17	true		
ac-v1-06408	INTLB-b4-560-1	ACP-038453	interleaved_b	T3_hard_solvable	100k	27	true		
ac-v1-06409	INTLB-b4-1429-0	ACP-041744	interleaved_b	T3_hard_solvable	100k	26	true		
ac-v1-06410	INTLB-b4-2794-1	ACP-045235	interleaved_b	T2_medium	100k	35	true		
ac-v1-06411	INTLB-b4-314-0	ACP-045746	interleaved_b	T2_medium	100k	31	true		
ac-v1-06412	AUTH-25_9-k12-0	ACP-016886	aut_hard	T5_moonshot	100k	37	true		
ac-v1-06413	INTLB-b4-631-1	ACP-046235	interleaved_b	T3_hard_solvable	100k	34	true		
ac-v1-06414	MS-n4-wYxYYYXy	ACP-036369	ms_expanded	T4_frontier	100k	19	true	open	1124
ac-v1-06415	INTLB-b4-1978-1	ACP-038556	interleaved_b	T1_easy	10k_final	33	true		
ac-v1-06416	INTLB-b4-560-0	ACP-046158	interleaved_b	T3_hard_solvable	100k	23	true		
ac-v1-06417	MS-n3-wXXYYYxYxy	ACP-025636	ms_expanded	T5_moonshot	10k_final	19	true		
ac-v1-06418	MS-n4-wXXyxyxYY	ACP-002698	ms_expanded	T4_frontier	100k	20	true		
ac-v1-06419	INTLB-b3t-688-0	ACP-037417	interleaved_b	T2_medium	100k	33	true		
ac-v1-06420	MS-n10-wYXyyxy	ACP-029139	ms_expanded	T4_frontier	100k	30	true		
ac-v1-06421	INTLB-b3t-501-1	ACP-038811	interleaved_b	T1_easy	10k_final	24	true		
ac-v1-06422	INTLB-b3t-398-1	ACP-044338	interleaved_b	T1_easy	10k_final	27	true		
ac-v1-06423	INTLB-b3t-507-0	ACP-043220	interleaved_b	T1_easy	10k_final	17	true		
ac-v1-06424	MS-n2-wXYXYYYYxxY	ACP-010103	ms_expanded	T1_easy	10k_final	18	true		
ac-v1-06425	INTL-b4-192-1	ACP-020956	interleaved	T2_medium	100k	29	true		
ac-v1-06426	INTLB-b3t-322-1	ACP-045797	interleaved_b	T1_easy	10k_final	31	true		
ac-v1-06427	INTLB-b4-1986-0	ACP-043696	interleaved_b	T1_easy	10k_final	31	true		
ac-v1-06428	MS-n7-wXXXyxYxxY	ACP-026754	ms_expanded	T4_frontier	100k	27	true		
ac-v1-06429	INTLB-b4-2713-0	ACP-042236	interleaved_b	T3_hard_solvable	100k	30	true		
ac-v1-06430	INTLB-b4-559-1	ACP-046773	interleaved_b	T2_medium	100k	35	true		
ac-v1-06431	INTLB-b3t-577-0	ACP-047192	interleaved_b	T1_easy	10k_final	35	true		
ac-v1-06432	INTLB-b3t-796-0	ACP-041716	interleaved_b	T1_easy	10k_final	33	true		
ac-v1-06433	MS-n5-wXXyyxxYY	ACP-026482	ms_expanded	T4_frontier	100k	22	true		
ac-v1-06434	INTLB-b4-2122-1	ACP-040987	interleaved_b	T3_hard_solvable	100k	33	true		
ac-v1-06435	INTLB-b3t-244-1	ACP-037789	interleaved_b	T1_easy	10k_final	31	true		
ac-v1-06436	MS-n5-wXYYxY	ACP-000824	ms_expanded	T4_frontier	100k	19	true	open	166
ac-v1-06437	MS-n4-wXXXyyxxxy	ACP-019249	ms_expanded	T4_frontier	100k	21	true		
ac-v1-06438	AUTH-19_9-k1-1	ACP-030958	aut_hard	T5_moonshot	100k	27	true		
ac-v1-06439	INTLB-b4-2219-1	ACP-046556	interleaved_b	T2_medium	100k	35	true		
ac-v1-06440	INTLB-b4-402-0	ACP-041711	interleaved_b	T2_medium	100k	29	true		
ac-v1-06441	INTLB-b4-2633-1	ACP-038014	interleaved_b	T3_hard_solvable	100k	35	true		
ac-v1-06442	INTLB-b3t-552-1	ACP-046190	interleaved_b	T1_easy	10k_final	31	true		
ac-v1-06443	MS-n8-wyXyxy	ACP-019029	ms_expanded	T4_frontier	100k	25	true		
ac-v1-06444	MS-n9-wXXXYYxxYxY	ACP-027409	ms_expanded	T4_frontier	100k	32	true		
ac-v1-06445	MS-n6-wXXXYxYxYxy	ACP-010813	ms_expanded	T4_frontier	100k	26	true		
ac-v1-06446	INTLB-b4-2100-0	ACP-041291	interleaved_b	T1_easy	10k_final	27	true		
ac-v1-06447	AUTH-21_30-k1-0	ACP-010251	aut_hard	T5_moonshot	100k	25	true		
ac-v1-06448	INTLB-b4-2995-1	ACP-040025	interleaved_b	T2_medium	100k	30	true		
ac-v1-06449	MS-n1-wXXXYYxxYxy	ACP-034461	ms_expanded	T1_easy	10k_final	16	true		
ac-v1-06450	MS-n8-wXYxyy	ACP-012962	ms_expanded	T4_frontier	100k	25	true		
ac-v1-06451	INTLB-b4-3948-0	ACP-043070	interleaved_b	T3_hard_solvable	100k	29	true		
ac-v1-06452	INTLB-b4-1446-0	ACP-042565	interleaved_b	T1_easy	10k_final	29	true		
ac-v1-06453	INTLB-b4-179-1	ACP-042451	interleaved_b	T1_easy	10k_final	30	true		
ac-v1-06454	INTLB-b4-2221-0	ACP-044556	interleaved_b	T1_easy	10k_final	31	true		
ac-v1-06455	INTLB-b3t-449-0	ACP-040528	interleaved_b	T1_easy	10k_final	35	true		
ac-v1-06456	INTLB-b3t-198-0	ACP-040969	interleaved_b	T0_warmup	10k_final	30	true		
ac-v1-06457	INTLB-b4-1145-0	ACP-044783	interleaved_b	T1_easy	10k_final	32	true		
ac-v1-06458	INTL-b4-109-1	ACP-027980	interleaved	T1_easy	10k_final	32	true		
ac-v1-06459	INTLB-b4-735-0	ACP-046431	interleaved_b	T2_medium	100k	31	true		
ac-v1-06460	INTLB-b4-1457-0	ACP-045441	interleaved_b	T1_easy	10k_final	32	true		
ac-v1-06461	INTLB-b3t-187-0	ACP-044421	interleaved_b	T1_easy	10k_final	27	true		
ac-v1-06462	INTLB-b3t-430-1	ACP-039105	interleaved_b	T3_hard_solvable	100k	34	true		
ac-v1-06463	INTLB-b4-1257-0	ACP-037298	interleaved_b	T1_easy	10k_final	21	true		
ac-v1-06464	INTLB-b4-1794-1	ACP-044297	interleaved_b	T1_easy	10k_final	29	true		
ac-v1-06465	MS-n7-wYYYXYxYYYY	ACP-032888	ms_expanded	T1_easy	10k_final	28	true		
ac-v1-06466	AUTH-19_30-k12-0	ACP-015818	aut_hard	T5_moonshot	100k	25	true		
ac-v1-06467	MS-n8-wYYYYY	ACP-012290	ms_expanded	T0_warmup	10k_final	25	true		
ac-v1-06468	MS-n4-wYXyxyyyy	ACP-005044	ms_expanded	T1_easy	10k_final	20	true		
ac-v1-06469	MS-n4-wyXyxyy	ACP-020149	ms_expanded	T4_frontier	100k	18	true	open	452
ac-v1-06470	INTLB-b3t-453-1	ACP-040473	interleaved_b	T1_easy	10k_final	28	true		
ac-v1-06471	MS-n6-wXXYYYxyxy	ACP-028719	ms_expanded	T4_frontier	100k	25	true		
ac-v1-06472	INTLB-b4-1481-0	ACP-043870	interleaved_b	T2_medium	100k	31	true		
ac-v1-06473	INTLB-b4-381-0	ACP-043180	interleaved_b	T3_hard_solvable	100k	35	true		
ac-v1-06474	INTLB-b3t-81-0	ACP-042693	interleaved_b	T1_easy	10k_final	35	true		
ac-v1-06475	AUTH-23_19-k1-0	ACP-022721	aut_hard	T5_moonshot	100k	29	true		
ac-v1-06476	INTLB-b4-1439-1	ACP-045782	interleaved_b	T1_easy	10k_final	33	true		
ac-v1-06477	INTL-b4-113-0	ACP-026164	interleaved	T2_medium	100k	27	true		
ac-v1-06478	INTLB-b4-1200-0	ACP-043419	interleaved_b	T1_easy	10k_final	31	true		
ac-v1-06479	MS-n3-wXXXyxxYxy	ACP-034174	ms_expanded	T4_frontier	100k	19	true		
ac-v1-06480	INTLB-b4-572-0	ACP-040993	interleaved_b	T2_medium	100k	23	true		
ac-v1-06481	INTLB-b4-2227-1	ACP-045226	interleaved_b	T2_medium	100k	31	true		
ac-v1-06482	INTLB-b4-2628-0	ACP-041003	interleaved_b	T2_medium	100k	27	true		
ac-v1-06483	INTLB-b4-3211-1	ACP-045065	interleaved_b	T3_hard_solvable	100k	34	true		
ac-v1-06484	MS-n9-wYXYxyy	ACP-025145	ms_expanded	T4_frontier	100k	28	true		
ac-v1-06485	INTLB-b3t-414-1	ACP-040215	interleaved_b	T1_easy	10k_final	29	true		
ac-v1-06486	INTLB-b4-627-1	ACP-042484	interleaved_b	T2_medium	100k	32	true		
ac-v1-06487	MS-n8-wYxYYXy	ACP-021977	ms_expanded	T4_frontier	100k	26	true		
ac-v1-06488	INTLB-b4-3006-1	ACP-037684	interleaved_b	T2_medium	100k	33	true		
ac-v1-06489	INTLB-b4-2382-1	ACP-044799	interleaved_b	T3_hard_solvable	100k	31	true		
ac-v1-06490	MS-n5-wYXyyyyxy	ACP-002807	ms_expanded	T1_easy	10k_final	22	true		
ac-v1-06491	INTLB-b4-2061-0	ACP-040434	interleaved_b	T1_easy	10k_final	20	true		
ac-v1-06492	MS-n7-wXYXyxyxY	ACP-033890	ms_expanded	T5_moonshot	100k	26	true		
ac-v1-06493	INTLB-b3t-920-0	ACP-039875	interleaved_b	T1_easy	10k_final	29	true		
ac-v1-06494	INTLB-b4-1594-0	ACP-045182	interleaved_b	T3_hard_solvable	100k	25	true		
ac-v1-06495	MS-n3-wXYXYxyxY	ACP-017182	ms_expanded	T5_moonshot	100k	18	true		
ac-v1-06496	INTLB-b3t-49-1	ACP-038585	interleaved_b	T1_easy	10k_final	33	true		
ac-v1-06497	INTLB-b4-1435-0	ACP-037532	interleaved_b	T3_hard_solvable	100k	34	true		
ac-v1-06498	INTLB-b3t-772-1	ACP-046443	interleaved_b	T1_easy	10k_final	34	true		
ac-v1-06499	INTLB-b3t-665-0	ACP-039122	interleaved_b	T1_easy	10k_final	28	true		
ac-v1-06500	AUTH-AK(2)-k1-0	ACP-032611	aut_hard	T0_warmup	10k_final	13	true		
ac-v1-06501	INTLB-b3t-808-1	ACP-037476	interleaved_b	T1_easy	10k_final	30	true		
ac-v1-06502	INTLB-b4-2201-1	ACP-044224	interleaved_b	T1_easy	10k_final	36	true		
ac-v1-06503	INTLB-b4-1228-1	ACP-044412	interleaved_b	T1_easy	10k_final	31	true		
ac-v1-06504	INTLB-b4-2403-1	ACP-038201	interleaved_b	T2_medium	100k	25	true		
ac-v1-06505	MS-n3-wXXYxxYY	ACP-000413	ms_expanded	T4_frontier	100k	17	true	open	934
ac-v1-06506	MS-n9-wXXYxxy	ACP-010221	ms_expanded	T4_frontier	100k	28	true		
ac-v1-06507	MS-n10-wYYYYY	ACP-016594	ms_expanded	T0_warmup	10k_final	29	true		
ac-v1-06508	INTLB-b4-561-0	ACP-043455	interleaved_b	T2_medium	100k	33	true		
ac-v1-06509	INTLB-b4-1286-1	ACP-045019	interleaved_b	T1_easy	10k_final	34	true		
ac-v1-06510	INTLB-b3t-342-0	ACP-043573	interleaved_b	T1_easy	10k_final	32	true		
ac-v1-06511	INTLB-b4-1822-0	ACP-039845	interleaved_b	T1_easy	10k_final	26	true		
ac-v1-06512	INTLB-b4-2029-1	ACP-042114	interleaved_b	T3_hard_solvable	100k	33	true		
ac-v1-06513	INTLB-b4-1053-1	ACP-044368	interleaved_b	T1_easy	10k_final	29	true		
ac-v1-06514	INTL-b4-22-1	ACP-015075	interleaved	T2_medium	100k	19	true		
ac-v1-06515	AUTH-21_24-k1-0	ACP-021174	aut_hard	T5_moonshot	100k	31	true		
ac-v1-06516	INTL-b4-177-0	ACP-005570	interleaved	T2_medium	100k	34	true		
ac-v1-06517	INTLB-b4-843-0	ACP-045653	interleaved_b	T3_hard_solvable	100k	33	true		
ac-v1-06518	MS-n6-wYYYXYYYxY	ACP-010870	ms_expanded	T2_medium	100k	25	true		
ac-v1-06519	MS-n7-wXXXyxyxxY	ACP-029521	ms_expanded	T4_frontier	100k	27	true		
ac-v1-06520	MS-n7-wXYXyxxY	ACP-016466	ms_expanded	T5_moonshot	100k	25	false	open	1043
ac-v1-06521	INTLB-b3t-279-1	ACP-041496	interleaved_b	T1_easy	10k_final	31	true		
ac-v1-06522	INTLB-b3t-733-1	ACP-037747	interleaved_b	T1_easy	10k_final	28	true		
ac-v1-06523	INTL-b4-141-0	ACP-015032	interleaved	T1_easy	10k_final	33	true		
ac-v1-06524	INTLB-b3t-15-1	ACP-039168	interleaved_b	T1_easy	10k_final	29	true		
ac-v1-06525	AUTH-19_17-k0-0	ACP-032343	aut_hard	T5_moonshot	100k	19	true		
ac-v1-06526	INTLB-b3t-914-0	ACP-044068	interleaved_b	T1_easy	10k_final	27	true		
ac-v1-06527	MS-n2-wXXXYYxyxxY	ACP-012988	ms_expanded	T1_easy	10k_final	18	true		
ac-v1-06528	INTLB-b4-1658-0	ACP-039675	interleaved_b	T3_hard_solvable	100k	22	true		
ac-v1-06529	MS-n4-wYXYxYYY	ACP-027081	ms_expanded	T4_frontier	100k	19	true	open	977
ac-v1-06530	INTL-b1-0-1	ACP-004350	interleaved	T0_warmup	10k_final	25	true		
ac-v1-06531	INTL-b4-227-1	ACP-020974	interleaved	T2_medium	100k	27	true		
ac-v1-06532	INTLB-b4-1346-0	ACP-041209	interleaved_b	T2_medium	100k	35	true		
ac-v1-06533	INTLB-b4-3336-0	ACP-044594	interleaved_b	T3_hard_solvable	100k	27	true		
ac-v1-06534	AUTH-19_48-k1-0	ACP-019972	aut_hard	T5_moonshot	100k	19	true		
ac-v1-06535	INTLB-b4-3204-1	ACP-042598	interleaved_b	T2_medium	100k	31	true		
ac-v1-06536	INTL-b2-197-0	ACP-008500	interleaved	T1_easy	10k_final	33	true		
ac-v1-06537	INTL-b4-11-1	ACP-014088	interleaved	T1_easy	10k_final	27	true		
ac-v1-06538	MS-n8-wyxYXyy	ACP-009830	ms_expanded	T4_frontier	100k	26	true		
ac-v1-06539	INTLB-b4-38-0	ACP-046914	interleaved_b	T2_medium	100k	22	true		
ac-v1-06540	INTLB-b4-1143-0	ACP-042859	interleaved_b	T1_easy	10k_final	31	true		
ac-v1-06541	MS-n7-wXXyxxYY	ACP-002737	ms_expanded	T4_frontier	100k	25	true	open	1015
ac-v1-06542	INTLB-b3t-265-0	ACP-047141	interleaved_b	T1_easy	10k_final	31	true		
ac-v1-06543	INTLB-b4-3172-0	ACP-047053	interleaved_b	T2_medium	100k	32	true		
ac-v1-06544	MS-n2-wXXXYxxxYYY	ACP-006326	ms_expanded	T4_frontier	100k	18	true		
ac-v1-06545	INTLB-b4-841-1	ACP-042293	interleaved_b	T2_medium	100k	26	true		
ac-v1-06546	MS-n10-wXXyxyxyy	ACP-021709	ms_expanded	T4_frontier	100k	32	true		
ac-v1-06547	INTLB-b4-298-0	ACP-040746	interleaved_b	T3_hard_solvable	100k	33	true		
ac-v1-06548	MS-n4-wXXXYxYxxy	ACP-002624	ms_expanded	T4_frontier	100k	21	true		
ac-v1-06549	INTLB-b3t-89-0	ACP-040786	interleaved_b	T1_easy	10k_final	31	true		
ac-v1-06550	MS-n9-wXXXYxxYxyy	ACP-014287	ms_expanded	T4_frontier	100k	32	true		
ac-v1-06551	INTLB-b4-3125-0	ACP-045474	interleaved_b	T2_medium	100k	25	true		
ac-v1-06552	INTL-b4-0-1	ACP-000882	interleaved	T3_hard_solvable	100k	22	true		
ac-v1-06553	MS-n7-wYYxYYYYXy	ACP-014202	ms_expanded	T1_easy	10k_final	27	true		
ac-v1-06554	AUTH-23_20-k1-1	ACP-008613	aut_hard	T5_moonshot	100k	33	true		
ac-v1-06555	INTLB-b4-3554-1	ACP-046736	interleaved_b	T2_medium	100k	28	true		
ac-v1-06556	MS-n3-wXyxy	ACP-000794	ms_expanded	T5_moonshot	10k_final	14	true	open	66
ac-v1-06557	MS-n9-wYXYYxYYYYY	ACP-020381	ms_expanded	T1_easy	10k_final	32	true		
ac-v1-06558	INTLB-b4-1587-1	ACP-043743	interleaved_b	T1_easy	10k_final	32	true		
ac-v1-06559	MS-n9-wXyyxY	ACP-000718	ms_expanded	T4_frontier	100k	27	true		
ac-v1-06560	MS-n2-wXYxxYXYY	ACP-028393	ms_expanded	T4_frontier	100k	16	true		
ac-v1-06561	MS-n8-wXXYYxxY	ACP-002932	ms_expanded	T4_frontier	100k	27	true		
ac-v1-06562	INTLB-b3t-180-1	ACP-040360	interleaved_b	T1_easy	10k_final	30	true		
ac-v1-06563	MS-n9-wXXXyyxxxy	ACP-031809	ms_expanded	T4_frontier	100k	31	true		
ac-v1-06564	MS-n10-wXXXYxxYxYY	ACP-003626	ms_expanded	T4_frontier	100k	34	true		
ac-v1-06565	INTLB-b4-128-0	ACP-042184	interleaved_b	T1_easy	10k_final	30	true		
ac-v1-06566	MS-n8-wXXYYxYxYY	ACP-018230	ms_expanded	T4_frontier	100k	29	true		
ac-v1-06567	INTLB-b3t-484-0	ACP-044582	interleaved_b	T1_easy	10k_final	25	true		
ac-v1-06568	AUTH-19_12-k12-0	ACP-009923	aut_hard	T5_moonshot	100k	38	true		
ac-v1-06569	MS-n5-wXXXyxYxxy	ACP-010045	ms_expanded	T4_frontier	100k	23	true		
ac-v1-06570	MS-n3-wXXYYxxY	ACP-023812	ms_expanded	T4_frontier	100k	17	true	open	570
ac-v1-06571	INTLB-b4-2062-0	ACP-037363	interleaved_b	T1_easy	10k_final	31	true		
ac-v1-06572	AUTH-15_9-k1-1	ACP-010293	aut_hard	T5_moonshot	100k	15	true		
ac-v1-06573	INTLB-b4-603-0	ACP-045369	interleaved_b	T3_hard_solvable	100k	27	true		
ac-v1-06574	MS-n9-wYXYxyyyyy	ACP-008031	ms_expanded	T1_easy	10k_final	31	true		
ac-v1-06575	INTLB-b4-1386-1	ACP-044943	interleaved_b	T1_easy	10k_final	31	true		
ac-v1-06576	MS-n2-wXXyxyxy	ACP-002855	ms_expanded	T4_frontier	100k	15	true	open	534
ac-v1-06577	INTLB-b4-1575-0	ACP-039110	interleaved_b	T1_easy	10k_final	28	true		
ac-v1-06578	INTLB-b4-1697-1	ACP-042696	interleaved_b	T1_easy	10k_final	29	true		
ac-v1-06579	INTLB-b4-186-0	ACP-040276	interleaved_b	T1_easy	10k_final	32	true		
ac-v1-06580	INTL-b4-204-1	ACP-032094	interleaved	T3_hard_solvable	100k	25	true		
ac-v1-06581	MS-n5-wYXYxYYYYY	ACP-013651	ms_expanded	T2_medium	100k	23	true		
ac-v1-06582	INTL-b3-100-1	ACP-026748	interleaved	T0_warmup	10k_final	27	true		
ac-v1-06583	INTLB-b4-1127-0	ACP-044808	interleaved_b	T1_easy	10k_final	25	true		
ac-v1-06584	INTLB-b3t-813-0	ACP-045542	interleaved_b	T1_easy	10k_final	31	true		
ac-v1-06585	AUTH-19_31-k1-3	ACP-009359	aut_hard	T5_moonshot	100k	19	true		
ac-v1-06586	INTL-b4-142-0	ACP-027422	interleaved	T1_easy	10k_final	27	true		
ac-v1-06587	INTL-b4-36-1	ACP-014330	interleaved	T2_medium	100k	31	true		
ac-v1-06588	MS-n3-wXYYYYYYYxy	ACP-027128	ms_expanded	T1_easy	10k_final	20	true		
ac-v1-06589	MS-n10-wyxyXyy	ACP-022682	ms_expanded	T4_frontier	100k	30	true		
ac-v1-06590	INTL-b1-74-0	ACP-027135	interleaved	T1_easy	10k_final	36	true		
ac-v1-06591	INTLB-b4-2017-0	ACP-038982	interleaved_b	T1_easy	10k_final	30	true		
ac-v1-06592	INTLB-b3t-205-0	ACP-047070	interleaved_b	T1_easy	10k_final	23	true		
ac-v1-06593	INTLB-b4-1566-1	ACP-039977	interleaved_b	T1_easy	10k_final	29	true		
ac-v1-06594	INTLB-b4-2857-0	ACP-044584	interleaved_b	T3_hard_solvable	100k	31	true		
ac-v1-06595	INTLB-b4-1705-1	ACP-044344	interleaved_b	T1_easy	10k_final	33	true		
ac-v1-06596	MS-n9-wYYxYYYYYXy	ACP-029219	ms_expanded	T1_easy	10k_final	32	true		
ac-v1-06597	INTLB-b3t-9-1	ACP-042881	interleaved_b	T1_easy	10k_final	19	true		
ac-v1-06598	INTLB-b4-2225-1	ACP-043768	interleaved_b	T3_hard_solvable	100k	33	true		
ac-v1-06599	MS-n7-wXXXyxxYxY	ACP-004588	ms_expanded	T4_frontier	100k	27	true		
ac-v1-06600	MS-n8-wXyyxYYY	ACP-019985	ms_expanded	T4_frontier	100k	27	true		
ac-v1-06601	MS-n5-wXXXYxxYxYY	ACP-006587	ms_expanded	T4_frontier	100k	24	true		
ac-v1-06602	MS-n9-wXXYxxY	ACP-015348	ms_expanded	T4_frontier	100k	28	true		
ac-v1-06603	INTL-b3-168-0	ACP-018622	interleaved	T1_easy	10k_final	31	true		
ac-v1-06604	INTLB-b3t-392-1	ACP-037497	interleaved_b	T2_medium	100k	27	true		
ac-v1-06605	INTLB-b4-2104-1	ACP-046138	interleaved_b	T3_hard_solvable	100k	34	true		
ac-v1-06606	INTLB-b3t-169-1	ACP-041154	interleaved_b	T1_easy	10k_final	31	true		
ac-v1-06607	INTLB-b3t-891-1	ACP-039799	interleaved_b	T1_easy	10k_final	35	true		
ac-v1-06608	INTLB-b3t-681-1	ACP-044325	interleaved_b	T1_easy	10k_final	23	true		
ac-v1-06609	INTLB-b4-2258-1	ACP-042312	interleaved_b	T2_medium	100k	31	true		
ac-v1-06610	MS-n10-wYXYxy	ACP-000177	ms_expanded	T4_frontier	100k	29	true		
ac-v1-06611	AUTH-15_13-k0-0	ACP-022303	aut_hard	T5_moonshot	100k	15	true		
ac-v1-06612	INTLB-b4-3103-1	ACP-038501	interleaved_b	T2_medium	100k	29	true		
ac-v1-06613	INTLB-b4-1186-0	ACP-041882	interleaved_b	T1_easy	10k_final	29	true		
ac-v1-06614	INTLB-b4-556-0	ACP-044461	interleaved_b	T2_medium	100k	29	true		
ac-v1-06615	MS-n4-wYXYxYY	ACP-031212	ms_expanded	T4_frontier	100k	18	true	open	228
ac-v1-06616	AUTH-19_41-k1-0	ACP-029584	aut_hard	T5_moonshot	100k	19	true		
ac-v1-06617	INTLB-b3t-244-0	ACP-037443	interleaved_b	T1_easy	10k_final	31	true		
ac-v1-06618	INTLB-b4-1882-0	ACP-037828	interleaved_b	T1_easy	10k_final	33	true		
ac-v1-06619	INTLB-b3t-783-0	ACP-045458	interleaved_b	T1_easy	10k_final	27	true		
ac-v1-06620	INTLB-b4-2831-1	ACP-042392	interleaved_b	T2_medium	100k	25	true		
ac-v1-06621	MS-n5-wyXyxYY	ACP-014308	ms_expanded	T1_easy	10k_final	20	true	uncertified	222
ac-v1-06622	INTLB-b3t-116-0	ACP-040926	interleaved_b	T1_easy	10k_final	31	true		
ac-v1-06623	MS-n7-wYXyyxyyyy	ACP-021285	ms_expanded	T1_easy	10k_final	27	true		
ac-v1-06624	MS-n8-wyyXyyyyxyy	ACP-001128	ms_expanded	T2_medium	100k	30	true		
ac-v1-06625	INTLB-b4-1537-0	ACP-044796	interleaved_b	T1_easy	10k_final	27	true		
ac-v1-06626	INTLB-b4-2046-1	ACP-044097	interleaved_b	T2_medium	100k	35	true		
ac-v1-06627	INTLB-b3t-104-0	ACP-038460	interleaved_b	T1_easy	10k_final	27	true		
ac-v1-06628	INTL-b4-174-1	ACP-026875	interleaved	T2_medium	100k	35	true		
ac-v1-06629	MS-n6-wYXYXYxyxyy	ACP-018571	ms_expanded	T5_moonshot	100k	26	true		
ac-v1-06630	INTLB-b4-2526-0	ACP-039050	interleaved_b	T2_medium	100k	33	true		
ac-v1-06631	INTLB-b4-225-0	ACP-044116	interleaved_b	T1_easy	10k_final	29	true		
ac-v1-06632	INTLB-b3t-898-0	ACP-045218	interleaved_b	T1_easy	10k_final	34	true		
ac-v1-06633	INTLB-b4-4-1	ACP-041789	interleaved_b	T3_hard_solvable	100k	31	true		
ac-v1-06634	INTLB-b4-1358-0	ACP-042819	interleaved_b	T1_easy	10k_final	34	true		
ac-v1-06635	INTLB-b4-667-0	ACP-039234	interleaved_b	T2_medium	100k	32	true		
ac-v1-06636	INTLB-b4-1946-0	ACP-038484	interleaved_b	T2_medium	100k	32	true		
ac-v1-06637	MS-n6-wYXyyxY	ACP-003995	ms_expanded	T4_frontier	100k	22	true	open	279
ac-v1-06638	INTLB-b3t-656-1	ACP-041158	interleaved_b	T1_easy	10k_final	29	true		
ac-v1-06639	MS-n2-wXXXYYxYxxY	ACP-017824	ms_expanded	T0_warmup	10k_final	18	true		
ac-v1-06640	INTLB-b3t-930-0	ACP-043993	interleaved_b	T1_easy	10k_final	27	true		
ac-v1-06641	INTLB-b4-1985-0	ACP-038470	interleaved_b	T1_easy	10k_final	31	true		
ac-v1-06642	INTLB-b3t-933-1	ACP-039139	interleaved_b	T1_easy	10k_final	32	true		
ac-v1-06643	INTLB-b4-2032-0	ACP-042251	interleaved_b	T1_easy	10k_final	33	true		
ac-v1-06644	INTLB-b4-1242-0	ACP-039805	interleaved_b	T1_easy	10k_final	27	true		
ac-v1-06645	INTL-triv-0-1	ACP-029922	interleaved	T0_warmup	10k_final	29	true		
ac-v1-06646	INTL-b3-0-0	ACP-032039	interleaved	T1_easy	10k_final	27	true		
ac-v1-06647	MS-n5-wXXXXyxxxxY	ACP-027960	ms_expanded	T4_frontier	100k	24	true		
ac-v1-06648	MS-n6-wXyyyxyy	ACP-018256	ms_expanded	T1_easy	10k_final	23	true	uncertified	601
ac-v1-06649	MS-n7-wXXyyxyxy	ACP-019665	ms_expanded	T4_frontier	100k	26	true		
ac-v1-06650	INTLB-b4-2304-0	ACP-043792	interleaved_b	T2_medium	100k	34	true		
ac-v1-06651	MS-n10-wYXyyyyyxYY	ACP-033279	ms_expanded	T1_easy	10k_final	34	true		
ac-v1-06652	INTL-b2-290-1	ACP-006640	interleaved	T1_easy	10k_final	31	true		
ac-v1-06653	MS-n3-wXYxYYYYYY	ACP-032165	ms_expanded	T1_easy	10k_final	19	true		
ac-v1-06654	INTLB-b4-1461-0	ACP-037735	interleaved_b	T2_medium	100k	33	true		
ac-v1-06655	INTLB-b4-2073-0	ACP-046618	interleaved_b	T1_easy	10k_final	20	true		
ac-v1-06656	MS-n3-wXYYYYxYY	ACP-004471	ms_expanded	T1_easy	10k_final	18	true		
ac-v1-06657	INTLB-b4-3204-0	ACP-037269	interleaved_b	T2_medium	100k	23	true		
ac-v1-06658	INTLB-b4-76-1	ACP-043675	interleaved_b	T2_medium	100k	35	true		
ac-v1-06659	INTLB-b3t-585-0	ACP-042454	interleaved_b	T1_easy	10k_final	31	true		
ac-v1-06660	INTLB-b3t-135-1	ACP-044240	interleaved_b	T1_easy	10k_final	29	true		
ac-v1-06661	INTLB-b3t-602-1	ACP-045894	interleaved_b	T1_easy	10k_final	33	true		
ac-v1-06662	INTL-b4-18-1	ACP-003764	interleaved	T2_medium	100k	35	true		
ac-v1-06663	MS-n3-wyXyxYYY	ACP-022407	ms_expanded	T5_moonshot	10k_final	17	false	open	1067
ac-v1-06664	INTL-b4-17-1	ACP-026664	interleaved	T1_easy	10k_final	34	true		
ac-v1-06665	MS-n7-wXXXYYxYxxy	ACP-022840	ms_expanded	T4_frontier	100k	28	true		
ac-v1-06666	INTLB-b4-118-1	ACP-038225	interleaved_b	T1_easy	10k_final	28	true		
ac-v1-06667	AUTH-25_32-k12-1	ACP-020553	aut_hard	T5_moonshot	100k	26	true		
ac-v1-06668	INTLB-b4-3229-0	ACP-046758	interleaved_b	T3_hard_solvable	100k	29	true		
ac-v1-06669	MS-n7-wXXyxxyy	ACP-013982	ms_expanded	T5_moonshot	100k	25	false	open	973
ac-v1-06670	INTLB-b3t-94-0	ACP-039024	interleaved_b	T2_medium	100k	35	true		
ac-v1-06671	INTLB-b3t-32-0	ACP-039013	interleaved_b	T3_hard_solvable	100k	33	true		
ac-v1-06672	MS-n3-wYXyxy	ACP-023370	ms_expanded	T5_moonshot	10k_final	15	true	open	101
ac-v1-06673	MS-n4-wXXYxxYY	ACP-019452	ms_expanded	T5_moonshot	100k	19	true	open	935
ac-v1-06674	INTLB-b4-2281-1	ACP-047038	interleaved_b	T2_medium	100k	23	true		
ac-v1-06675	INTLB-b4-1444-1	ACP-040927	interleaved_b	T1_easy	10k_final	30	true		
ac-v1-06676	INTLB-b4-2013-0	ACP-038708	interleaved_b	T2_medium	100k	25	true		
ac-v1-06677	INTLB-b4-2907-1	ACP-040471	interleaved_b	T3_hard_solvable	100k	30	true		
ac-v1-06678	INTLB-b4-838-0	ACP-037572	interleaved_b	T2_medium	100k	31	true		
ac-v1-06679	AUTH-17_11-k1-1	ACP-016193	aut_hard	T5_moonshot	100k	18	true		
ac-v1-06680	INTLB-b4-158-1	ACP-044769	interleaved_b	T1_easy	10k_final	33	true		
ac-v1-06681	MS-n6-wXXXYYxyxxy	ACP-012766	ms_expanded	T4_frontier	100k	26	true		
ac-v1-06682	INTLB-b3t-764-0	ACP-047102	interleaved_b	T3_hard_solvable	100k	20	true		
ac-v1-06683	INTLB-b4-3944-0	ACP-042005	interleaved_b	T3_hard_solvable	100k	33	true		
ac-v1-06684	MS-n7-wXXYYYxYxy	ACP-021928	ms_expanded	T4_frontier	100k	27	true		
ac-v1-06685	INTLB-b3t-214-0	ACP-038623	interleaved_b	T1_easy	10k_final	27	true		
ac-v1-06686	INTLB-b4-2153-1	ACP-040943	interleaved_b	T3_hard_solvable	100k	31	true		
ac-v1-06687	INTLB-b4-2380-0	ACP-041802	interleaved_b	T3_hard_solvable	100k	29	true		
ac-v1-06688	INTLB-b4-1851-1	ACP-041140	interleaved_b	T3_hard_solvable	100k	31	true		
ac-v1-06689	INTLB-b3t-326-1	ACP-043284	interleaved_b	T1_easy	10k_final	24	true		
ac-v1-06690	INTLB-b4-1910-0	ACP-044793	interleaved_b	T2_medium	100k	33	true		
ac-v1-06691	INTL-b4-183-0	ACP-031858	interleaved	T1_easy	10k_final	22	true		
ac-v1-06692	INTLB-b3t-6-1	ACP-041713	interleaved_b	T1_easy	10k_final	31	true		
ac-v1-06693	MS-n3-wXXXYxxyxY	ACP-000618	ms_expanded	T4_frontier	100k	19	true		
ac-v1-06694	INTLB-b4-1611-1	ACP-042494	interleaved_b	T3_hard_solvable	100k	33	true		
ac-v1-06695	INTLB-b4-1913-0	ACP-047029	interleaved_b	T1_easy	10k_final	28	true		
ac-v1-06696	INTLB-b4-1311-1	ACP-042309	interleaved_b	T3_hard_solvable	100k	29	true		
ac-v1-06697	INTLB-b4-2203-1	ACP-041168	interleaved_b	T3_hard_solvable	100k	35	true		
ac-v1-06698	MS-n7-wXXYxYxy	ACP-028381	ms_expanded	T5_moonshot	100k	25	false	open	945
ac-v1-06699	INTLB-b4-1805-0	ACP-046093	interleaved_b	T1_easy	10k_final	25	true		
ac-v1-06700	INTLB-b4-1542-1	ACP-043904	interleaved_b	T2_medium	100k	31	true		
ac-v1-06701	MS-n9-wYYXYxY	ACP-002709	ms_expanded	T4_frontier	100k	28	true		
ac-v1-06702	INTLB-b4-1885-0	ACP-040865	interleaved_b	T3_hard_solvable	100k	31	true		
ac-v1-06703	MS-n7-wYXYxYYY	ACP-033406	ms_expanded	T4_frontier	100k	25	true	open	980
ac-v1-06704	INTLB-b4-1185-1	ACP-037781	interleaved_b	T1_easy	10k_final	19	true		
ac-v1-06705	INTLB-b3t-555-1	ACP-037290	interleaved_b	T3_hard_solvable	100k	31	true		
ac-v1-06706	INTLB-b4-488-1	ACP-041251	interleaved_b	T3_hard_solvable	100k	35	true		
ac-v1-06707	INTLB-b3t-463-0	ACP-042801	interleaved_b	T2_medium	100k	28	true		
ac-v1-06708	INTLB-b4-301-0	ACP-041175	interleaved_b	T3_hard_solvable	100k	22	true		
ac-v1-06709	MS-n7-wXyxYYY	ACP-000798	ms_expanded	T4_frontier	100k	24	true	open	413
ac-v1-06710	MS-n10-wXYYYYxY	ACP-000053	ms_expanded	T4_frontier	100k	31	true		
ac-v1-06711	INTL-b4-175-1	ACP-001527	interleaved	T1_easy	10k_final	29	true		
ac-v1-06712	INTLB-b3t-588-1	ACP-042305	interleaved_b	T3_hard_solvable	100k	33	true		
ac-v1-06713	AUTH-19_21-k12-0	ACP-036796	aut_hard	T5_moonshot	100k	28	true		
ac-v1-06714	INTLB-b3t-578-0	ACP-043157	interleaved_b	T3_hard_solvable	100k	36	true		
ac-v1-06715	INTL-b3-224-1	ACP-006773	interleaved	T2_medium	100k	31	true		
ac-v1-06716	INTL-b3-130-1	ACP-031997	interleaved	T1_easy	10k_final	33	true		
ac-v1-06717	MS-n5-wXYYxYYY	ACP-027574	ms_expanded	T1_easy	10k_final	21	true	uncertified	866
ac-v1-06718	MS-n10-wYYYYYxyyXy	ACP-011640	ms_expanded	T1_easy	10k_final	34	true		
ac-v1-06719	INTLB-b4-2649-1	ACP-046534	interleaved_b	T2_medium	100k	36	true		
ac-v1-06720	INTL-b4-161-0	ACP-000600	interleaved	T1_easy	10k_final	26	true		
ac-v1-06721	INTLB-b3t-556-1	ACP-045266	interleaved_b	T1_easy	10k_final	35	true		
ac-v1-06722	INTLB-b4-1652-1	ACP-039962	interleaved_b	T1_easy	10k_final	31	true		
ac-v1-06723	AUTH-17_20-k1-1	ACP-027487	aut_hard	T5_moonshot	100k	17	true		
ac-v1-06724	MS-n3-wXXyyxxyy	ACP-010294	ms_expanded	T4_frontier	100k	18	true		
ac-v1-06725	INTLB-b4-2497-1	ACP-042004	interleaved_b	T2_medium	100k	35	true		
ac-v1-06726	INTLB-b4-3198-0	ACP-039241	interleaved_b	T2_medium	100k	24	true		
ac-v1-06727	MS-n9-wXyxY	ACP-005616	ms_expanded	T4_frontier	100k	26	true		
ac-v1-06728	AUTH-22_8-k1-0	ACP-024737	aut_hard	T5_moonshot	100k	27	true		
ac-v1-06729	INTLB-b4-1581-0	ACP-038192	interleaved_b	T1_easy	10k_final	19	true		
ac-v1-06730	AUTH-23_3-k1-2	ACP-004181	aut_hard	T5_moonshot	100k	33	true		
ac-v1-06731	INTLB-b4-1695-1	ACP-037899	interleaved_b	T1_easy	10k_final	22	true		
ac-v1-06732	INTLB-b4-1076-1	ACP-038882	interleaved_b	T1_easy	10k_final	25	true		
ac-v1-06733	INTLB-b4-1077-0	ACP-044075	interleaved_b	T1_easy	10k_final	29	true		
ac-v1-06734	MS-n2-wXYXYxyxY	ACP-008240	ms_expanded	T4_frontier	100k	16	true		
ac-v1-06735	MS-n8-wXXYYxyxy	ACP-001139	ms_expanded	T4_frontier	100k	28	true		
ac-v1-06736	INTLB-b4-2055-1	ACP-046307	interleaved_b	T2_medium	100k	33	true		
ac-v1-06737	INTLB-b4-1036-1	ACP-041776	interleaved_b	T1_easy	10k_final	24	true		
ac-v1-06738	INTLB-b4-2120-1	ACP-037547	interleaved_b	T1_easy	10k_final	31	true		
ac-v1-06739	MS-n6-wXyxxYXy	ACP-017655	ms_expanded	T5_moonshot	100k	23	false	open	1021
ac-v1-06740	INTLB-b4-195-0	ACP-041023	interleaved_b	T2_medium	100k	19	true		
ac-v1-06741	INTLB-b3t-36-1	ACP-040470	interleaved_b	T3_hard_solvable	100k	26	true		
ac-v1-06742	INTLB-b3t-352-0	ACP-043608	interleaved_b	T1_easy	10k_final	24	true		
ac-v1-06743	AUTH-17_2-k0-0	ACP-035383	aut_hard	T5_moonshot	100k	17	true		
ac-v1-06744	MS-n6-wXXYxxYYY	ACP-018014	ms_expanded	T4_frontier	100k	24	true		
ac-v1-06745	INTLB-b4-763-1	ACP-047104	interleaved_b	T2_medium	100k	32	true		
ac-v1-06746	INTLB-b4-1304-0	ACP-045467	interleaved_b	T2_medium	100k	35	true		
ac-v1-06747	AUTH-14_1-k1-3	ACP-028655	aut_hard	T5_moonshot	10k_final	17	true		
ac-v1-06748	INTLB-b4-1719-1	ACP-042954	interleaved_b	T1_easy	10k_final	33	true		
ac-v1-06749	MS-n8-wYYYYXyyxYY	ACP-032338	ms_expanded	T1_easy	10k_final	30	true		
ac-v1-06750	INTLB-b4-449-1	ACP-045964	interleaved_b	T3_hard_solvable	100k	22	true		
ac-v1-06751	INTLB-b4-2905-1	ACP-045910	interleaved_b	T2_medium	100k	32	true		
ac-v1-06752	MS-n3-wYXyyxy	ACP-003774	ms_expanded	T1_easy	10k_final	16	true	uncertified	332
ac-v1-06753	MS-n9-wXXYYYxyxy	ACP-036953	ms_expanded	T4_frontier	100k	31	true		
ac-v1-06754	INTLB-b3t-387-1	ACP-039508	interleaved_b	T1_easy	10k_final	27	true		
ac-v1-06755	INTL-b3-1-0	ACP-027167	interleaved	T1_easy	10k_final	28	true		
ac-v1-06756	INTLB-b4-1992-1	ACP-039723	interleaved_b	T3_hard_solvable	100k	26	true		
ac-v1-06757	INTLB-b4-1014-1	ACP-045401	interleaved_b	T1_easy	10k_final	33	true		
ac-v1-06758	INTLB-b4-1897-0	ACP-046474	interleaved_b	T1_easy	10k_final	22	true		
ac-v1-06759	INTLB-b3t-798-0	ACP-043276	interleaved_b	T1_easy	10k_final	32	true		
ac-v1-06760	AUTH-15_3-k1-3	ACP-027994	aut_hard	T5_moonshot	100k	17	true		
ac-v1-06761	INTLB-b4-1462-1	ACP-039746	interleaved_b	T1_easy	10k_final	24	true		
ac-v1-06762	INTL-b2-258-0	ACP-021973	interleaved	T1_easy	10k_final	24	true		
ac-v1-06763	INTL-b3-152-1	ACP-016368	interleaved	T1_easy	10k_final	19	true		
ac-v1-06764	MS-n6-wXyyyyxY	ACP-018645	ms_expanded	T4_frontier	100k	23	true	open	594
ac-v1-06765	INTLB-b4-3080-0	ACP-038095	interleaved_b	T2_medium	100k	33	true		
ac-v1-06766	INTLB-b4-1792-1	ACP-038757	interleaved_b	T1_easy	10k_final	29	true		
ac-v1-06767	INTL-b3-152-0	ACP-001242	interleaved	T1_easy	10k_final	35	true		
ac-v1-06768	INTLB-b4-1110-1	ACP-046229	interleaved_b	T1_easy	10k_final	26	true		
ac-v1-06769	INTLB-b4-2179-1	ACP-039726	interleaved_b	T3_hard_solvable	100k	27	true		
ac-v1-06770	MS-n5-wYYXyxyy	ACP-030407	ms_expanded	T4_frontier	100k	21	true	open	551
ac-v1-06771	INTLB-b4-1996-0	ACP-041847	interleaved_b	T1_easy	10k_final	27	true		
ac-v1-06772	INTLB-b3t-475-0	ACP-041219	interleaved_b	T1_easy	10k_final	31	true		
ac-v1-06773	MS-n6-wYYYXYYxyy	ACP-005267	ms_expanded	T1_easy	10k_final	25	true		
ac-v1-06774	INTLB-b4-2260-1	ACP-039233	interleaved_b	T3_hard_solvable	100k	28	true		
ac-v1-06775	INTLB-b3t-932-1	ACP-046588	interleaved_b	T1_easy	10k_final	25	true		
ac-v1-06776	MS-n5-wXXXYxYxxY	ACP-028936	ms_expanded	T4_frontier	100k	23	true		
ac-v1-06777	INTLB-b4-62-1	ACP-043486	interleaved_b	T3_hard_solvable	100k	35	true		
ac-v1-06778	AUTH-19_11-k1-1	ACP-029357	aut_hard	T5_moonshot	100k	25	true		
ac-v1-06779	MS-n9-wyXyxyyyyy	ACP-015934	ms_expanded	T2_medium	100k	31	true		
ac-v1-06780	INTL-b4-118-0	ACP-026357	interleaved	T1_easy	10k_final	29	true		
ac-v1-06781	INTLB-b4-227-0	ACP-041161	interleaved_b	T3_hard_solvable	100k	29	true		
ac-v1-06782	INTLB-b3t-880-1	ACP-044800	interleaved_b	T1_easy	10k_final	33	true		
ac-v1-06783	AUTH-23_17-k1-1	ACP-028491	aut_hard	T5_moonshot	100k	35	true		
ac-v1-06784	INTLB-b4-2767-1	ACP-044404	interleaved_b	T2_medium	100k	32	true		
ac-v1-06785	MS-n2-wXYxxyXy	ACP-002794	ms_expanded	T4_frontier	100k	15	true	open	1157
ac-v1-06786	INTLB-b4-3156-1	ACP-046124	interleaved_b	T2_medium	100k	31	true		
ac-v1-06787	INTLB-b4-2596-0	ACP-045873	interleaved_b	T2_medium	100k	29	true		
ac-v1-06788	INTLB-b4-1498-0	ACP-046485	interleaved_b	T1_easy	10k_final	27	true		
ac-v1-06789	AUTH-17_33-k1-0	ACP-001721	aut_hard	T5_moonshot	100k	17	true		
ac-v1-06790	INTLB-b3t-613-0	ACP-041459	interleaved_b	T1_easy	10k_final	22	true		
ac-v1-06791	MS-n10-wXYxyyyy	ACP-021296	ms_expanded	T4_frontier	100k	31	true		
ac-v1-06792	MS-n10-wXYYxyy	ACP-034520	ms_expanded	T4_frontier	100k	30	true		
ac-v1-06793	INTLB-b3t-863-0	ACP-039457	interleaved_b	T1_easy	10k_final	31	true		
ac-v1-06794	INTLB-b4-1354-1	ACP-045591	interleaved_b	T3_hard_solvable	100k	32	true		
ac-v1-06795	MS-n9-wYYxyyXyy	ACP-017836	ms_expanded	T1_easy	10k_final	30	true		
ac-v1-06796	MS-n7-wXyxY	ACP-027521	ms_expanded	T2_medium	100k	22	true	uncertified	84
ac-v1-06797	INTLB-b4-1970-1	ACP-045269	interleaved_b	T1_easy	10k_final	25	true		
ac-v1-06798	INTLB-b3t-587-0	ACP-047036	interleaved_b	T1_easy	10k_final	33	true		
ac-v1-06799	MS-n6-wXyxyyyy	ACP-013145	ms_expanded	T4_frontier	100k	23	true	open	517
ac-v1-06800	INTLB-b4-2675-1	ACP-043953	interleaved_b	T2_medium	100k	27	true		
ac-v1-06801	MS-n2-wXXyxxYY	ACP-036270	ms_expanded	T4_frontier	100k	15	true	open	1010
ac-v1-06802	INTL-b4-33-0	ACP-015828	interleaved	T3_hard_solvable	100k	30	true		
ac-v1-06803	INTLB-b4-2148-0	ACP-038398	interleaved_b	T3_hard_solvable	100k	29	true		
ac-v1-06804	INTLB-b4-1573-1	ACP-037765	interleaved_b	T1_easy	10k_final	31	true		
ac-v1-06805	MS-n5-wYYXYYxY	ACP-004997	ms_expanded	T4_frontier	100k	21	true	open	789
ac-v1-06806	MS-n5-wXXyxyyxY	ACP-006384	ms_expanded	T4_frontier	100k	22	true		
ac-v1-06807	INTLB-b4-3308-1	ACP-037431	interleaved_b	T3_hard_solvable	100k	27	true		
ac-v1-06808	MS-n8-wXXXYYxYxxY	ACP-004735	ms_expanded	T4_frontier	100k	30	true		
ac-v1-06809	MS-n9-wXXYYxYxy	ACP-009181	ms_expanded	T4_frontier	100k	30	true		
ac-v1-06810	INTLB-b3t-72-0	ACP-043829	interleaved_b	T1_easy	10k_final	32	true		
ac-v1-06811	MS-n8-wXYYYxyy	ACP-028363	ms_expanded	T4_frontier	100k	27	true		
ac-v1-06812	MS-n3-wyXyyxy	ACP-015551	ms_expanded	T1_easy	10k_final	16	true	uncertified	493
ac-v1-06813	INTLB-b4-2440-1	ACP-039478	interleaved_b	T2_medium	100k	31	true		
ac-v1-06814	INTL-b2-180-0	ACP-002477	interleaved	T1_easy	10k_final	22	true		
ac-v1-06815	INTLB-b4-401-0	ACP-044015	interleaved_b	T2_medium	100k	35	true		
ac-v1-06816	INTLB-b4-1559-1	ACP-038962	interleaved_b	T3_hard_solvable	100k	36	true		
ac-v1-06817	INTL-b4-107-0	ACP-018584	interleaved	T2_medium	100k	20	true		
ac-v1-06818	MS-n3-wYXyxyyy	ACP-001247	ms_expanded	T1_easy	10k_final	17	true	uncertified	563
ac-v1-06819	AUTH-25_2-k1-2	ACP-019928	aut_hard	T5_moonshot	100k	39	true		
ac-v1-06820	AUTH-21_31-k0-0	ACP-022460	aut_hard	T5_moonshot	100k	21	true		
ac-v1-06821	MS-n10-wYYYYYY	ACP-012260	ms_expanded	T0_warmup	10k_final	30	true		
ac-v1-06822	INTLB-b4-1574-1	ACP-044794	interleaved_b	T1_easy	10k_final	28	true		
ac-v1-06823	INTL-b2-167-1	ACP-010210	interleaved	T1_easy	10k_final	19	true		
ac-v1-06824	AUTH-21_15-k1-0	ACP-001179	aut_hard	T5_moonshot	100k	31	true		
ac-v1-06825	INTLB-b4-1845-1	ACP-045867	interleaved_b	T1_easy	10k_final	29	true		
ac-v1-06826	INTLB-b4-2197-0	ACP-042660	interleaved_b	T3_hard_solvable	100k	36	true		
ac-v1-06827	INTL-b3-156-0	ACP-016373	interleaved	T1_easy	10k_final	22	true		
ac-v1-06828	INTLB-b3t-234-0	ACP-037848	interleaved_b	T1_easy	10k_final	19	true		
ac-v1-06829	MS-n5-wyxYXyy	ACP-034766	ms_expanded	T1_easy	10k_final	20	true	uncertified	313
ac-v1-06830	INTLB-b4-2212-0	ACP-041571	interleaved_b	T2_medium	100k	33	true		
ac-v1-06831	AUTH-17_19-k1-2	ACP-033186	aut_hard	T5_moonshot	100k	21	true		
ac-v1-06832	INTLB-b4-2223-0	ACP-039767	interleaved_b	T1_easy	10k_final	23	true		
ac-v1-06833	INTLB-b3t-829-0	ACP-038625	interleaved_b	T1_easy	10k_final	27	true		
ac-v1-06834	MS-n4-wYYYxYXy	ACP-002472	ms_expanded	T1_easy	10k_final	19	true	uncertified	1152
ac-v1-06835	MS-n3-wXXyxxYY	ACP-035215	ms_expanded	T4_frontier	100k	17	true	open	1011
ac-v1-06836	INTLB-b4-268-0	ACP-040728	interleaved_b	T2_medium	100k	24	true		
ac-v1-06837	INTLB-b4-2415-1	ACP-042390	interleaved_b	T2_medium	100k	31	true		
ac-v1-06838	MS-n5-wXYxyy	ACP-030086	ms_expanded	T1_easy	10k_final	19	true	uncertified	89
ac-v1-06839	MS-n6-wXYYYxY	ACP-026195	ms_expanded	T1_easy	10k_final	22	true	uncertified	391
ac-v1-06840	INTLB-b4-2797-0	ACP-043012	interleaved_b	T3_hard_solvable	100k	27	true		
ac-v1-06841	MS-n10-wXXXyyxxxy	ACP-009699	ms_expanded	T4_frontier	100k	33	true		
ac-v1-06842	AUTH-15_10-k1-0	ACP-035711	aut_hard	T5_moonshot	100k	17	true		
ac-v1-06843	INTLB-b4-2450-1	ACP-037959	interleaved_b	T2_medium	100k	31	true		
ac-v1-06844	INTLB-b3t-121-0	ACP-041849	interleaved_b	T1_easy	10k_final	27	true		
ac-v1-06845	INTLB-b4-3123-1	ACP-038742	interleaved_b	T3_hard_solvable	100k	29	true		
ac-v1-06846	MS-n9-wXXXYYxYxxY	ACP-026618	ms_expanded	T4_frontier	100k	32	true		
ac-v1-06847	INTLB-b4-2537-1	ACP-045350	interleaved_b	T3_hard_solvable	100k	33	true		
ac-v1-06848	INTLB-b4-2506-0	ACP-044231	interleaved_b	T2_medium	100k	27	true		
ac-v1-06849	INTL-b3-153-1	ACP-005258	interleaved	T1_easy	10k_final	30	true		
ac-v1-06850	INTLB-b4-2668-1	ACP-039632	interleaved_b	T2_medium	100k	31	true		
ac-v1-06851	INTLB-b4-35-1	ACP-041750	interleaved_b	T2_medium	100k	20	true		
ac-v1-06852	AUTH-17_22-k1-1	ACP-032932	aut_hard	T5_moonshot	100k	17	true		
ac-v1-06853	INTLB-b4-2126-1	ACP-038632	interleaved_b	T3_hard_solvable	100k	29	true		
ac-v1-06854	INTLB-b4-1758-0	ACP-040954	interleaved_b	T1_easy	10k_final	24	true		
ac-v1-06855	INTLB-b4-2318-1	ACP-043132	interleaved_b	T2_medium	100k	32	true		
ac-v1-06856	INTLB-b4-2458-1	ACP-037380	interleaved_b	T3_hard_solvable	100k	33	true		
ac-v1-06857	INTLB-b3t-868-1	ACP-037953	interleaved_b	T1_easy	10k_final	35	true		
ac-v1-06858	MS-n9-wXYxYYY	ACP-028555	ms_expanded	T4_frontier	100k	28	true		
ac-v1-06859	INTLB-b3t-332-0	ACP-041798	interleaved_b	T1_easy	10k_final	31	true		
ac-v1-06860	INTLB-b4-11-0	ACP-044349	interleaved_b	T1_easy	10k_final	33	true		
ac-v1-06861	INTLB-b4-2062-1	ACP-040634	interleaved_b	T1_easy	10k_final	30	true		
ac-v1-06862	INTLB-b4-1573-0	ACP-046521	interleaved_b	T1_easy	10k_final	31	true		
ac-v1-06863	MS-n3-wXyyyxxYXY	ACP-016496	ms_expanded	T1_easy	10k_final	19	true		
ac-v1-06864	INTLB-b4-1780-1	ACP-044651	interleaved_b	T1_easy	10k_final	28	true		
ac-v1-06865	MS-n7-wXyxy	ACP-033027	ms_expanded	T5_moonshot	100k	22	true	open	70
ac-v1-06866	INTLB-b4-1824-0	ACP-039351	interleaved_b	T1_easy	10k_final	29	true		
ac-v1-06867	INTLB-b4-1067-1	ACP-045313	interleaved_b	T1_easy	10k_final	30	true		
ac-v1-06868	AUTH-20_2-k1-1	ACP-022544	aut_hard	T5_moonshot	100k	20	true		
ac-v1-06869	INTLB-b4-1459-0	ACP-046272	interleaved_b	T1_easy	10k_final	33	true		
ac-v1-06870	INTLB-b4-2487-0	ACP-040803	interleaved_b	T3_hard_solvable	100k	35	true		
ac-v1-06871	MS-n8-wYYYYxYYXyy	ACP-019241	ms_expanded	T1_easy	10k_final	30	true		
ac-v1-06872	INTLB-b4-2176-1	ACP-039414	interleaved_b	T1_easy	10k_final	29	true		
ac-v1-06873	INTLB-b4-2147-0	ACP-043017	interleaved_b	T1_easy	10k_final	27	true		
ac-v1-06874	INTLB-b3t-901-0	ACP-046005	interleaved_b	T1_easy	10k_final	22	true		
ac-v1-06875	AUTH-23_20-k1-2	ACP-005480	aut_hard	T5_moonshot	100k	23	true		
ac-v1-06876	MS-n5-wXXXYxYxxyy	ACP-030177	ms_expanded	T4_frontier	100k	24	true		
ac-v1-06877	INTLB-b4-1344-1	ACP-039585	interleaved_b	T3_hard_solvable	100k	33	true		
ac-v1-06878	MS-n8-wXXyyxYxY	ACP-002215	ms_expanded	T4_frontier	100k	28	true		
ac-v1-06879	INTLB-b4-104-0	ACP-043032	interleaved_b	T2_medium	100k	29	true		
ac-v1-06880	INTLB-b4-2238-0	ACP-043830	interleaved_b	T1_easy	10k_final	25	true		
ac-v1-06881	INTL-b3-114-0	ACP-001338	interleaved	T1_easy	10k_final	28	true		
ac-v1-06882	AUTH-25_26-k1-3	ACP-027302	aut_hard	T5_moonshot	100k	25	true		
ac-v1-06883	INTLB-b4-172-0	ACP-037940	interleaved_b	T1_easy	10k_final	31	true		
ac-v1-06884	INTLB-b4-3025-1	ACP-037839	interleaved_b	T3_hard_solvable	100k	36	true		
ac-v1-06885	INTLB-b3t-201-0	ACP-041769	interleaved_b	T1_easy	10k_final	31	true		
ac-v1-06886	INTLB-b4-3987-0	ACP-037540	interleaved_b	T2_medium	100k	32	true		
ac-v1-06887	INTLB-b3t-545-0	ACP-040231	interleaved_b	T1_easy	10k_final	26	true		
ac-v1-06888	MS-n1-wXYXYYYxxY	ACP-018923	ms_expanded	T1_easy	10k_final	15	true		
ac-v1-06889	MS-n10-wXXXYxYYxxy	ACP-034366	ms_expanded	T4_frontier	100k	34	true		
ac-v1-06890	MS-n4-wXXyyxYxy	ACP-014150	ms_expanded	T4_frontier	100k	20	true		
ac-v1-06891	INTLB-b4-1964-0	ACP-044335	interleaved_b	T3_hard_solvable	100k	31	true		
ac-v1-06892	INTLB-b3t-505-1	ACP-043282	interleaved_b	T1_easy	10k_final	30	true		
ac-v1-06893	INTLB-b3t-729-1	ACP-046296	interleaved_b	T1_easy	10k_final	35	true		
ac-v1-06894	INTLB-b3t-0-0	ACP-039955	interleaved_b	T1_easy	10k_final	21	true		
ac-v1-06895	INTL-b4-238-0	ACP-015073	interleaved	T3_hard_solvable	100k	35	true		
ac-v1-06896	AUTH-17_24-k1-0	ACP-020274	aut_hard	T5_moonshot	100k	21	true		
ac-v1-06897	MS-n5-wXXYxxYYY	ACP-032756	ms_expanded	T4_frontier	100k	22	true		
ac-v1-06898	INTL-b2-1-0	ACP-030310	interleaved	T0_warmup	10k_final	35	true		
ac-v1-06899	MS-n7-wYYXYYxyy	ACP-001073	ms_expanded	T1_easy	10k_final	26	true		
ac-v1-06900	INTLB-b4-3885-0	ACP-043101	interleaved_b	T2_medium	100k	35	true		
ac-v1-06901	INTLB-b3t-740-0	ACP-039921	interleaved_b	T1_easy	10k_final	29	true		
ac-v1-06902	INTLB-b4-1345-0	ACP-040111	interleaved_b	T1_easy	10k_final	25	true		
ac-v1-06903	MS-n2-wXXYYxYYxyy	ACP-035319	ms_expanded	T1_easy	10k_final	18	true		
ac-v1-06904	INTLB-b4-1230-1	ACP-046782	interleaved_b	T1_easy	10k_final	29	true		
ac-v1-06905	INTLB-b4-1155-1	ACP-042331	interleaved_b	T1_easy	10k_final	31	true		
ac-v1-06906	INTLB-b3t-411-1	ACP-038663	interleaved_b	T1_easy	10k_final	35	true		
ac-v1-06907	INTLB-b3t-657-1	ACP-040788	interleaved_b	T1_easy	10k_final	34	true		
ac-v1-06908	INTLB-b4-1173-0	ACP-042677	interleaved_b	T1_easy	10k_final	31	true		
ac-v1-06909	INTLB-b4-1480-0	ACP-038591	interleaved_b	T1_easy	10k_final	25	true		
ac-v1-06910	INTLB-b3t-42-1	ACP-043512	interleaved_b	T1_easy	10k_final	35	true		
ac-v1-06911	INTLB-b4-2765-0	ACP-045346	interleaved_b	T3_hard_solvable	100k	34	true		
ac-v1-06912	INTLB-b3t-91-1	ACP-046611	interleaved_b	T1_easy	10k_final	27	true		
ac-v1-06913	INTLB-b4-1591-0	ACP-040747	interleaved_b	T2_medium	100k	19	true		
ac-v1-06914	MS-n9-wXXXYxyxYxY	ACP-014813	ms_expanded	T4_frontier	100k	32	true		
ac-v1-06915	INTLB-b4-599-0	ACP-042666	interleaved_b	T3_hard_solvable	100k	33	true		
ac-v1-06916	MS-n2-wXXXYxxYxyy	ACP-011541	ms_expanded	T4_frontier	100k	18	true		
ac-v1-06917	MS-n10-wXXyxYxY	ACP-004570	ms_expanded	T4_frontier	100k	31	true		
ac-v1-06918	INTLB-b4-494-1	ACP-046368	interleaved_b	T2_medium	100k	30	true		
ac-v1-06919	INTLB-b4-1589-0	ACP-045836	interleaved_b	T1_easy	10k_final	30	true		
ac-v1-06920	INTLB-b4-2528-0	ACP-039766	interleaved_b	T2_medium	100k	29	true		
ac-v1-06921	INTLB-b4-148-1	ACP-037784	interleaved_b	T1_easy	10k_final	25	true		
ac-v1-06922	MS-n5-wXXyxYYxY	ACP-011579	ms_expanded	T4_frontier	100k	22	true		
ac-v1-06923	MS-n3-wXYXYYxxy	ACP-022560	ms_expanded	T4_frontier	100k	18	true		
ac-v1-06924	MS-n5-wXXYxyxYY	ACP-004663	ms_expanded	T4_frontier	100k	22	true		
ac-v1-06925	INTL-b4-37-0	ACP-025292	interleaved	T2_medium	100k	26	true		
ac-v1-06926	AUTH-25_14-k1-1	ACP-017472	aut_hard	T5_moonshot	100k	25	true		
ac-v1-06927	INTLB-b4-1619-1	ACP-039345	interleaved_b	T1_easy	10k_final	35	true		
ac-v1-06928	INTLB-b4-1921-1	ACP-041893	interleaved_b	T1_easy	10k_final	29	true		
ac-v1-06929	INTLB-b4-2261-1	ACP-039506	interleaved_b	T2_medium	100k	31	true		
ac-v1-06930	INTL-b4-210-0	ACP-023785	interleaved	T1_easy	10k_final	19	true		
ac-v1-06931	MS-n5-wXXXYxxxyy	ACP-007417	ms_expanded	T4_frontier	100k	23	true		
ac-v1-06932	INTLB-b4-623-1	ACP-037274	interleaved_b	T2_medium	100k	31	true		
ac-v1-06933	INTLB-b3t-369-1	ACP-046444	interleaved_b	T1_easy	10k_final	32	true		
ac-v1-06934	MS-n4-wXYXYYYYxxy	ACP-005816	ms_expanded	T1_easy	10k_final	22	true		
ac-v1-06935	INTLB-b3t-833-1	ACP-043435	interleaved_b	T1_easy	10k_final	28	true		
ac-v1-06936	INTLB-b4-1122-1	ACP-044918	interleaved_b	T1_easy	10k_final	25	true		
ac-v1-06937	MS-n9-wXXXyyxxxY	ACP-027355	ms_expanded	T4_frontier	100k	31	true		
ac-v1-06938	INTLB-b4-1345-1	ACP-043137	interleaved_b	T2_medium	100k	33	true		
ac-v1-06939	INTLB-b4-1298-0	ACP-040484	interleaved_b	T1_easy	10k_final	30	true		
ac-v1-06940	INTLB-b4-339-1	ACP-037620	interleaved_b	T2_medium	100k	24	true		
ac-v1-06941	INTLB-b4-3979-1	ACP-044366	interleaved_b	T3_hard_solvable	100k	30	true		
ac-v1-06942	INTLB-b4-1321-1	ACP-039022	interleaved_b	T2_medium	100k	31	true		
ac-v1-06943	INTLB-b3t-59-1	ACP-041139	interleaved_b	T1_easy	10k_final	27	true		
ac-v1-06944	MS-n8-wXXXYxxyxYY	ACP-036434	ms_expanded	T4_frontier	100k	30	true		
ac-v1-06945	AUTH-13_1-k1-0	ACP-020853	aut_hard	T5_moonshot	10k_final	13	true		
ac-v1-06946	INTLB-b4-1554-0	ACP-039587	interleaved_b	T1_easy	10k_final	23	true		
ac-v1-06947	INTLB-b4-218-1	ACP-039728	interleaved_b	T1_easy	10k_final	31	true		
ac-v1-06948	INTLB-b4-1113-0	ACP-046248	interleaved_b	T1_easy	10k_final	34	true		
ac-v1-06949	INTLB-b4-1540-1	ACP-043114	interleaved_b	T1_easy	10k_final	35	true		
ac-v1-06950	INTLB-b4-3221-0	ACP-047054	interleaved_b	T3_hard_solvable	100k	22	true		
ac-v1-06951	MS-n10-wYYXyyxYY	ACP-028645	ms_expanded	T1_easy	10k_final	32	true		
ac-v1-06952	INTLB-b3t-488-1	ACP-044749	interleaved_b	T1_easy	10k_final	26	true		
ac-v1-06953	MS-n8-wYXyxYY	ACP-018538	ms_expanded	T4_frontier	100k	26	true		
ac-v1-06954	MS-n7-wYxYYXy	ACP-000512	ms_expanded	T4_frontier	100k	24	true	open	245
ac-v1-06955	MS-n3-wXYXYxxYY	ACP-031103	ms_expanded	T4_frontier	100k	18	true		
ac-v1-06956	MS-n3-wXXXYYxxyxY	ACP-023705	ms_expanded	T4_frontier	100k	20	true		
ac-v1-06957	MS-n3-wXYYYxYxYXY	ACP-008787	ms_expanded	T1_easy	10k_final	20	true		
ac-v1-06958	INTLB-b3t-506-1	ACP-043270	interleaved_b	T1_easy	10k_final	34	true		
ac-v1-06959	MS-n8-wXXXyyxxxY	ACP-011277	ms_expanded	T4_frontier	100k	29	true		
ac-v1-06960	MS-n1-wXXXYxxxY	ACP-034874	ms_expanded	T0_warmup	10k_final	14	true		
ac-v1-06961	MS-n6-wYYYxyXy	ACP-035123	ms_expanded	T1_easy	10k_final	23	true	uncertified	1147
ac-v1-06962	INTLB-b4-1634-0	ACP-046269	interleaved_b	T1_easy	10k_final	29	true		
ac-v1-06963	MS-n3-wXYYYxxyXy	ACP-027615	ms_expanded	T1_easy	10k_final	19	true		
ac-v1-06964	MS-n8-wXYXyxxy	ACP-026410	ms_expanded	T4_frontier	100k	27	true		
ac-v1-06965	INTLB-b4-112-1	ACP-037801	interleaved_b	T1_easy	10k_final	30	true		
ac-v1-06966	AUTH-15_1-k1-0	ACP-006990	aut_hard	T5_moonshot	100k	18	true		
ac-v1-06967	INTLB-b4-1187-0	ACP-037588	interleaved_b	T1_easy	10k_final	34	true		
ac-v1-06968	INTLB-b3t-201-1	ACP-044825	interleaved_b	T1_easy	10k_final	31	true		
ac-v1-06969	INTLB-b4-1301-0	ACP-037427	interleaved_b	T1_easy	10k_final	27	true		
ac-v1-06970	INTLB-b3t-454-0	ACP-042192	interleaved_b	T1_easy	10k_final	23	true		
ac-v1-06971	INTLB-b3t-422-0	ACP-038528	interleaved_b	T1_easy	10k_final	33	true		
ac-v1-06972	INTLB-b4-3261-0	ACP-041294	interleaved_b	T3_hard_solvable	100k	23	true		
ac-v1-06973	INTLB-b4-2117-0	ACP-046369	interleaved_b	T1_easy	10k_final	33	true		
ac-v1-06974	INTLB-b4-3222-0	ACP-040757	interleaved_b	T3_hard_solvable	100k	34	true		
ac-v1-06975	MS-n2-wXXyyyyxyxy	ACP-004959	ms_expanded	T1_easy	10k_final	18	true		
ac-v1-06976	INTLB-b4-2019-0	ACP-042289	interleaved_b	T1_easy	10k_final	33	true		
ac-v1-06977	INTLB-b3t-546-0	ACP-045073	interleaved_b	T1_easy	10k_final	33	true		
ac-v1-06978	INTLB-b4-2012-1	ACP-039197	interleaved_b	T1_easy	10k_final	27	true		
ac-v1-06979	INTLB-b4-3191-0	ACP-041510	interleaved_b	T2_medium	100k	33	true		
ac-v1-06980	INTLB-b4-2309-1	ACP-037316	interleaved_b	T2_medium	100k	36	true		
ac-v1-06981	INTLB-b4-1848-1	ACP-045896	interleaved_b	T1_easy	10k_final	30	true		
ac-v1-06982	INTLB-b3t-116-1	ACP-039199	interleaved_b	T1_easy	10k_final	32	true		
ac-v1-06983	INTLB-b4-3041-0	ACP-044490	interleaved_b	T3_hard_solvable	100k	36	true		
ac-v1-06984	MS-n5-wyxyXyy	ACP-000420	ms_expanded	T4_frontier	100k	20	true	open	376
ac-v1-06985	INTLB-b4-2107-0	ACP-040606	interleaved_b	T1_easy	10k_final	29	true		
ac-v1-06986	MS-n2-wXYXYxyxy	ACP-032169	ms_expanded	T4_frontier	100k	16	true		
ac-v1-06987	INTLB-b3t-571-0	ACP-043361	interleaved_b	T1_easy	10k_final	31	true		
ac-v1-06988	INTLB-b3t-751-0	ACP-044416	interleaved_b	T1_easy	10k_final	31	true		
ac-v1-06989	INTLB-b3t-915-0	ACP-043268	interleaved_b	T1_easy	10k_final	33	true		
ac-v1-06990	INTLB-b4-185-1	ACP-046716	interleaved_b	T1_easy	10k_final	26	true		
ac-v1-06991	INTLB-b4-115-1	ACP-042142	interleaved_b	T1_easy	10k_final	30	true		
ac-v1-06992	INTLB-b4-1538-1	ACP-043122	interleaved_b	T1_easy	10k_final	31	true		
ac-v1-06993	INTLB-b3t-869-1	ACP-047224	interleaved_b	T1_easy	10k_final	21	true		
ac-v1-06994	INTL-b3-118-1	ACP-033648	interleaved	T1_easy	10k_final	23	true		
ac-v1-06995	INTLB-b4-1525-0	ACP-046040	interleaved_b	T1_easy	10k_final	17	true		
ac-v1-06996	MS-n7-wYYXyxyy	ACP-005425	ms_expanded	T4_frontier	100k	25	true	open	553
ac-v1-06997	MS-n4-wXXXXYxxxxY	ACP-036924	ms_expanded	T4_frontier	100k	22	true		
ac-v1-06998	MS-n8-wyXyxYY	ACP-017027	ms_expanded	T4_frontier	100k	26	true		
ac-v1-06999	INTLB-b3t-653-1	ACP-039711	interleaved_b	T1_easy	10k_final	23	true		
ac-v1-07000	MS-n8-wXXXYYxyxxY	ACP-010592	ms_expanded	T4_frontier	100k	30	true		
ac-v1-07001	MS-n2-wXXXYxYYxxY	ACP-025058	ms_expanded	T4_frontier	100k	18	true		
ac-v1-07002	MS-n5-wYYXYYYxYY	ACP-022647	ms_expanded	T1_easy	10k_final	23	true		
ac-v1-07003	INTLB-b4-1383-0	ACP-038836	interleaved_b	T1_easy	10k_final	16	true		
ac-v1-07004	MS-n6-wYYXyyyxY	ACP-000701	ms_expanded	T1_easy	10k_final	24	true		
ac-v1-07005	INTLB-b4-2781-0	ACP-037880	interleaved_b	T3_hard_solvable	100k	27	true		
ac-v1-07006	INTLB-b4-1389-0	ACP-037420	interleaved_b	T3_hard_solvable	100k	32	true		
ac-v1-07007	INTLB-b4-1818-1	ACP-038245	interleaved_b	T1_easy	10k_final	27	true		
ac-v1-07008	INTL-b4-108-1	ACP-034821	interleaved	T2_medium	100k	21	true		
ac-v1-07009	INTLB-b4-2536-0	ACP-039035	interleaved_b	T3_hard_solvable	100k	31	true		
ac-v1-07010	MS-n5-wXYXYYxxY	ACP-031601	ms_expanded	T4_frontier	100k	22	true		
ac-v1-07011	INTLB-b4-840-0	ACP-044045	interleaved_b	T2_medium	100k	36	true		
ac-v1-07012	INTLB-b4-674-1	ACP-037288	interleaved_b	T2_medium	100k	26	true		
ac-v1-07013	MS-n2-wXXXYxyyxxY	ACP-029363	ms_expanded	T4_frontier	100k	18	true		
ac-v1-07014	INTLB-b4-2310-0	ACP-040221	interleaved_b	T2_medium	100k	26	true		
ac-v1-07015	INTLB-b4-462-1	ACP-044727	interleaved_b	T3_hard_solvable	100k	27	true		
ac-v1-07016	MS-n8-wXXYYxYYxY	ACP-019278	ms_expanded	T4_frontier	100k	29	true		
ac-v1-07017	INTLB-b4-2740-0	ACP-045457	interleaved_b	T3_hard_solvable	100k	19	true		
ac-v1-07018	INTLB-b3t-178-1	ACP-039781	interleaved_b	T1_easy	10k_final	25	true		
ac-v1-07019	INTLB-b4-1769-0	ACP-043923	interleaved_b	T1_easy	10k_final	28	true		
ac-v1-07020	MS-n4-wXXYYYYxxy	ACP-028096	ms_expanded	T1_easy	10k_final	21	true		
ac-v1-07021	MS-n8-wXXyxYxyy	ACP-020295	ms_expanded	T4_frontier	100k	28	true		
ac-v1-07022	INTLB-b4-1508-1	ACP-045109	interleaved_b	T2_medium	100k	30	true		
ac-v1-07023	INTLB-b4-1992-0	ACP-037268	interleaved_b	T3_hard_solvable	100k	33	true		
ac-v1-07024	INTLB-b4-1218-1	ACP-038723	interleaved_b	T1_easy	10k_final	31	true		
ac-v1-07025	INTLB-b4-3015-0	ACP-046822	interleaved_b	T3_hard_solvable	100k	31	true		
ac-v1-07026	INTLB-b3t-555-0	ACP-043613	interleaved_b	T1_easy	10k_final	20	true		
ac-v1-07027	INTLB-b3t-149-0	ACP-046797	interleaved_b	T1_easy	10k_final	19	true		
ac-v1-07028	MS-n4-wYxYYYYXy	ACP-028755	ms_expanded	T1_easy	10k_final	20	true		
ac-v1-07029	INTLB-b4-1397-1	ACP-042466	interleaved_b	T2_medium	100k	30	true		
ac-v1-07030	MS-n4-wXXXYxxyyxy	ACP-032153	ms_expanded	T4_frontier	100k	22	true		
ac-v1-07031	MS-n2-wXYYYxYYYY	ACP-017555	ms_expanded	T1_easy	10k_final	17	true		
ac-v1-07032	INTL-b4-220-1	ACP-036080	interleaved	T1_easy	10k_final	31	true		
ac-v1-07033	MS-n6-wXXXYxxyyxY	ACP-006195	ms_expanded	T4_frontier	100k	26	true		
ac-v1-07034	MS-n9-wXYxYY	ACP-034611	ms_expanded	T4_frontier	100k	27	true		
ac-v1-07035	INTLB-b3t-532-0	ACP-041312	interleaved_b	T1_easy	10k_final	32	true		
ac-v1-07036	MS-n10-wXXXYxYxyxy	ACP-011211	ms_expanded	T4_frontier	100k	34	true		
ac-v1-07037	MS-n7-wXXXYxxxYYY	ACP-002443	ms_expanded	T4_frontier	100k	28	true		
ac-v1-07038	INTLB-b4-2752-0	ACP-041117	interleaved_b	T2_medium	100k	34	true		
ac-v1-07039	INTLB-b3t-681-0	ACP-038346	interleaved_b	T1_easy	10k_final	32	true		
ac-v1-07040	INTL-b4-124-0	ACP-003436	interleaved	T3_hard_solvable	100k	21	true		
ac-v1-07041	INTLB-b4-2058-0	ACP-038328	interleaved_b	T1_easy	10k_final	30	true		
ac-v1-07042	INTLB-b4-1578-0	ACP-037870	interleaved_b	T2_medium	100k	23	true		
ac-v1-07043	INTLB-b3t-698-0	ACP-045683	interleaved_b	T1_easy	10k_final	26	true		
ac-v1-07044	INTLB-b3t-509-0	ACP-041320	interleaved_b	T1_easy	10k_final	29	true		
ac-v1-07045	INTL-b3-113-1	ACP-006424	interleaved	T1_easy	10k_final	24	true		
ac-v1-07046	INTLB-b3t-45-1	ACP-043123	interleaved_b	T1_easy	10k_final	24	true		
ac-v1-07047	MS-n4-wXYxxyXy	ACP-011062	ms_expanded	T4_frontier	100k	19	true	open	1159
ac-v1-07048	INTLB-b4-2320-0	ACP-039405	interleaved_b	T2_medium	100k	31	true		
ac-v1-07049	INTLB-b4-2018-1	ACP-042065	interleaved_b	T2_medium	100k	29	true		
ac-v1-07050	MS-n6-wXXXYxyxxY	ACP-032502	ms_expanded	T4_frontier	100k	25	true		
ac-v1-07051	INTLB-b4-2667-0	ACP-037351	interleaved_b	T3_hard_solvable	100k	25	true		
ac-v1-07052	AUTH-17_23-k1-0	ACP-012605	aut_hard	T5_moonshot	100k	23	true		
ac-v1-07053	INTLB-b4-2806-1	ACP-046042	interleaved_b	T2_medium	100k	30	true		
ac-v1-07054	INTLB-b4-2482-1	ACP-045706	interleaved_b	T2_medium	100k	31	true		
ac-v1-07055	INTL-b3-15-1	ACP-029073	interleaved	T1_easy	10k_final	26	true		
ac-v1-07056	MS-n3-wXXYxxyyyy	ACP-034493	ms_expanded	T5_moonshot	10k_final	19	true		
ac-v1-07057	MS-n4-wyXyyxy	ACP-036634	ms_expanded	T1_easy	10k_final	18	true	uncertified	494
ac-v1-07058	INTLB-b4-2900-0	ACP-040220	interleaved_b	T2_medium	100k	30	true		
ac-v1-07059	INTL-b4-167-0	ACP-033295	interleaved	T3_hard_solvable	100k	33	true		
ac-v1-07060	INTLB-b4-2131-1	ACP-040035	interleaved_b	T2_medium	100k	36	true		
ac-v1-07061	INTLB-b4-2499-1	ACP-042029	interleaved_b	T2_medium	100k	30	true		
ac-v1-07062	INTLB-b4-532-0	ACP-038061	interleaved_b	T3_hard_solvable	100k	29	true		
ac-v1-07063	INTLB-b3t-864-0	ACP-043800	interleaved_b	T1_easy	10k_final	32	true		
ac-v1-07064	MS-n2-wXXyxyxYY	ACP-019769	ms_expanded	T4_frontier	100k	16	true		
ac-v1-07065	INTLB-b4-1114-0	ACP-037722	interleaved_b	T1_easy	10k_final	22	true		
ac-v1-07066	INTLB-b4-1340-1	ACP-044673	interleaved_b	T2_medium	100k	31	true		
ac-v1-07067	INTLB-b4-1896-1	ACP-046454	interleaved_b	T3_hard_solvable	100k	29	true		
ac-v1-07068	MS-n1-wXXXyxyyxxy	ACP-030001	ms_expanded	T1_easy	10k_final	16	true		
ac-v1-07069	MS-n3-wXYYxYYY	ACP-006700	ms_expanded	T5_moonshot	10k_final	17	false	open	864
ac-v1-07070	MS-n5-wXXXYxxYxY	ACP-032981	ms_expanded	T4_frontier	100k	23	true		
ac-v1-07071	INTL-b2-145-0	ACP-001861	interleaved	T1_easy	10k_final	19	true		
ac-v1-07072	AUTH-21_37-k1-0	ACP-020560	aut_hard	T5_moonshot	100k	25	true		
ac-v1-07073	INTLB-b4-389-1	ACP-045243	interleaved_b	T2_medium	100k	27	true		
ac-v1-07074	INTLB-b4-199-0	ACP-043048	interleaved_b	T1_easy	10k_final	31	true		
ac-v1-07075	INTLB-b4-88-0	ACP-046466	interleaved_b	T3_hard_solvable	100k	29	true		
ac-v1-07076	INTLB-b3t-676-1	ACP-043457	interleaved_b	T1_easy	10k_final	31	true		
ac-v1-07077	INTLB-b4-125-0	ACP-037702	interleaved_b	T1_easy	10k_final	35	true		
ac-v1-07078	INTLB-b4-450-0	ACP-042641	interleaved_b	T3_hard_solvable	100k	25	true		
ac-v1-07079	INTLB-b3t-268-0	ACP-042985	interleaved_b	T1_easy	10k_final	27	true		
ac-v1-07080	MS-n4-wYxyyXyy	ACP-015488	ms_expanded	T4_frontier	100k	19	true	open	732
ac-v1-07081	AUTH-23_21-k1-1	ACP-012100	aut_hard	T5_moonshot	100k	37	true		
ac-v1-07082	INTLB-b4-1521-1	ACP-043001	interleaved_b	T2_medium	100k	33	true		
ac-v1-07083	MS-n4-wXYYxyyyyyy	ACP-000259	ms_expanded	T1_easy	10k_final	22	true		
ac-v1-07084	MS-n8-wXyyyyxYYYY	ACP-011179	ms_expanded	T0_warmup	10k_final	30	true		
ac-v1-07085	INTLB-b4-170-0	ACP-042700	interleaved_b	T1_easy	10k_final	25	true		
ac-v1-07086	INTLB-b4-1376-0	ACP-046309	interleaved_b	T1_easy	10k_final	31	true		
ac-v1-07087	AUTH-19_18-k1-3	ACP-032665	aut_hard	T5_moonshot	100k	25	true		
ac-v1-07088	INTLB-b4-1031-1	ACP-037262	interleaved_b	T1_easy	10k_final	27	true		
ac-v1-07089	INTLB-b4-497-1	ACP-046807	interleaved_b	T2_medium	100k	33	true		
ac-v1-07090	INTLB-b4-60-1	ACP-039729	interleaved_b	T3_hard_solvable	100k	31	true		
ac-v1-07091	MS-n1-wXXXyyxxxy	ACP-025127	ms_expanded	T1_easy	10k_final	15	true		
ac-v1-07092	INTLB-b3t-471-1	ACP-038617	interleaved_b	T2_medium	100k	31	true		
ac-v1-07093	INTLB-b3t-699-0	ACP-037411	interleaved_b	T1_easy	10k_final	34	true		
ac-v1-07094	INTLB-b4-2188-1	ACP-045604	interleaved_b	T2_medium	100k	28	true		
ac-v1-07095	INTL-b4-195-0	ACP-004320	interleaved	T2_medium	100k	25	true		
ac-v1-07096	INTLB-b4-2924-1	ACP-040192	interleaved_b	T2_medium	100k	30	true		
ac-v1-07097	INTLB-b3t-403-1	ACP-037897	interleaved_b	T1_easy	10k_final	27	true		
ac-v1-07098	MS-n10-wXYxYYYY	ACP-024879	ms_expanded	T4_frontier	100k	31	true		
ac-v1-07099	INTLB-b4-535-0	ACP-042820	interleaved_b	T3_hard_solvable	100k	32	true		
ac-v1-07100	INTLB-b3t-780-1	ACP-041420	interleaved_b	T1_easy	10k_final	32	true		
ac-v1-07101	AUTH-19_37-k1-1	ACP-031693	aut_hard	T5_moonshot	100k	24	true		
ac-v1-07102	INTLB-b3t-578-1	ACP-037321	interleaved_b	T1_easy	10k_final	20	true		
ac-v1-07103	INTL-b3-136-1	ACP-022329	interleaved	T1_easy	10k_final	33	true		
ac-v1-07104	MS-n7-wXXXYxYxxyy	ACP-025503	ms_expanded	T4_frontier	100k	28	true		
ac-v1-07105	INTLB-b3t-754-1	ACP-041410	interleaved_b	T1_easy	10k_final	21	true		
ac-v1-07106	MS-n10-wyyyyyyyy	ACP-007018	ms_expanded	T0_warmup	10k_final	32	true		
ac-v1-07107	INTLB-b4-1284-0	ACP-040998	interleaved_b	T1_easy	10k_final	29	true		
ac-v1-07108	INTLB-b4-1272-1	ACP-042935	interleaved_b	T1_easy	10k_final	35	true		
ac-v1-07109	INTLB-b4-3171-1	ACP-045674	interleaved_b	T2_medium	100k	32	true		
ac-v1-07110	AUTH-21_19-k0-0	ACP-014379	aut_hard	T5_moonshot	100k	21	true		
ac-v1-07111	MS-n5-wYYYXYxYYY	ACP-007253	ms_expanded	T1_easy	10k_final	23	true		
ac-v1-07112	MS-n4-wXXYxYxy	ACP-007313	ms_expanded	T5_moonshot	100k	19	true	open	942
ac-v1-07113	INTLB-b4-2425-0	ACP-042514	interleaved_b	T2_medium	100k	31	true		
ac-v1-07114	INTLB-b3t-71-1	ACP-041414	interleaved_b	T3_hard_solvable	100k	33	true		
ac-v1-07115	INTLB-b4-2127-1	ACP-045752	interleaved_b	T3_hard_solvable	100k	31	true		
ac-v1-07116	INTLB-b4-214-1	ACP-043207	interleaved_b	T1_easy	10k_final	31	true		
ac-v1-07117	INTLB-b4-563-0	ACP-040675	interleaved_b	T3_hard_solvable	100k	30	true		
ac-v1-07118	MS-n4-wXXYxyyxY	ACP-035566	ms_expanded	T4_frontier	100k	20	true		
ac-v1-07119	MS-n4-wYXYYxy	ACP-009787	ms_expanded	T1_easy	10k_final	18	true	uncertified	473
ac-v1-07120	INTLB-b3t-350-0	ACP-041263	interleaved_b	T1_easy	10k_final	33	true		
ac-v1-07121	INTLB-b4-366-1	ACP-041137	interleaved_b	T2_medium	100k	31	true		
ac-v1-07122	AUTH-21_16-k1-2	ACP-023513	aut_hard	T5_moonshot	100k	21	true		
ac-v1-07123	MS-n6-wYYxyyXy	ACP-017561	ms_expanded	T1_easy	10k_final	23	true	uncertified	1133
ac-v1-07124	MS-n8-wXyxxyXY	ACP-026018	ms_expanded	T4_frontier	100k	27	true		
ac-v1-07125	INTLB-b4-108-0	ACP-042545	interleaved_b	T1_easy	10k_final	22	true		
ac-v1-07126	MS-n8-wXXXYxxYYxY	ACP-008236	ms_expanded	T4_frontier	100k	30	true		
ac-v1-07127	INTLB-b4-1672-1	ACP-047165	interleaved_b	T1_easy	10k_final	36	true		
ac-v1-07128	AUTH-15_2-k1-0	ACP-005030	aut_hard	T5_moonshot	100k	15	true		
ac-v1-07129	AUTH-17_1-k1-1	ACP-013318	aut_hard	T5_moonshot	100k	18	true		
ac-v1-07130	INTLB-b3t-686-0	ACP-041899	interleaved_b	T1_easy	10k_final	31	true		
ac-v1-07131	INTLB-b4-1326-0	ACP-039754	interleaved_b	T1_easy	10k_final	16	true		
ac-v1-07132	MS-n7-wXXYxyyxy	ACP-022984	ms_expanded	T4_frontier	100k	26	true		
ac-v1-07133	MS-n8-wXXyxYYxY	ACP-035744	ms_expanded	T4_frontier	100k	28	true		
ac-v1-07134	INTLB-b4-1777-1	ACP-047139	interleaved_b	T1_easy	10k_final	29	true		
ac-v1-07135	MS-n5-wXXYYxxyy	ACP-011562	ms_expanded	T4_frontier	100k	22	true		
ac-v1-07136	INTLB-b3t-769-1	ACP-039646	interleaved_b	T1_easy	10k_final	19	true		
ac-v1-07137	INTL-b3-10-0	ACP-001042	interleaved	T1_easy	10k_final	29	true		
ac-v1-07138	INTLB-b4-674-0	ACP-043411	interleaved_b	T3_hard_solvable	100k	29	true		
ac-v1-07139	AUTH-23_3-k1-3	ACP-020382	aut_hard	T5_moonshot	100k	35	true		
ac-v1-07140	MS-n10-wXXYYxxY	ACP-001693	ms_expanded	T4_frontier	100k	31	true		
ac-v1-07141	INTLB-b4-1840-1	ACP-041352	interleaved_b	T3_hard_solvable	100k	28	true		
ac-v1-07142	MS-n3-wXXYxYxyy	ACP-023108	ms_expanded	T4_frontier	100k	18	true		
ac-v1-07143	MS-n3-wXXYYYxxy	ACP-005208	ms_expanded	T1_easy	10k_final	18	true		
ac-v1-07144	MS-n9-wXXyxyxY	ACP-035989	ms_expanded	T4_frontier	100k	29	true		
ac-v1-07145	INTLB-b3t-543-1	ACP-043390	interleaved_b	T1_easy	10k_final	28	true		
ac-v1-07146	AUTH-19_4-k12-0	ACP-004558	aut_hard	T5_moonshot	100k	28	true		
ac-v1-07147	MS-n6-wYxYXy	ACP-028757	ms_expanded	T5_moonshot	100k	21	true	open	202
ac-v1-07148	INTLB-b4-97-0	ACP-047042	interleaved_b	T2_medium	100k	31	true		
ac-v1-07149	INTLB-b4-1314-1	ACP-040801	interleaved_b	T1_easy	10k_final	33	true		
ac-v1-07150	AUTH-23_11-k1-3	ACP-008116	aut_hard	T5_moonshot	100k	23	true		
ac-v1-07151	INTL-b4-122-0	ACP-006234	interleaved	T1_easy	10k_final	19	true		
ac-v1-07152	INTLB-b4-2101-0	ACP-045086	interleaved_b	T1_easy	10k_final	31	true		
ac-v1-07153	INTL-b4-205-0	ACP-005696	interleaved	T1_easy	10k_final	32	true		
ac-v1-07154	MS-n6-wXXYYYxxyy	ACP-031888	ms_expanded	T4_frontier	100k	25	true		
ac-v1-07155	INTLB-b3t-705-0	ACP-041698	interleaved_b	T1_easy	10k_final	30	true		
ac-v1-07156	MS-n4-wXyxyyyy	ACP-020830	ms_expanded	T1_easy	10k_final	19	true	uncertified	515
ac-v1-07157	INTLB-b4-30-0	ACP-039346	interleaved_b	T2_medium	100k	30	true		
ac-v1-07158	INTL-b3-122-1	ACP-036327	interleaved	T0_warmup	10k_final	32	true		
ac-v1-07159	INTL-b4-163-0	ACP-034048	interleaved	T3_hard_solvable	100k	19	true		
ac-v1-07160	INTLB-b3t-222-1	ACP-042777	interleaved_b	T2_medium	100k	31	true		
ac-v1-07161	MS-n6-wYYYYXyxY	ACP-030592	ms_expanded	T2_medium	100k	24	true		
ac-v1-07162	INTLB-b4-1954-0	ACP-045003	interleaved_b	T1_easy	10k_final	32	true		
ac-v1-07163	MS-n2-wXXYYYYxxY	ACP-022610	ms_expanded	T0_warmup	10k_final	17	true		
ac-v1-07164	INTLB-b3t-402-1	ACP-040540	interleaved_b	T1_easy	10k_final	34	true		
ac-v1-07165	INTLB-b4-1845-0	ACP-041398	interleaved_b	T3_hard_solvable	100k	27	true		
ac-v1-07166	INTLB-b4-1811-1	ACP-042592	interleaved_b	T1_easy	10k_final	31	true		
ac-v1-07167	INTLB-b4-386-1	ACP-037576	interleaved_b	T3_hard_solvable	100k	33	true		
ac-v1-07168	INTLB-b4-3178-0	ACP-041816	interleaved_b	T2_medium	100k	26	true		
ac-v1-07169	INTL-b3-238-1	ACP-036828	interleaved	T3_hard_solvable	100k	20	true		
ac-v1-07170	INTLB-b4-2998-1	ACP-044605	interleaved_b	T2_medium	100k	32	true		
ac-v1-07171	MS-n4-wYXYYYxy	ACP-021806	ms_expanded	T5_moonshot	10k_final	19	false	open	816
ac-v1-07172	AUTH-25_19-k1-3	ACP-027045	aut_hard	T5_moonshot	100k	37	true		
ac-v1-07173	INTLB-b4-2076-0	ACP-038055	interleaved_b	T2_medium	100k	35	true		
ac-v1-07174	INTLB-b4-1308-0	ACP-042846	interleaved_b	T1_easy	10k_final	29	true		
ac-v1-07175	INTLB-b4-35-0	ACP-041290	interleaved_b	T2_medium	100k	26	true		
ac-v1-07176	MS-n6-wYXyxYYY	ACP-031118	ms_expanded	T4_frontier	100k	23	true	open	1077
ac-v1-07177	MS-n9-wXYYYxyyyy	ACP-002628	ms_expanded	T2_medium	100k	31	true		
ac-v1-07178	MS-n7-wXyxyy	ACP-029166	ms_expanded	T4_frontier	100k	23	true	open	175
ac-v1-07179	INTLB-b3t-756-0	ACP-037969	interleaved_b	T1_easy	10k_final	31	true		
ac-v1-07180	INTLB-b3t-452-1	ACP-039722	interleaved_b	T1_easy	10k_final	29	true		
ac-v1-07181	MS-n6-wXXyxyxy	ACP-014701	ms_expanded	T5_moonshot	100k	23	false	open	538
ac-v1-07182	MS-n5-wyXyxY	ACP-024555	ms_expanded	T1_easy	10k_final	19	true	uncertified	124
ac-v1-07183	MS-n5-wXyxYYYYYYY	ACP-035552	ms_expanded	T1_easy	10k_final	24	true		
ac-v1-07184	MS-n4-wYYYYXYxy	ACP-023965	ms_expanded	T1_easy	10k_final	20	true		
ac-v1-07185	INTLB-b4-72-1	ACP-045481	interleaved_b	T2_medium	100k	27	true		
ac-v1-07186	INTLB-b4-1120-0	ACP-039968	interleaved_b	T1_easy	10k_final	21	true		
ac-v1-07187	INTL-b4-295-1	ACP-026273	interleaved	T2_medium	100k	25	true		
ac-v1-07188	INTL-b4-230-0	ACP-005224	interleaved	T1_easy	10k_final	19	true		
ac-v1-07189	INTLB-b3t-341-1	ACP-044318	interleaved_b	T1_easy	10k_final	24	true		
ac-v1-07190	INTLB-b3t-76-1	ACP-039907	interleaved_b	T1_easy	10k_final	31	true		
ac-v1-07191	MS-n9-wYYxyXy	ACP-017408	ms_expanded	T4_frontier	100k	28	true		
ac-v1-07192	INTL-b3-57-0	ACP-017934	interleaved	T3_hard_solvable	100k	23	true		
ac-v1-07193	INTLB-b4-2482-0	ACP-046544	interleaved_b	T3_hard_solvable	100k	30	true		
ac-v1-07194	INTLB-b3t-439-0	ACP-045112	interleaved_b	T1_easy	10k_final	26	true		
ac-v1-07195	MS-n7-wXXXYxxxyyy	ACP-037217	ms_expanded	T4_frontier	100k	28	true		
ac-v1-07196	MS-n5-wXyXYxxY	ACP-024196	ms_expanded	T5_moonshot	100k	21	false	open	1118
ac-v1-07197	INTLB-b4-1369-0	ACP-042200	interleaved_b	T1_easy	10k_final	26	true		
ac-v1-07198	INTLB-b3t-180-0	ACP-037610	interleaved_b	T1_easy	10k_final	29	true		
ac-v1-07199	INTLB-b4-1709-0	ACP-044999	interleaved_b	T1_easy	10k_final	24	true		
ac-v1-07200	INTLB-b4-847-1	ACP-042308	interleaved_b	T2_medium	100k	26	true		
ac-v1-07201	INTLB-b4-3108-0	ACP-042001	interleaved_b	T2_medium	100k	33	true		
ac-v1-07202	INTLB-b4-1815-0	ACP-040866	interleaved_b	T1_easy	10k_final	27	true		
ac-v1-07203	INTLB-b3t-271-1	ACP-045522	interleaved_b	T1_easy	10k_final	33	true		
ac-v1-07204	INTLB-b3t-156-0	ACP-041915	interleaved_b	T1_easy	10k_final	23	true		
ac-v1-07205	MS-n2-wXXYYYxYxYY	ACP-013122	ms_expanded	T5_moonshot	10k_final	18	true		
ac-v1-07206	MS-n4-wyXyxYY	ACP-012008	ms_expanded	T4_frontier	100k	18	true	open	221
ac-v1-07207	INTLB-b4-1078-0	ACP-041318	interleaved_b	T1_easy	10k_final	25	true		
ac-v1-07208	INTLB-b4-1775-0	ACP-044255	interleaved_b	T1_easy	10k_final	29	true		
ac-v1-07209	INTLB-b3t-236-0	ACP-042107	interleaved_b	T1_easy	10k_final	25	true		
ac-v1-07210	MS-n10-wYxYYXy	ACP-035857	ms_expanded	T4_frontier	100k	30	true		
ac-v1-07211	INTLB-b4-142-1	ACP-038339	interleaved_b	T2_medium	100k	32	true		
ac-v1-07212	MS-n2-wXXXyxYxxy	ACP-007500	ms_expanded	T4_frontier	100k	17	true		
ac-v1-07213	MS-n10-wXXXYYxxxY	ACP-012271	ms_expanded	T4_frontier	100k	33	true		
ac-v1-07214	INTL-b2-26-0	ACP-018432	interleaved	T1_easy	10k_final	33	true		
ac-v1-07215	INTLB-b4-1679-1	ACP-044665	interleaved_b	T1_easy	10k_final	19	true		
ac-v1-07216	INTLB-b4-2226-1	ACP-045388	interleaved_b	T2_medium	100k	34	true		
ac-v1-07217	MS-n6-wXyxyyy	ACP-005846	ms_expanded	T4_frontier	100k	22	true	open	482
ac-v1-07218	INTLB-b3t-789-0	ACP-039832	interleaved_b	T1_easy	10k_final	32	true		
ac-v1-07219	INTLB-b3t-934-1	ACP-046017	interleaved_b	T1_easy	10k_final	31	true		
ac-v1-07220	INTLB-b3t-60-0	ACP-041580	interleaved_b	T1_easy	10k_final	31	true		
ac-v1-07221	MS-n3-wXXXYxyxxy	ACP-032701	ms_expanded	T4_frontier	100k	19	true		
ac-v1-07222	MS-n7-wXXYxxYYY	ACP-031507	ms_expanded	T4_frontier	100k	26	true		
ac-v1-07223	MS-n5-wYYYxYYXyy	ACP-021700	ms_expanded	T1_easy	10k_final	23	true		
ac-v1-07224	MS-n9-wXXYYYYxxY	ACP-018915	ms_expanded	T4_frontier	100k	31	true		
ac-v1-07225	INTLB-b3t-68-1	ACP-038711	interleaved_b	T1_easy	10k_final	33	true		
ac-v1-07226	INTL-b3-140-0	ACP-005141	interleaved	T1_easy	10k_final	26	true		
ac-v1-07227	INTLB-b4-500-0	ACP-042713	interleaved_b	T3_hard_solvable	100k	35	true		
ac-v1-07228	INTLB-b3t-768-0	ACP-044900	interleaved_b	T1_easy	10k_final	29	true		
ac-v1-07229	MS-n6-wXXXYxYxxyy	ACP-019923	ms_expanded	T4_frontier	100k	26	true		
ac-v1-07230	MS-n5-wXXyyxYxy	ACP-010269	ms_expanded	T4_frontier	100k	22	true		
ac-v1-07231	MS-n3-wXyXYxxy	ACP-005435	ms_expanded	T5_moonshot	100k	17	false	open	1109
ac-v1-07232	INTLB-b4-746-1	ACP-043198	interleaved_b	T2_medium	100k	35	true		
ac-v1-07233	INTL-b3-133-0	ACP-013595	interleaved	T1_easy	10k_final	19	true		
ac-v1-07234	MS-n8-wXXyyxxyy	ACP-025346	ms_expanded	T4_frontier	100k	28	true		
ac-v1-07235	INTLB-b4-2933-1	ACP-042473	interleaved_b	T2_medium	100k	33	true		
ac-v1-07236	INTLB-b4-1898-1	ACP-046751	interleaved_b	T1_easy	10k_final	33	true		
ac-v1-07237	AUTH-18_10-k1-0	ACP-021824	aut_hard	T5_moonshot	100k	21	true		
ac-v1-07238	INTLB-b3t-241-0	ACP-041454	interleaved_b	T1_easy	10k_final	23	true		
ac-v1-07239	AUTH-17_5-k1-2	ACP-031889	aut_hard	T5_moonshot	100k	17	true		
ac-v1-07240	INTLB-b4-2768-0	ACP-038097	interleaved_b	T2_medium	100k	33	true		
ac-v1-07241	INTLB-b3t-781-1	ACP-044621	interleaved_b	T1_easy	10k_final	29	true		
ac-v1-07242	MS-n10-wXYYxYY	ACP-026923	ms_expanded	T4_frontier	100k	30	true		
ac-v1-07243	MS-n9-wXYxxyXY	ACP-003949	ms_expanded	T4_frontier	100k	29	true		
ac-v1-07244	MS-n3-wXXXYxxYxyy	ACP-005366	ms_expanded	T4_frontier	100k	20	true		
ac-v1-07245	AUTH-17_32-k1-0	ACP-027820	aut_hard	T5_moonshot	100k	22	true		
ac-v1-07246	MS-n9-wXXXyxYxxy	ACP-026980	ms_expanded	T4_frontier	100k	31	true		
ac-v1-07247	MS-n3-wXXYxxyy	ACP-018618	ms_expanded	T5_moonshot	100k	17	false	open	927
ac-v1-07248	MS-n8-wyyy	ACP-030671	ms_expanded	T0_warmup	10k_final	23	true		
ac-v1-07249	INTLB-b4-643-0	ACP-043069	interleaved_b	T2_medium	100k	32	true		
ac-v1-07250	INTLB-b4-1419-1	ACP-041501	interleaved_b	T1_easy	10k_final	27	true		
ac-v1-07251	INTLB-b4-1785-0	ACP-040807	interleaved_b	T1_easy	10k_final	29	true		
ac-v1-07252	AUTH-17_23-k1-1	ACP-011589	aut_hard	T5_moonshot	100k	17	true		
ac-v1-07253	INTLB-b4-2315-0	ACP-046384	interleaved_b	T2_medium	100k	24	true		
ac-v1-07254	INTLB-b3t-586-0	ACP-043781	interleaved_b	T1_easy	10k_final	31	true		
ac-v1-07255	INTLB-b4-2144-0	ACP-046211	interleaved_b	T3_hard_solvable	100k	31	true		
ac-v1-07256	INTLB-b4-2490-0	ACP-039950	interleaved_b	T3_hard_solvable	100k	24	true		
ac-v1-07257	AUTH-22_12-k1-0	ACP-002897	aut_hard	T5_moonshot	100k	29	true		
ac-v1-07258	AUTH-17_40-k0-0	ACP-026009	aut_hard	T5_moonshot	100k	17	true		
ac-v1-07259	INTLB-b4-1335-0	ACP-039577	interleaved_b	T3_hard_solvable	100k	27	true		
ac-v1-07260	INTLB-b3t-742-0	ACP-046803	interleaved_b	T2_medium	100k	23	true		
ac-v1-07261	INTLB-b4-3265-0	ACP-043886	interleaved_b	T2_medium	100k	33	true		
ac-v1-07262	INTLB-b3t-589-1	ACP-041692	interleaved_b	T1_easy	10k_final	33	true		
ac-v1-07263	MS-n7-wXXXYYxyxxY	ACP-003612	ms_expanded	T4_frontier	100k	28	true		
ac-v1-07264	INTLB-b3t-688-1	ACP-045323	interleaved_b	T2_medium	100k	29	true		
ac-v1-07265	INTLB-b3t-218-1	ACP-043599	interleaved_b	T1_easy	10k_final	31	true		
ac-v1-07266	INTLB-b4-1539-1	ACP-038208	interleaved_b	T2_medium	100k	35	true		
ac-v1-07267	INTLB-b3t-617-0	ACP-037487	interleaved_b	T1_easy	10k_final	21	true		
ac-v1-07268	MS-n6-wXyyyxY	ACP-032501	ms_expanded	T1_easy	10k_final	22	true	uncertified	398
ac-v1-07269	MS-n5-wYXYYxyy	ACP-019536	ms_expanded	T1_easy	10k_final	21	true	uncertified	803
ac-v1-07270	MS-n3-wYYXyyxY	ACP-010189	ms_expanded	T5_moonshot	10k_final	17	false	open	724
ac-v1-07271	INTLB-b4-826-1	ACP-044107	interleaved_b	T3_hard_solvable	100k	26	true		
ac-v1-07272	INTL-b4-50-0	ACP-009705	interleaved	T3_hard_solvable	100k	23	true		
ac-v1-07273	MS-n4-wXXYYYxyxY	ACP-008306	ms_expanded	T4_frontier	100k	21	true		
ac-v1-07274	INTLB-b4-1616-0	ACP-046861	interleaved_b	T2_medium	100k	31	true		
ac-v1-07275	INTLB-b3t-272-0	ACP-041421	interleaved_b	T1_easy	10k_final	27	true		
ac-v1-07276	INTLB-b4-2722-1	ACP-046777	interleaved_b	T2_medium	100k	31	true		
ac-v1-07277	MS-n8-wYYYxyyyXyy	ACP-004057	ms_expanded	T1_easy	10k_final	30	true		
ac-v1-07278	INTLB-b3t-916-0	ACP-042909	interleaved_b	T1_easy	10k_final	33	true		
ac-v1-07279	MS-n6-wYXYxy	ACP-019178	ms_expanded	T1_easy	10k_final	21	true	uncertified	146
ac-v1-07280	MS-n8-wYYYYYY	ACP-034475	ms_expanded	T0_warmup	10k_final	26	true		
ac-v1-07281	MS-n6-wYXYYxYYYY	ACP-007009	ms_expanded	T2_medium	100k	25	true		
ac-v1-07282	MS-n6-wYYYYXYYYxy	ACP-007406	ms_expanded	T2_medium	100k	26	true		
ac-v1-07283	INTLB-b4-48-1	ACP-043204	interleaved_b	T2_medium	100k	33	true		
ac-v1-07284	INTLB-b4-2841-0	ACP-038477	interleaved_b	T2_medium	100k	29	true		
ac-v1-07285	INTLB-b3t-631-0	ACP-043691	interleaved_b	T1_easy	10k_final	33	true		
ac-v1-07286	AUTH-25_28-k1-3	ACP-019914	aut_hard	T5_moonshot	100k	25	true		
ac-v1-07287	INTL-b2-80-0	ACP-035652	interleaved	T1_easy	10k_final	23	true		
ac-v1-07288	INTLB-b3t-864-1	ACP-037483	interleaved_b	T1_easy	10k_final	24	true		
ac-v1-07289	MS-n2-wYXyxyyyy	ACP-035626	ms_expanded	T1_easy	10k_final	16	true		
ac-v1-07290	INTLB-b3t-184-1	ACP-040160	interleaved_b	T1_easy	10k_final	36	true		
ac-v1-07291	INTLB-b4-2400-0	ACP-041639	interleaved_b	T3_hard_solvable	100k	35	true		
ac-v1-07292	MS-n8-wYXyxY	ACP-014751	ms_expanded	T2_medium	100k	25	true		
ac-v1-07293	MS-n9-wYxyyyyyXy	ACP-004605	ms_expanded	T1_easy	10k_final	31	true		
ac-v1-07294	INTLB-b4-2018-0	ACP-041152	interleaved_b	T2_medium	100k	30	true		
ac-v1-07295	INTLB-b4-100-0	ACP-044019	interleaved_b	T1_easy	10k_final	19	true		
ac-v1-07296	MS-n9-wYXyxyyyyy	ACP-032939	ms_expanded	T1_easy	10k_final	31	true		
ac-v1-07297	MS-n10-wXYYxY	ACP-010042	ms_expanded	T4_frontier	100k	29	true		
ac-v1-07298	MS-n9-wXXyyxYxY	ACP-013689	ms_expanded	T4_frontier	100k	30	true		
ac-v1-07299	MS-n5-wXyyyyxy	ACP-018524	ms_expanded	T1_easy	10k_final	21	true	uncertified	586
ac-v1-07300	MS-n4-wXXYxyxy	ACP-010435	ms_expanded	T5_moonshot	100k	19	false	open	914
ac-v1-07301	INTLB-b3t-92-1	ACP-047034	interleaved_b	T1_easy	10k_final	33	true		
ac-v1-07302	INTLB-b3t-44-1	ACP-046098	interleaved_b	T1_easy	10k_final	36	true		
ac-v1-07303	MS-n8-wXXXyyxxxy	ACP-004333	ms_expanded	T4_frontier	100k	29	true		
ac-v1-07304	AUTH-17_6-k1-2	ACP-036991	aut_hard	T5_moonshot	100k	17	true		
ac-v1-07305	MS-n6-wYXYxY	ACP-007463	ms_expanded	T5_moonshot	100k	21	true	open	132
ac-v1-07306	INTLB-b4-1010-1	ACP-046974	interleaved_b	T1_easy	10k_final	24	true		
ac-v1-07307	INTLB-b4-1588-1	ACP-038263	interleaved_b	T3_hard_solvable	100k	29	true		
ac-v1-07308	INTLB-b4-793-0	ACP-044406	interleaved_b	T3_hard_solvable	100k	33	true		
ac-v1-07309	MS-n10-wXXXYxYxYxY	ACP-036960	ms_expanded	T4_frontier	100k	34	true		
ac-v1-07310	INTL-b1-139-0	ACP-015579	interleaved	T1_easy	10k_final	25	true		
ac-v1-07311	MS-n3-wYXyyxY	ACP-029484	ms_expanded	T5_moonshot	10k_final	16	false	open	276
ac-v1-07312	INTLB-b4-786-1	ACP-040739	interleaved_b	T2_medium	100k	31	true		
ac-v1-07313	INTLB-b4-1169-0	ACP-037920	interleaved_b	T1_easy	10k_final	28	true		
ac-v1-07314	AUTH-15_7-k1-1	ACP-002851	aut_hard	T5_moonshot	100k	15	true		
ac-v1-07315	AUTH-19_47-k0-0	ACP-002995	aut_hard	T5_moonshot	100k	19	true		
ac-v1-07316	MS-n8-wYYXYxY	ACP-003123	ms_expanded	T4_frontier	100k	26	true		
ac-v1-07317	INTLB-b3t-106-0	ACP-040572	interleaved_b	T1_easy	10k_final	29	true		
ac-v1-07318	MS-n7-wXXYYxYxyy	ACP-030518	ms_expanded	T4_frontier	100k	27	true		
ac-v1-07319	INTLB-b4-493-0	ACP-040864	interleaved_b	T2_medium	100k	30	true		
ac-v1-07320	INTL-b2-116-1	ACP-022818	interleaved	T1_easy	10k_final	27	true		
ac-v1-07321	INTLB-b3t-839-1	ACP-038394	interleaved_b	T1_easy	10k_final	25	true		
ac-v1-07322	INTLB-b4-1778-1	ACP-044211	interleaved_b	T1_easy	10k_final	29	true		
ac-v1-07323	INTLB-b4-3986-1	ACP-046478	interleaved_b	T2_medium	100k	32	true		
ac-v1-07324	AUTH-17_41-k1-0	ACP-034415	aut_hard	T5_moonshot	100k	23	true		
ac-v1-07325	MS-n7-wYYxYYYYXyy	ACP-032134	ms_expanded	T1_easy	10k_final	28	true		
ac-v1-07326	INTLB-b4-1968-0	ACP-043571	interleaved_b	T2_medium	100k	21	true		
ac-v1-07327	INTLB-b4-249-0	ACP-038373	interleaved_b	T2_medium	100k	32	true		
ac-v1-07328	INTLB-b4-242-1	ACP-044746	interleaved_b	T2_medium	100k	22	true		
ac-v1-07329	INTLB-b4-3557-0	ACP-046878	interleaved_b	T2_medium	100k	35	true		
ac-v1-07330	INTLB-b4-2424-1	ACP-046643	interleaved_b	T3_hard_solvable	100k	35	true		
ac-v1-07331	INTLB-b3t-504-1	ACP-041888	interleaved_b	T1_easy	10k_final	31	true		
ac-v1-07332	INTLB-b4-2235-1	ACP-038404	interleaved_b	T3_hard_solvable	100k	35	true		
ac-v1-07333	INTLB-b4-2775-0	ACP-043234	interleaved_b	T3_hard_solvable	100k	31	true		
ac-v1-07334	INTLB-b4-1419-0	ACP-043463	interleaved_b	T1_easy	10k_final	26	true		
ac-v1-07335	AUTH-21_10-k1-0	ACP-005397	aut_hard	T5_moonshot	100k	21	true		
ac-v1-07336	INTLB-b4-1422-0	ACP-046065	interleaved_b	T1_easy	10k_final	26	true		
ac-v1-07337	MS-n4-wYXYYxYYY	ACP-021613	ms_expanded	T1_easy	10k_final	20	true		
ac-v1-07338	MS-n3-wXYXYxxy	ACP-006267	ms_expanded	T5_moonshot	100k	17	false	open	899
ac-v1-07339	AUTH-18_6-k0-0	ACP-022738	aut_hard	T5_moonshot	100k	18	true		
ac-v1-07340	INTLB-b4-2180-0	ACP-042566	interleaved_b	T3_hard_solvable	100k	32	true		
ac-v1-07341	INTL-b3-110-1	ACP-016469	interleaved	T1_easy	10k_final	18	true		
ac-v1-07342	INTL-b4-1-1	ACP-002583	interleaved	T2_medium	100k	29	true		
ac-v1-07343	INTLB-b4-1434-0	ACP-039901	interleaved_b	T1_easy	10k_final	25	true		
ac-v1-07344	MS-n8-wYXYxYY	ACP-028932	ms_expanded	T4_frontier	100k	26	true		
ac-v1-07345	INTLB-b4-1270-1	ACP-047173	interleaved_b	T1_easy	10k_final	33	true		
ac-v1-07346	INTLB-b4-1022-0	ACP-040635	interleaved_b	T1_easy	10k_final	31	true		
ac-v1-07347	INTLB-b4-2447-0	ACP-039396	interleaved_b	T3_hard_solvable	100k	36	true		
ac-v1-07348	INTLB-b4-192-0	ACP-038936	interleaved_b	T1_easy	10k_final	33	true		
ac-v1-07349	INTLB-b4-2169-1	ACP-043196	interleaved_b	T3_hard_solvable	100k	35	true		
ac-v1-07350	INTLB-b4-1601-1	ACP-046378	interleaved_b	T3_hard_solvable	100k	31	true		
ac-v1-07351	INTL-b1-152-1	ACP-009678	interleaved	T1_easy	10k_final	29	true		
ac-v1-07352	INTLB-b3t-2-0	ACP-041822	interleaved_b	T1_easy	10k_final	28	true		
ac-v1-07353	INTLB-b4-1887-1	ACP-047035	interleaved_b	T1_easy	10k_final	34	true		
ac-v1-07354	INTLB-b3t-24-0	ACP-040074	interleaved_b	T1_easy	10k_final	27	true		
ac-v1-07355	AUTH-16_10-k1-1	ACP-018129	aut_hard	T5_moonshot	100k	16	true		
ac-v1-07356	MS-n8-wXXYxYxyy	ACP-018495	ms_expanded	T4_frontier	100k	28	true		
ac-v1-07357	MS-n5-wXXXYxyxxyy	ACP-027467	ms_expanded	T4_frontier	100k	24	true		
ac-v1-07358	INTLB-b4-1006-1	ACP-044464	interleaved_b	T1_easy	10k_final	31	true		
ac-v1-07359	AUTH-17_38-k0-0	ACP-009043	aut_hard	T5_moonshot	100k	17	true		
ac-v1-07360	INTLB-b4-2548-0	ACP-042050	interleaved_b	T2_medium	100k	31	true		
ac-v1-07361	INTLB-b4-1545-1	ACP-046106	interleaved_b	T2_medium	100k	29	true		
ac-v1-07362	MS-n9-wXXyyxyxy	ACP-008928	ms_expanded	T4_frontier	100k	30	true		
ac-v1-07363	INTLB-b3t-213-1	ACP-042572	interleaved_b	T1_easy	10k_final	35	true		
ac-v1-07364	INTLB-b4-1495-0	ACP-039849	interleaved_b	T1_easy	10k_final	33	true		
ac-v1-07365	MS-n5-wYYYXyxYYY	ACP-025283	ms_expanded	T1_easy	10k_final	23	true		
ac-v1-07366	INTLB-b3t-425-0	ACP-043405	interleaved_b	T1_easy	10k_final	29	true		
ac-v1-07367	INTLB-b4-2781-1	ACP-038735	interleaved_b	T3_hard_solvable	100k	28	true		
ac-v1-07368	AUTH-17_14-k1-2	ACP-033497	aut_hard	T5_moonshot	100k	23	true		
ac-v1-07369	INTL-b2-181-1	ACP-015019	interleaved	T1_easy	10k_final	28	true		
ac-v1-07370	INTLB-b4-2987-0	ACP-046530	interleaved_b	T2_medium	100k	27	true		
ac-v1-07371	INTLB-b4-1336-1	ACP-042967	interleaved_b	T1_easy	10k_final	33	true		
ac-v1-07372	INTLB-b4-1584-0	ACP-044487	interleaved_b	T1_easy	10k_final	19	true		
ac-v1-07373	INTLB-b4-1656-0	ACP-038116	interleaved_b	T1_easy	10k_final	27	true		
ac-v1-07374	INTLB-b4-1377-0	ACP-043210	interleaved_b	T1_easy	10k_final	29	true		
ac-v1-07375	INTLB-b3t-112-1	ACP-044389	interleaved_b	T1_easy	10k_final	29	true		
ac-v1-07376	INTLB-b4-2139-1	ACP-039666	interleaved_b	T1_easy	10k_final	26	true		
ac-v1-07377	MS-n5-wXXXyxxxy	ACP-027671	ms_expanded	T4_frontier	100k	22	true		
ac-v1-07378	INTLB-b4-1562-0	ACP-044568	interleaved_b	T1_easy	10k_final	27	true		
ac-v1-07379	INTLB-b3t-315-1	ACP-041884	interleaved_b	T1_easy	10k_final	31	true		
ac-v1-07380	MS-n6-wYXYYYxYYY	ACP-030502	ms_expanded	T1_easy	10k_final	25	true		
ac-v1-07381	INTLB-b4-494-0	ACP-044282	interleaved_b	T2_medium	100k	22	true		
ac-v1-07382	INTLB-b3t-159-0	ACP-037451	interleaved_b	T1_easy	10k_final	31	true		
ac-v1-07383	INTLB-b3t-909-1	ACP-039222	interleaved_b	T1_easy	10k_final	32	true		
ac-v1-07384	INTLB-b4-2007-1	ACP-037627	interleaved_b	T3_hard_solvable	100k	23	true		
ac-v1-07385	MS-n4-wYYXYYxYYY	ACP-018248	ms_expanded	T1_easy	10k_final	21	true		
ac-v1-07386	INTLB-b3t-814-0	ACP-038070	interleaved_b	T1_easy	10k_final	35	true		
ac-v1-07387	INTLB-b3t-363-1	ACP-041627	interleaved_b	T1_easy	10k_final	27	true		
ac-v1-07388	INTLB-b4-261-0	ACP-039032	interleaved_b	T3_hard_solvable	100k	33	true		
ac-v1-07389	INTLB-b3t-452-0	ACP-042737	interleaved_b	T1_easy	10k_final	25	true		
ac-v1-07390	INTLB-b4-330-0	ACP-042249	interleaved_b	T3_hard_solvable	100k	25	true		
ac-v1-07391	INTLB-b4-844-1	ACP-038164	interleaved_b	T2_medium	100k	35	true		
ac-v1-07392	INTLB-b4-363-0	ACP-038189	interleaved_b	T3_hard_solvable	100k	29	true		
ac-v1-07393	INTLB-b4-3048-0	ACP-044324	interleaved_b	T3_hard_solvable	100k	25	true		
ac-v1-07394	MS-n7-wyyXyyxY	ACP-011782	ms_expanded	T4_frontier	100k	25	false	open	721
ac-v1-07395	MS-n4-wXXXyxxxY	ACP-017771	ms_expanded	T4_frontier	100k	20	true		
ac-v1-07396	INTLB-b4-2288-0	ACP-044516	interleaved_b	T2_medium	100k	23	true		
ac-v1-07397	INTLB-b4-3323-1	ACP-043453	interleaved_b	T3_hard_solvable	100k	31	true		
ac-v1-07398	INTLB-b4-3011-1	ACP-041274	interleaved_b	T2_medium	100k	33	true		
ac-v1-07399	INTLB-b4-2098-1	ACP-045077	interleaved_b	T1_easy	10k_final	24	true		
ac-v1-07400	MS-n8-wYYXyxy	ACP-034921	ms_expanded	T4_frontier	100k	26	true		
ac-v1-07401	INTLB-b4-539-1	ACP-039673	interleaved_b	T2_medium	100k	31	true		
ac-v1-07402	INTLB-b4-1457-1	ACP-041329	interleaved_b	T2_medium	100k	31	true		
ac-v1-07403	MS-n10-wYYxyyXyy	ACP-028500	ms_expanded	T1_easy	10k_final	32	true		
ac-v1-07404	INTLB-b4-1937-1	ACP-044083	interleaved_b	T1_easy	10k_final	23	true		
ac-v1-07405	MS-n9-wXXyyxxY	ACP-034807	ms_expanded	T4_frontier	100k	29	true		
ac-v1-07406	AUTH-19_47-k1-0	ACP-008439	aut_hard	T5_moonshot	100k	24	true		
ac-v1-07407	AUTH-21_26-k12-0	ACP-011586	aut_hard	T5_moonshot	100k	30	true		
ac-v1-07408	INTLB-b4-2152-0	ACP-038897	interleaved_b	T3_hard_solvable	100k	36	true		
ac-v1-07409	INTLB-b3t-729-0	ACP-045427	interleaved_b	T3_hard_solvable	100k	32	true		
ac-v1-07410	INTLB-b4-151-1	ACP-041590	interleaved_b	T1_easy	10k_final	27	true		
ac-v1-07411	INTLB-b3t-648-1	ACP-040310	interleaved_b	T2_medium	100k	31	true		
ac-v1-07412	INTLB-b4-283-1	ACP-043148	interleaved_b	T2_medium	100k	33	true		
ac-v1-07413	MS-n10-wXXyxxYY	ACP-009146	ms_expanded	T4_frontier	100k	31	true		
ac-v1-07414	INTL-b4-229-1	ACP-006564	interleaved	T3_hard_solvable	100k	33	true		
ac-v1-07415	INTL-b4-236-1	ACP-028919	interleaved	T2_medium	100k	19	true		
ac-v1-07416	INTLB-b4-1879-0	ACP-039204	interleaved_b	T1_easy	10k_final	30	true		
ac-v1-07417	INTLB-b4-3034-1	ACP-039419	interleaved_b	T3_hard_solvable	100k	28	true		
ac-v1-07418	INTLB-b4-2270-1	ACP-042442	interleaved_b	T2_medium	100k	30	true		
ac-v1-07419	MS-n4-wYYYYXyxY	ACP-029026	ms_expanded	T1_easy	10k_final	20	true		
ac-v1-07420	INTLB-b4-1480-1	ACP-042199	interleaved_b	T1_easy	10k_final	25	true		
ac-v1-07421	INTLB-b4-1616-1	ACP-042616	interleaved_b	T2_medium	100k	31	true		
ac-v1-07422	MS-n6-wXXyxYxyy	ACP-001223	ms_expanded	T4_frontier	100k	24	true		
ac-v1-07423	MS-n10-wXXXyyxxxY	ACP-027802	ms_expanded	T4_frontier	100k	33	true		
ac-v1-07424	MS-n6-wYYXYxY	ACP-017632	ms_expanded	T4_frontier	100k	22	true	open	237
ac-v1-07425	INTLB-b4-1883-1	ACP-038945	interleaved_b	T2_medium	100k	25	true		
ac-v1-07426	MS-n2-wXXXYxxyyxY	ACP-024363	ms_expanded	T4_frontier	100k	18	true		
ac-v1-07427	AUTH-17_22-k1-0	ACP-022716	aut_hard	T5_moonshot	100k	21	true		
ac-v1-07428	MS-n9-wXXXXyxxxxy	ACP-004278	ms_expanded	T4_frontier	100k	32	true		
ac-v1-07429	MS-n6-wXXYYxxyy	ACP-005646	ms_expanded	T4_frontier	100k	24	true		
ac-v1-07430	MS-n4-wyxyyXyy	ACP-004328	ms_expanded	T4_frontier	100k	19	true	open	543
ac-v1-07431	AUTH-21_1-k1-0	ACP-010169	aut_hard	T5_moonshot	100k	27	true		
ac-v1-07432	MS-n6-wYxyXyy	ACP-016447	ms_expanded	T1_easy	10k_final	22	true	uncertified	300
ac-v1-07433	INTLB-b4-160-0	ACP-046496	interleaved_b	T1_easy	10k_final	31	true		
ac-v1-07434	MS-n9-wXYYYxyyy	ACP-030111	ms_expanded	T0_warmup	10k_final	30	true		
ac-v1-07435	INTLB-b4-1822-1	ACP-041690	interleaved_b	T1_easy	10k_final	26	true		
ac-v1-07436	INTLB-b4-2711-0	ACP-040647	interleaved_b	T2_medium	100k	29	true		
ac-v1-07437	INTLB-b4-2334-0	ACP-043504	interleaved_b	T2_medium	100k	27	true		
ac-v1-07438	MS-n5-wXyyxY	ACP-008376	ms_expanded	T4_frontier	100k	19	true	open	159
ac-v1-07439	INTL-b2-259-0	ACP-015035	interleaved	T1_easy	10k_final	25	true		
ac-v1-07440	INTLB-b3t-52-1	ACP-046289	interleaved_b	T2_medium	100k	34	true		
ac-v1-07441	INTLB-b3t-936-0	ACP-044830	interleaved_b	T1_easy	10k_final	29	true		
ac-v1-07442	AUTH-25_32-k1-0	ACP-004743	aut_hard	T5_moonshot	100k	39	true		
ac-v1-07443	INTLB-b4-1860-0	ACP-039326	interleaved_b	T2_medium	100k	31	true		
ac-v1-07444	INTLB-b4-1982-0	ACP-042032	interleaved_b	T3_hard_solvable	100k	25	true		
ac-v1-07445	AUTH-AK(2)-k1-2	ACP-022088	aut_hard	T0_warmup	10k_final	12	true		
ac-v1-07446	MS-n6-wXXyxxy	ACP-028680	ms_expanded	T5_moonshot	100k	22	true	open	370
ac-v1-07447	INTL-b4-205-1	ACP-022904	interleaved	T1_easy	10k_final	30	true		
ac-v1-07448	INTLB-b4-481-0	ACP-045977	interleaved_b	T2_medium	100k	25	true		
ac-v1-07449	MS-n3-wXXyxxYYYY	ACP-012968	ms_expanded	T5_moonshot	10k_final	19	true		
ac-v1-07450	INTLB-b4-1880-1	ACP-042041	interleaved_b	T3_hard_solvable	100k	29	true		
ac-v1-07451	MS-n8-wXXXYxxyxy	ACP-009709	ms_expanded	T4_frontier	100k	29	true		
ac-v1-07452	MS-n6-wXyyxyy	ACP-011501	ms_expanded	T4_frontier	100k	22	true	open	468
ac-v1-07453	INTLB-b4-1765-0	ACP-039775	interleaved_b	T1_easy	10k_final	25	true		
ac-v1-07454	INTLB-b4-1532-1	ACP-041529	interleaved_b	T1_easy	10k_final	32	true		
ac-v1-07455	INTLB-b4-2193-0	ACP-042748	interleaved_b	T1_easy	10k_final	25	true		
ac-v1-07456	INTL-b1-223-0	ACP-011979	interleaved	T1_easy	10k_final	33	true		
ac-v1-07457	INTLB-b4-659-1	ACP-037313	interleaved_b	T2_medium	100k	33	true		
ac-v1-07458	AUTH-AK(2)-k12-0	ACP-000861	aut_hard	T1_easy	10k_final	17	true		
ac-v1-07459	INTLB-b4-159-1	ACP-045410	interleaved_b	T1_easy	10k_final	27	true		
ac-v1-07460	MS-n5-wXXYYYxxYY	ACP-003786	ms_expanded	T4_frontier	100k	23	true		
ac-v1-07461	INTLB-b4-1468-0	ACP-043611	interleaved_b	T1_easy	10k_final	21	true		
ac-v1-07462	INTLB-b4-421-1	ACP-046840	interleaved_b	T2_medium	100k	35	true		
ac-v1-07463	INTLB-b3t-366-1	ACP-047065	interleaved_b	T1_easy	10k_final	20	true		
ac-v1-07464	INTLB-b3t-718-0	ACP-037340	interleaved_b	T1_easy	10k_final	31	true		
ac-v1-07465	INTLB-b4-2934-1	ACP-042267	interleaved_b	T3_hard_solvable	100k	21	true		
ac-v1-07466	INTLB-b4-1259-1	ACP-044238	interleaved_b	T1_easy	10k_final	21	true		
ac-v1-07467	INTLB-b4-1138-1	ACP-038957	interleaved_b	T1_easy	10k_final	31	true		
ac-v1-07468	INTLB-b3t-815-1	ACP-037364	interleaved_b	T1_easy	10k_final	29	true		
ac-v1-07469	INTLB-b4-1654-1	ACP-037370	interleaved_b	T1_easy	10k_final	33	true		
ac-v1-07470	INTLB-b4-3300-0	ACP-038995	interleaved_b	T3_hard_solvable	100k	31	true		
ac-v1-07471	INTLB-b4-1137-1	ACP-037315	interleaved_b	T1_easy	10k_final	31	true		
ac-v1-07472	MS-n10-wXYxYYY	ACP-034226	ms_expanded	T4_frontier	100k	30	true		
ac-v1-07473	INTLB-b4-1291-1	ACP-038845	interleaved_b	T1_easy	10k_final	35	true		
ac-v1-07474	MS-n3-wXXYYYxyyxy	ACP-014784	ms_expanded	T5_moonshot	10k_final	20	true		
ac-v1-07475	INTLB-b4-562-1	ACP-045006	interleaved_b	T3_hard_solvable	100k	35	true		
ac-v1-07476	INTL-b2-117-0	ACP-022077	interleaved	T1_easy	10k_final	26	true		
ac-v1-07477	INTLB-b4-2256-1	ACP-046164	interleaved_b	T2_medium	100k	33	true		
ac-v1-07478	INTLB-b4-2216-1	ACP-044384	interleaved_b	T3_hard_solvable	100k	32	true		
ac-v1-07479	INTLB-b3t-858-0	ACP-038326	interleaved_b	T1_easy	10k_final	35	true		
ac-v1-07480	INTLB-b4-2536-1	ACP-040018	interleaved_b	T3_hard_solvable	100k	33	true		
ac-v1-07481	INTLB-b3t-856-0	ACP-042377	interleaved_b	T1_easy	10k_final	29	true		
ac-v1-07482	INTLB-b4-3353-0	ACP-042715	interleaved_b	T2_medium	100k	31	true		
ac-v1-07483	MS-n9-wXXXYxxYYxY	ACP-008493	ms_expanded	T4_frontier	100k	32	true		
ac-v1-07484	INTLB-b3t-513-0	ACP-045166	interleaved_b	T1_easy	10k_final	31	true		
ac-v1-07485	INTLB-b4-2953-1	ACP-046756	interleaved_b	T3_hard_solvable	100k	31	true		
ac-v1-07486	INTLB-b4-1624-0	ACP-044632	interleaved_b	T1_easy	10k_final	31	true		
ac-v1-07487	MS-n7-wXXYYxYxY	ACP-022739	ms_expanded	T4_frontier	100k	26	true		
ac-v1-07488	INTLB-b4-201-0	ACP-043169	interleaved_b	T2_medium	100k	29	true		
ac-v1-07489	INTLB-b3t-370-1	ACP-041780	interleaved_b	T1_easy	10k_final	35	true		
ac-v1-07490	MS-n4-wXXXYxyxYxy	ACP-035522	ms_expanded	T4_frontier	100k	22	true		
ac-v1-07491	INTLB-b4-1721-1	ACP-043724	interleaved_b	T1_easy	10k_final	35	true		
ac-v1-07492	INTLB-b4-1223-0	ACP-041151	interleaved_b	T1_easy	10k_final	35	true		
ac-v1-07493	INTLB-b4-3248-1	ACP-043363	interleaved_b	T2_medium	100k	33	true		
ac-v1-07494	INTLB-b3t-210-1	ACP-043873	interleaved_b	T1_easy	10k_final	33	true		
ac-v1-07495	INTLB-b4-2198-0	ACP-044815	interleaved_b	T3_hard_solvable	100k	31	true		
ac-v1-07496	INTLB-b4-1874-0	ACP-042809	interleaved_b	T1_easy	10k_final	25	true		
ac-v1-07497	MS-n7-wXyxYY	ACP-011523	ms_expanded	T4_frontier	100k	23	true	open	140
ac-v1-07498	INTLB-b4-56-1	ACP-040191	interleaved_b	T2_medium	100k	31	true		
ac-v1-07499	INTLB-b3t-901-1	ACP-046263	interleaved_b	T1_easy	10k_final	30	true		
ac-v1-07500	INTLB-b4-1400-1	ACP-041732	interleaved_b	T3_hard_solvable	100k	27	true		
ac-v1-07501	INTL-b3-159-1	ACP-012121	interleaved	T1_easy	10k_final	33	true		
ac-v1-07502	INTLB-b4-2001-1	ACP-043089	interleaved_b	T1_easy	10k_final	33	true		
ac-v1-07503	INTLB-b3t-731-1	ACP-039720	interleaved_b	T1_easy	10k_final	26	true		
ac-v1-07504	INTLB-b4-1901-0	ACP-044636	interleaved_b	T1_easy	10k_final	34	true		
ac-v1-07505	MS-n6-wYYYXyyyxy	ACP-017709	ms_expanded	T1_easy	10k_final	25	true		
ac-v1-07506	MS-n7-wXYYYYxY	ACP-014430	ms_expanded	T4_frontier	100k	25	true	open	896
ac-v1-07507	AUTH-16_4-k1-0	ACP-020107	aut_hard	T5_moonshot	100k	17	true		
ac-v1-07508	MS-n4-wXXXYxxYYxy	ACP-022325	ms_expanded	T4_frontier	100k	22	true		
ac-v1-07509	INTLB-b3t-603-0	ACP-039096	interleaved_b	T1_easy	10k_final	31	true		
ac-v1-07510	INTLB-b3t-255-0	ACP-045539	interleaved_b	T1_easy	10k_final	35	true		
ac-v1-07511	INTLB-b4-640-0	ACP-042112	interleaved_b	T2_medium	100k	26	true		
ac-v1-07512	AUTH-25_3-k1-3	ACP-033560	aut_hard	T5_moonshot	100k	25	true		
ac-v1-07513	MS-n2-wXXXyxxxyy	ACP-021022	ms_expanded	T4_frontier	100k	17	true		
ac-v1-07514	MS-n5-wXYXyxxY	ACP-027328	ms_expanded	T5_moonshot	100k	21	false	open	1041
ac-v1-07515	MS-n5-wYXYYYxYY	ACP-006876	ms_expanded	T1_easy	10k_final	22	true		
ac-v1-07516	MS-n7-wXXXYYxyxxy	ACP-010240	ms_expanded	T4_frontier	100k	28	true		
ac-v1-07517	MS-n2-wXYxYYXyxy	ACP-025820	ms_expanded	T1_easy	10k_final	17	true		
ac-v1-07518	MS-n4-wXXYYxYxYY	ACP-032251	ms_expanded	T4_frontier	100k	21	true		
ac-v1-07519	MS-n8-wXyyxy	ACP-013178	ms_expanded	T4_frontier	100k	25	true		
ac-v1-07520	MS-n6-wXXYxxYY	ACP-030236	ms_expanded	T5_moonshot	100k	23	false	open	937
ac-v1-07521	INTL-b4-202-1	ACP-023868	interleaved	T1_easy	10k_final	19	true		
ac-v1-07522	MS-n5-wXXXYxxyxy	ACP-001692	ms_expanded	T4_frontier	100k	23	true		
ac-v1-07523	INTLB-b4-1647-1	ACP-040405	interleaved_b	T1_easy	10k_final	26	true		
ac-v1-07524	INTLB-b4-2205-1	ACP-045100	interleaved_b	T3_hard_solvable	100k	29	true		
ac-v1-07525	INTLB-b4-1454-1	ACP-038262	interleaved_b	T2_medium	100k	24	true		
ac-v1-07526	INTLB-b4-57-0	ACP-039294	interleaved_b	T2_medium	100k	31	true		
ac-v1-07527	INTL-b4-116-1	ACP-022703	interleaved	T1_easy	10k_final	32	true		
ac-v1-07528	INTL-b3-101-0	ACP-026819	interleaved	T1_easy	10k_final	26	true		
ac-v1-07529	INTLB-b3t-739-1	ACP-042596	interleaved_b	T1_easy	10k_final	26	true		
ac-v1-07530	INTLB-b3t-298-0	ACP-046402	interleaved_b	T1_easy	10k_final	33	true		
ac-v1-07531	INTLB-b4-1929-1	ACP-040236	interleaved_b	T2_medium	100k	19	true		
ac-v1-07532	INTLB-b4-1685-1	ACP-044647	interleaved_b	T3_hard_solvable	100k	31	true		
ac-v1-07533	INTLB-b4-3021-1	ACP-046654	interleaved_b	T2_medium	100k	23	true		
ac-v1-07534	MS-n5-wXXyyyxxy	ACP-024487	ms_expanded	T4_frontier	100k	22	true		
ac-v1-07535	MS-n6-wXXYxyyxy	ACP-013692	ms_expanded	T4_frontier	100k	24	true		
ac-v1-07536	INTLB-b4-1320-1	ACP-039533	interleaved_b	T2_medium	100k	30	true		
ac-v1-07537	INTLB-b3t-242-1	ACP-039512	interleaved_b	T1_easy	10k_final	31	true		
ac-v1-07538	INTLB-b4-1463-1	ACP-040228	interleaved_b	T1_easy	10k_final	31	true		
ac-v1-07539	INTLB-b4-1565-0	ACP-040055	interleaved_b	T1_easy	10k_final	29	true		
ac-v1-07540	MS-n4-wYYXyxY	ACP-022336	ms_expanded	T1_easy	10k_final	18	true	uncertified	431
ac-v1-07541	MS-n3-wYxyXyyy	ACP-005003	ms_expanded	T1_easy	10k_final	17	true	uncertified	640
ac-v1-07542	INTL-b1-87-0	ACP-034113	interleaved	T1_easy	10k_final	23	true		
ac-v1-07543	INTL-b4-107-1	ACP-016177	interleaved	T1_easy	10k_final	31	true		
ac-v1-07544	INTLB-b3t-396-0	ACP-042573	interleaved_b	T1_easy	10k_final	30	true		
ac-v1-07545	MS-n8-wXYYYYxy	ACP-007949	ms_expanded	T1_easy	10k_final	27	true		
ac-v1-07546	MS-n9-wXYYYxYY	ACP-024933	ms_expanded	T4_frontier	100k	29	true		
ac-v1-07547	INTLB-b3t-741-0	ACP-046239	interleaved_b	T1_easy	10k_final	23	true		
ac-v1-07548	INTLB-b4-1017-1	ACP-042550	interleaved_b	T1_easy	10k_final	31	true		
ac-v1-07549	MS-n3-wXXXYxxyxyy	ACP-016115	ms_expanded	T4_frontier	100k	20	true		
ac-v1-07550	INTLB-b4-1048-0	ACP-043426	interleaved_b	T1_easy	10k_final	33	true		
ac-v1-07551	MS-n6-wXXXYxYxyxY	ACP-016550	ms_expanded	T4_frontier	100k	26	true		
ac-v1-07552	INTLB-b4-290-0	ACP-040316	interleaved_b	T3_hard_solvable	100k	35	true		
ac-v1-07553	MS-n4-wYxYXy	ACP-027552	ms_expanded	T4_frontier	100k	17	true	open	200
ac-v1-07554	INTL-b3-164-0	ACP-021198	interleaved	T1_easy	10k_final	32	true		
ac-v1-07555	MS-n5-wYYYYYXYxyy	ACP-013025	ms_expanded	T2_medium	100k	24	true		
ac-v1-07556	MS-n3-wXXYxyxy	ACP-029084	ms_expanded	T5_moonshot	100k	17	false	open	913
ac-v1-07557	INTLB-b4-2845-0	ACP-046550	interleaved_b	T3_hard_solvable	100k	32	true		
ac-v1-07558	MS-n3-wXXyyyxyxyy	ACP-024634	ms_expanded	T1_easy	10k_final	20	true		
ac-v1-07559	INTLB-b3t-127-1	ACP-041852	interleaved_b	T1_easy	10k_final	27	true		
ac-v1-07560	INTLB-b4-1717-0	ACP-043877	interleaved_b	T3_hard_solvable	100k	29	true		
ac-v1-07561	INTLB-b4-3252-1	ACP-037628	interleaved_b	T2_medium	100k	29	true		
ac-v1-07562	MS-n6-wXXYYxYxyy	ACP-016058	ms_expanded	T4_frontier	100k	25	true		
ac-v1-07563	INTLB-b4-2325-0	ACP-043744	interleaved_b	T2_medium	100k	27	true		
ac-v1-07564	MS-n2-wXyyyyyxy	ACP-034245	ms_expanded	T1_easy	10k_final	16	true		
ac-v1-07565	MS-n9-wyyyyyy	ACP-018998	ms_expanded	T0_warmup	10k_final	28	true		
ac-v1-07566	MS-n6-wYXyyyxyyyy	ACP-028534	ms_expanded	T1_easy	10k_final	26	true		
ac-v1-07567	MS-n2-wXXXYxxyxY	ACP-011727	ms_expanded	T4_frontier	100k	17	true		
ac-v1-07568	AUTH-17_27-k1-2	ACP-023395	aut_hard	T5_moonshot	100k	23	true		
ac-v1-07569	INTLB-b4-1748-0	ACP-044440	interleaved_b	T2_medium	100k	27	true		
ac-v1-07570	INTL-b4-126-1	ACP-011386	interleaved	T1_easy	10k_final	20	true		
ac-v1-07571	MS-n3-wXXYYxyxyy	ACP-025570	ms_expanded	T4_frontier	100k	19	true		
ac-v1-07572	INTL-b3-157-0	ACP-002757	interleaved	T1_easy	10k_final	25	true		
ac-v1-07573	INTL-b3-173-0	ACP-028955	interleaved	T3_hard_solvable	100k	32	true		
ac-v1-07574	AUTH-15_14-k1-1	ACP-025747	aut_hard	T5_moonshot	100k	18	true		
ac-v1-07575	INTLB-b4-3125-1	ACP-038535	interleaved_b	T2_medium	100k	21	true		
ac-v1-07576	INTLB-b3t-921-1	ACP-043340	interleaved_b	T1_easy	10k_final	29	true		
ac-v1-07577	MS-n5-wXXYYYYxxy	ACP-028464	ms_expanded	T4_frontier	100k	23	true		
ac-v1-07578	MS-n7-wXXXyxxxYY	ACP-017821	ms_expanded	T4_frontier	100k	27	true		
ac-v1-07579	INTLB-b3t-907-1	ACP-039361	interleaved_b	T1_easy	10k_final	31	true		
ac-v1-07580	INTLB-b3t-584-1	ACP-037331	interleaved_b	T1_easy	10k_final	23	true		
ac-v1-07581	MS-n6-wXyyyxy	ACP-012344	ms_expanded	T1_easy	10k_final	22	true	uncertified	384
ac-v1-07582	INTLB-b3t-263-1	ACP-041159	interleaved_b	T1_easy	10k_final	29	true		
ac-v1-07583	INTLB-b4-3235-0	ACP-039548	interleaved_b	T3_hard_solvable	100k	31	true		
ac-v1-07584	INTLB-b4-3171-0	ACP-041030	interleaved_b	T3_hard_solvable	100k	35	true		
ac-v1-07585	INTLB-b4-3557-1	ACP-041696	interleaved_b	T2_medium	100k	26	true		
ac-v1-07586	MS-n6-wXyXyxxY	ACP-022450	ms_expanded	T4_frontier	100k	23	true	open	1035
ac-v1-07587	INTLB-b4-775-1	ACP-040014	interleaved_b	T3_hard_solvable	100k	35	true		
ac-v1-07588	INTLB-b3t-784-0	ACP-039389	interleaved_b	T1_easy	10k_final	29	true		
ac-v1-07589	INTLB-b4-1996-1	ACP-044983	interleaved_b	T1_easy	10k_final	27	true		
ac-v1-07590	INTLB-b4-2592-1	ACP-044874	interleaved_b	T2_medium	100k	34	true		
ac-v1-07591	INTLB-b4-2127-0	ACP-043916	interleaved_b	T3_hard_solvable	100k	29	true		
ac-v1-07592	INTLB-b4-137-1	ACP-045727	interleaved_b	T1_easy	10k_final	27	true		
ac-v1-07593	INTLB-b4-16-1	ACP-046253	interleaved_b	T2_medium	100k	36	true		
ac-v1-07594	AUTH-24_3-k12-2	ACP-031331	aut_hard	T5_moonshot	100k	37	true		
ac-v1-07595	INTLB-b4-13-1	ACP-045618	interleaved_b	T1_easy	10k_final	31	true		
ac-v1-07596	INTLB-b3t-371-1	ACP-042638	interleaved_b	T1_easy	10k_final	28	true		
ac-v1-07597	INTLB-b3t-97-1	ACP-045648	interleaved_b	T3_hard_solvable	100k	31	true		
ac-v1-07598	INTL-b4-196-0	ACP-011021	interleaved	T1_easy	10k_final	25	true		
ac-v1-07599	MS-n7-wYxYXy	ACP-034760	ms_expanded	T5_moonshot	100k	23	true	open	203
ac-v1-07600	INTLB-b4-1513-0	ACP-044302	interleaved_b	T2_medium	100k	35	true		
ac-v1-07601	INTL-b3-105-1	ACP-028774	interleaved	T1_easy	10k_final	19	true		
ac-v1-07602	INTLB-b3t-502-0	ACP-042030	interleaved_b	T1_easy	10k_final	31	true		
ac-v1-07603	INTL-b2-101-1	ACP-017088	interleaved	T1_easy	10k_final	36	true		
ac-v1-07604	MS-n8-wXXXYxYxyxy	ACP-021346	ms_expanded	T4_frontier	100k	30	true		
ac-v1-07605	INTLB-b4-419-0	ACP-038794	interleaved_b	T2_medium	100k	31	true		
ac-v1-07606	INTLB-b3t-280-0	ACP-046631	interleaved_b	T1_easy	10k_final	31	true		
ac-v1-07607	INTLB-b4-317-1	ACP-039401	interleaved_b	T2_medium	100k	28	true		
ac-v1-07608	MS-n8-wXXyxyxYY	ACP-016986	ms_expanded	T4_frontier	100k	28	true		
ac-v1-07609	INTLB-b4-1675-0	ACP-045027	interleaved_b	T1_easy	10k_final	30	true		
ac-v1-07610	INTLB-b3t-722-0	ACP-040975	interleaved_b	T1_easy	10k_final	31	true		
ac-v1-07611	INTLB-b4-191-0	ACP-038942	interleaved_b	T1_easy	10k_final	26	true		
ac-v1-07612	MS-n6-wXXYxyxy	ACP-029025	ms_expanded	T5_moonshot	100k	23	false	open	916
ac-v1-07613	INTLB-b3t-226-0	ACP-038727	interleaved_b	T1_easy	10k_final	19	true		
ac-v1-07614	MS-n7-wXXXYYYxxxY	ACP-034516	ms_expanded	T4_frontier	100k	28	true		
ac-v1-07615	AUTH-19_5-k1-2	ACP-004213	aut_hard	T5_moonshot	100k	27	true		
ac-v1-07616	INTLB-b3t-920-1	ACP-046457	interleaved_b	T1_easy	10k_final	33	true		
ac-v1-07617	INTLB-b4-241-0	ACP-040130	interleaved_b	T2_medium	100k	21	true		
ac-v1-07618	INTL-b3-109-0	ACP-002253	interleaved	T1_easy	10k_final	29	true		
ac-v1-07619	INTLB-b3t-623-1	ACP-038724	interleaved_b	T1_easy	10k_final	29	true		
ac-v1-07620	INTLB-b4-3956-0	ACP-042402	interleaved_b	T2_medium	100k	29	true		
ac-v1-07621	MS-n10-wXXXYxxYxy	ACP-012362	ms_expanded	T4_frontier	100k	33	true		
ac-v1-07622	INTLB-b4-2204-0	ACP-037759	interleaved_b	T2_medium	100k	35	true		
ac-v1-07623	INTLB-b4-2611-0	ACP-040039	interleaved_b	T3_hard_solvable	100k	25	true		
ac-v1-07624	INTLB-b4-2174-0	ACP-045814	interleaved_b	T1_easy	10k_final	20	true		
ac-v1-07625	INTLB-b4-2583-0	ACP-044312	interleaved_b	T2_medium	100k	27	true		
ac-v1-07626	INTLB-b4-1836-0	ACP-045903	interleaved_b	T1_easy	10k_final	33	true		
ac-v1-07627	MS-n4-wXyXyxxY	ACP-014904	ms_expanded	T5_moonshot	100k	19	false	open	1033
ac-v1-07628	INTLB-b3t-142-1	ACP-044243	interleaved_b	T1_easy	10k_final	33	true		
ac-v1-07629	AUTH-17_21-k1-0	ACP-034857	aut_hard	T5_moonshot	100k	21	true		
ac-v1-07630	INTLB-b4-2133-1	ACP-041069	interleaved_b	T3_hard_solvable	100k	32	true		
ac-v1-07631	MS-n8-wXXyyyxxY	ACP-015674	ms_expanded	T4_frontier	100k	28	true		
ac-v1-07632	INTLB-b4-597-0	ACP-037813	interleaved_b	T2_medium	100k	33	true		
ac-v1-07633	INTLB-b3t-900-0	ACP-037574	interleaved_b	T1_easy	10k_final	31	true		
ac-v1-07634	MS-n6-wyyXyyxY	ACP-023584	ms_expanded	T4_frontier	100k	23	false	open	720
ac-v1-07635	AUTH-17_24-k1-2	ACP-035975	aut_hard	T5_moonshot	100k	17	true		
ac-v1-07636	INTL-b3-26-0	ACP-015410	interleaved	T3_hard_solvable	100k	23	true		
ac-v1-07637	MS-n9-wXXYxYxYY	ACP-030978	ms_expanded	T4_frontier	100k	30	true		
ac-v1-07638	INTLB-b4-1976-0	ACP-039466	interleaved_b	T3_hard_solvable	100k	25	true		
ac-v1-07639	AUTH-25_14-k12-0	ACP-000585	aut_hard	T5_moonshot	100k	39	true		
ac-v1-07640	INTLB-b4-2449-1	ACP-047129	interleaved_b	T2_medium	100k	31	true		
ac-v1-07641	INTLB-b4-2798-1	ACP-042880	interleaved_b	T2_medium	100k	34	true		
ac-v1-07642	INTLB-b4-1642-0	ACP-038220	interleaved_b	T2_medium	100k	32	true		
ac-v1-07643	MS-n6-wXyxYYY	ACP-035455	ms_expanded	T4_frontier	100k	22	true	open	412
ac-v1-07644	INTLB-b4-2454-0	ACP-047041	interleaved_b	T2_medium	100k	31	true		
ac-v1-07645	INTLB-b3t-311-0	ACP-043068	interleaved_b	T1_easy	10k_final	35	true		
ac-v1-07646	MS-n4-wyXyyyxy	ACP-009217	ms_expanded	T1_easy	10k_final	19	true	uncertified	606
ac-v1-07647	INTLB-b4-1620-0	ACP-039527	interleaved_b	T1_easy	10k_final	24	true		
ac-v1-07648	INTL-b2-166-1	ACP-006865	interleaved	T1_easy	10k_final	23	true		
ac-v1-07649	INTL-b2-207-0	ACP-021936	interleaved	T1_easy	10k_final	22	true		
ac-v1-07650	INTLB-b4-1468-1	ACP-046078	interleaved_b	T1_easy	10k_final	31	true		
ac-v1-07651	INTL-b3-108-1	ACP-017637	interleaved	T1_easy	10k_final	30	true		
ac-v1-07652	AUTH-21_35-k1-0	ACP-004778	aut_hard	T5_moonshot	100k	23	true		
ac-v1-07653	MS-n2-wXXYxxyy	ACP-002307	ms_expanded	T4_frontier	100k	15	true	open	926
ac-v1-07654	AUTH-19_32-k1-1	ACP-033098	aut_hard	T5_moonshot	100k	25	true		
ac-v1-07655	MS-n7-wXyxxYXY	ACP-025004	ms_expanded	T5_moonshot	100k	25	false	open	1029
ac-v1-07656	INTLB-b4-484-1	ACP-037981	interleaved_b	T3_hard_solvable	100k	32	true		
ac-v1-07657	INTLB-b4-1906-1	ACP-042419	interleaved_b	T1_easy	10k_final	33	true		
ac-v1-07658	INTL-b3-137-0	ACP-009781	interleaved	T1_easy	10k_final	25	true		
ac-v1-07659	AUTH-18_2-k1-0	ACP-035279	aut_hard	T5_moonshot	100k	18	true		
ac-v1-07660	INTLB-b4-1111-0	ACP-039761	interleaved_b	T2_medium	100k	33	true		
ac-v1-07661	MS-n4-wYYYxYXyy	ACP-019798	ms_expanded	T1_easy	10k_final	20	true		
ac-v1-07662	INTLB-b3t-339-0	ACP-039923	interleaved_b	T1_easy	10k_final	27	true		
ac-v1-07663	MS-n7-wYYYXYYxyy	ACP-026104	ms_expanded	T2_medium	100k	27	true		
ac-v1-07664	AUTH-21_17-k1-3	ACP-010092	aut_hard	T5_moonshot	100k	21	true		
ac-v1-07665	INTLB-b4-1690-0	ACP-041759	interleaved_b	T1_easy	10k_final	33	true		
ac-v1-07666	MS-n6-wXYXYYxxY	ACP-025084	ms_expanded	T4_frontier	100k	24	true		
ac-v1-07667	MS-n1-wXXXYYxxxy	ACP-017231	ms_expanded	T1_easy	10k_final	15	true		
ac-v1-07668	MS-n10-wXXYYYxxYY	ACP-010515	ms_expanded	T4_frontier	100k	33	true		
ac-v1-07669	INTLB-b4-1614-0	ACP-044035	interleaved_b	T1_easy	10k_final	27	true		
ac-v1-07670	INTLB-b4-3445-1	ACP-039572	interleaved_b	T2_medium	100k	29	true		
ac-v1-07671	INTLB-b4-2443-0	ACP-043774	interleaved_b	T3_hard_solvable	100k	36	true		
ac-v1-07672	INTLB-b4-255-1	ACP-040080	interleaved_b	T2_medium	100k	35	true		
ac-v1-07673	INTL-b4-238-1	ACP-007387	interleaved	T0_warmup	10k_final	31	true		
ac-v1-07674	INTLB-b4-3270-0	ACP-040422	interleaved_b	T3_hard_solvable	100k	24	true		
ac-v1-07675	INTLB-b4-1585-0	ACP-037811	interleaved_b	T1_easy	10k_final	24	true		
ac-v1-07676	INTLB-b4-1755-0	ACP-040766	interleaved_b	T3_hard_solvable	100k	33	true		
ac-v1-07677	AUTH-19_25-k12-0	ACP-020941	aut_hard	T5_moonshot	100k	34	true		
ac-v1-07678	INTLB-b4-1230-0	ACP-044217	interleaved_b	T1_easy	10k_final	31	true		
ac-v1-07679	INTLB-b4-1303-1	ACP-044558	interleaved_b	T3_hard_solvable	100k	28	true		
ac-v1-07680	INTLB-b4-2248-0	ACP-040313	interleaved_b	T1_easy	10k_final	28	true		
ac-v1-07681	INTLB-b4-3019-1	ACP-041055	interleaved_b	T2_medium	100k	34	true		
ac-v1-07682	INTLB-b3t-549-0	ACP-038252	interleaved_b	T1_easy	10k_final	31	true		
ac-v1-07683	INTLB-b4-2453-0	ACP-045220	interleaved_b	T2_medium	100k	31	true		
ac-v1-07684	INTLB-b4-3297-0	ACP-040047	interleaved_b	T3_hard_solvable	100k	23	true		
ac-v1-07685	INTLB-b4-140-1	ACP-046400	interleaved_b	T1_easy	10k_final	24	true		
ac-v1-07686	INTLB-b3t-758-1	ACP-041048	interleaved_b	T1_easy	10k_final	34	true		
ac-v1-07687	MS-n4-wXXyyxyxy	ACP-033156	ms_expanded	T4_frontier	100k	20	true		
ac-v1-07688	MS-n8-wXYYYxY	ACP-000105	ms_expanded	T4_frontier	100k	26	true		
ac-v1-07689	INTLB-b4-2511-0	ACP-045691	interleaved_b	T2_medium	100k	30	true		
ac-v1-07690	INTLB-b4-324-1	ACP-038301	interleaved_b	T2_medium	100k	36	true		
ac-v1-07691	INTLB-b4-2092-1	ACP-046553	interleaved_b	T1_easy	10k_final	30	true		
ac-v1-07692	INTL-b4-118-1	ACP-035834	interleaved	T1_easy	10k_final	28	true		
ac-v1-07693	INTLB-b4-1807-0	ACP-044258	interleaved_b	T3_hard_solvable	100k	28	true		
ac-v1-07694	INTLB-b4-1928-1	ACP-041108	interleaved_b	T1_easy	10k_final	27	true		
ac-v1-07695	AUTH-20_9-k1-2	ACP-023619	aut_hard	T5_moonshot	100k	31	true		
ac-v1-07696	MS-n10-wXYYYYYxy	ACP-006324	ms_expanded	T2_medium	100k	32	true		
ac-v1-07697	INTLB-b3t-886-0	ACP-044826	interleaved_b	T1_easy	10k_final	19	true		
ac-v1-07698	MS-n2-wXXYxYxY	ACP-035356	ms_expanded	T5_moonshot	100k	15	true	open	947
ac-v1-07699	MS-n2-wXYXyxYxY	ACP-029867	ms_expanded	T4_frontier	100k	16	true		
ac-v1-07700	INTLB-b4-3963-1	ACP-046063	interleaved_b	T3_hard_solvable	100k	23	true		
ac-v1-07701	INTL-b1-1-1	ACP-016519	interleaved	T0_warmup	10k_final	33	true		
ac-v1-07702	AUTH-25_18-k1-0	ACP-026205	aut_hard	T5_moonshot	100k	37	true		
ac-v1-07703	AUTH-23_17-k12-0	ACP-021959	aut_hard	T5_moonshot	100k	27	true		
ac-v1-07704	INTLB-b3t-476-1	ACP-044854	interleaved_b	T1_easy	10k_final	28	true		
ac-v1-07705	INTLB-b3t-185-1	ACP-038956	interleaved_b	T0_warmup	10k_final	33	true		
ac-v1-07706	INTLB-b4-1024-0	ACP-045919	interleaved_b	T1_easy	10k_final	26	true		
ac-v1-07707	INTLB-b3t-686-1	ACP-044334	interleaved_b	T1_easy	10k_final	23	true		
ac-v1-07708	MS-n5-wXXXYxxyyxy	ACP-011352	ms_expanded	T4_frontier	100k	24	true		
ac-v1-07709	INTLB-b4-2114-1	ACP-042523	interleaved_b	T1_easy	10k_final	29	true		
ac-v1-07710	INTLB-b4-1040-1	ACP-045578	interleaved_b	T1_easy	10k_final	24	true		
ac-v1-07711	INTL-b2-175-0	ACP-018815	interleaved	T1_easy	10k_final	27	true		
ac-v1-07712	AUTH-22_13-k0-0	ACP-023787	aut_hard	T5_moonshot	100k	22	true		
ac-v1-07713	INTLB-b4-3360-1	ACP-044198	interleaved_b	T3_hard_solvable	100k	32	true		
ac-v1-07714	MS-n10-wXXXYxYxxY	ACP-017357	ms_expanded	T4_frontier	100k	33	true		
ac-v1-07715	INTLB-b3t-604-0	ACP-044118	interleaved_b	T1_easy	10k_final	31	true		
ac-v1-07716	INTLB-b3t-790-1	ACP-045845	interleaved_b	T1_easy	10k_final	33	true		
ac-v1-07717	MS-n6-wXXXyxxyxy	ACP-032141	ms_expanded	T4_frontier	100k	25	true		
ac-v1-07718	INTLB-b4-180-0	ACP-045477	interleaved_b	T1_easy	10k_final	29	true		
ac-v1-07719	INTLB-b4-1394-0	ACP-037797	interleaved_b	T3_hard_solvable	100k	36	true		
ac-v1-07720	INTLB-b4-1058-0	ACP-037691	interleaved_b	T1_easy	10k_final	26	true		
ac-v1-07721	MS-n7-wXXYYxxy	ACP-030790	ms_expanded	T5_moonshot	100k	25	true	open	959
ac-v1-07722	INTLB-b4-1296-0	ACP-038235	interleaved_b	T1_easy	10k_final	33	true		
ac-v1-07723	MS-n5-wXYYYYYxYYY	ACP-010155	ms_expanded	T0_warmup	10k_final	24	true		
ac-v1-07724	INTLB-b4-602-0	ACP-044666	interleaved_b	T2_medium	100k	34	true		
ac-v1-07725	INTLB-b4-2922-0	ACP-042028	interleaved_b	T2_medium	100k	27	true		
ac-v1-07726	INTLB-b4-1220-0	ACP-039416	interleaved_b	T1_easy	10k_final	21	true		
ac-v1-07727	AUTH-15_12-k1-1	ACP-033645	aut_hard	T5_moonshot	100k	17	true		
ac-v1-07728	INTLB-b4-1913-1	ACP-038817	interleaved_b	T3_hard_solvable	100k	33	true		
ac-v1-07729	AUTH-25_28-k1-2	ACP-027908	aut_hard	T5_moonshot	100k	25	true		
ac-v1-07730	INTLB-b4-1192-1	ACP-040931	interleaved_b	T1_easy	10k_final	30	true		
ac-v1-07731	INTLB-b3t-257-1	ACP-042904	interleaved_b	T1_easy	10k_final	31	true		
ac-v1-07732	INTLB-b4-1869-0	ACP-046069	interleaved_b	T1_easy	10k_final	24	true		
ac-v1-07733	MS-n5-wXYXYxxy	ACP-029529	ms_expanded	T5_moonshot	100k	21	false	open	901
ac-v1-07734	INTLB-b4-3981-0	ACP-040060	interleaved_b	T3_hard_solvable	100k	29	true		
ac-v1-07735	INTLB-b3t-331-1	ACP-037280	interleaved_b	T1_easy	10k_final	24	true		
ac-v1-07736	INTL-b4-102-0	ACP-001796	interleaved	T2_medium	100k	27	true		
ac-v1-07737	INTLB-b4-1374-0	ACP-044774	interleaved_b	T1_easy	10k_final	31	true		
ac-v1-07738	MS-n2-wXYXYYxYxY	ACP-024075	ms_expanded	T1_easy	10k_final	17	true		
ac-v1-07739	INTLB-b4-1561-0	ACP-039932	interleaved_b	T3_hard_solvable	100k	29	true		
ac-v1-07740	INTL-b4-99-0	ACP-033957	interleaved	T2_medium	100k	28	true		
ac-v1-07741	AUTH-21_13-k1-0	ACP-010878	aut_hard	T5_moonshot	100k	29	true		
ac-v1-07742	INTLB-b4-1979-0	ACP-046993	interleaved_b	T3_hard_solvable	100k	30	true		
ac-v1-07743	INTLB-b4-173-1	ACP-039658	interleaved_b	T1_easy	10k_final	27	true		
ac-v1-07744	MS-n10-wXyyxyy	ACP-032630	ms_expanded	T4_frontier	100k	30	true		
ac-v1-07745	MS-n8-wYYYXyyyyxy	ACP-002002	ms_expanded	T1_easy	10k_final	30	true		
ac-v1-07746	INTLB-b3t-535-1	ACP-037523	interleaved_b	T1_easy	10k_final	30	true		
ac-v1-07747	MS-n5-wXXYYYxYxy	ACP-004094	ms_expanded	T4_frontier	100k	23	true		
ac-v1-07748	INTL-b3-134-0	ACP-021906	interleaved	T1_easy	10k_final	35	true		
ac-v1-07749	INTL-b3-114-1	ACP-002798	interleaved	T1_easy	10k_final	25	true		
ac-v1-07750	MS-n6-wXXYxxy	ACP-014412	ms_expanded	T4_frontier	100k	22	true	open	363
ac-v1-07751	INTLB-b4-1123-0	ACP-046628	interleaved_b	T1_easy	10k_final	20	true		
ac-v1-07752	INTLB-b3t-846-1	ACP-046418	interleaved_b	T1_easy	10k_final	25	true		
ac-v1-07753	INTLB-b4-2784-1	ACP-037566	interleaved_b	T2_medium	100k	35	true		
ac-v1-07754	INTLB-b3t-766-0	ACP-038049	interleaved_b	T1_easy	10k_final	19	true		
ac-v1-07755	INTL-b3-100-0	ACP-018703	interleaved	T1_easy	10k_final	30	true		
ac-v1-07756	MS-n7-wXXXyxxyxY	ACP-031275	ms_expanded	T4_frontier	100k	27	true		
ac-v1-07757	INTLB-b4-1556-0	ACP-041737	interleaved_b	T1_easy	10k_final	22	true		
ac-v1-07758	INTLB-b3t-412-0	ACP-039624	interleaved_b	T3_hard_solvable	100k	28	true		
ac-v1-07759	MS-n5-wYXyxyyy	ACP-022650	ms_expanded	T1_easy	10k_final	21	true	uncertified	565
ac-v1-07760	MS-n5-wXYxyyyyyyy	ACP-024704	ms_expanded	T1_easy	10k_final	24	true		
ac-v1-07761	INTL-b3-144-1	ACP-032446	interleaved	T3_hard_solvable	100k	28	true		
ac-v1-07762	INTLB-b4-1313-0	ACP-045914	interleaved_b	T1_easy	10k_final	31	true		
ac-v1-07763	INTLB-b3t-392-0	ACP-045231	interleaved_b	T1_easy	10k_final	27	true		
ac-v1-07764	MS-n10-wXXYxYxYY	ACP-005628	ms_expanded	T4_frontier	100k	32	true		
ac-v1-07765	MS-n8-wXXXYxYxyxY	ACP-010533	ms_expanded	T4_frontier	100k	30	true		
ac-v1-07766	INTLB-b4-69-0	ACP-044909	interleaved_b	T2_medium	100k	27	true		
ac-v1-07767	INTLB-b4-3947-1	ACP-045278	interleaved_b	T3_hard_solvable	100k	35	true		
ac-v1-07768	INTL-b4-151-1	ACP-008224	interleaved	T1_easy	10k_final	18	true		
ac-v1-07769	MS-n7-wYYXyxYY	ACP-018565	ms_expanded	T4_frontier	100k	25	true	open	1092
ac-v1-07770	INTLB-b4-1307-1	ACP-044967	interleaved_b	T1_easy	10k_final	29	true		
ac-v1-07771	MS-n9-wXXYxxYY	ACP-003301	ms_expanded	T4_frontier	100k	29	true		
ac-v1-07772	INTLB-b3t-744-1	ACP-043883	interleaved_b	T1_easy	10k_final	29	true		
ac-v1-07773	MS-n4-wXXXYYxyxxy	ACP-007590	ms_expanded	T4_frontier	100k	22	true		
ac-v1-07774	INTLB-b3t-575-0	ACP-047217	interleaved_b	T1_easy	10k_final	26	true		
ac-v1-07775	INTLB-b4-1722-0	ACP-040371	interleaved_b	T1_easy	10k_final	27	true		
ac-v1-07776	INTLB-b3t-228-0	ACP-041760	interleaved_b	T1_easy	10k_final	31	true		
ac-v1-07777	AUTH-25_32-k12-0	ACP-018872	aut_hard	T5_moonshot	100k	37	true		
ac-v1-07778	INTLB-b4-2478-0	ACP-045010	interleaved_b	T2_medium	100k	34	true		
ac-v1-07779	INTLB-b4-1375-1	ACP-043937	interleaved_b	T1_easy	10k_final	23	true		
ac-v1-07780	MS-n6-wXYYxYY	ACP-012172	ms_expanded	T4_frontier	100k	22	true	open	342
ac-v1-07781	INTLB-b4-1317-1	ACP-046674	interleaved_b	T1_easy	10k_final	32	true		
ac-v1-07782	MS-n10-wYxYXyy	ACP-016376	ms_expanded	T4_frontier	100k	30	true		
ac-v1-07783	INTL-b3-132-0	ACP-007483	interleaved	T1_easy	10k_final	31	true		
ac-v1-07784	INTLB-b4-3039-1	ACP-043491	interleaved_b	T2_medium	100k	35	true		
ac-v1-07785	AUTH-17_9-k1-1	ACP-035849	aut_hard	T5_moonshot	100k	17	true		
ac-v1-07786	INTLB-b3t-492-0	ACP-040804	interleaved_b	T1_easy	10k_final	31	true		
ac-v1-07787	INTLB-b4-257-0	ACP-037756	interleaved_b	T3_hard_solvable	100k	32	true		
ac-v1-07788	INTLB-b3t-654-1	ACP-040610	interleaved_b	T1_easy	10k_final	31	true		
ac-v1-07789	INTLB-b4-1605-1	ACP-038152	interleaved_b	T3_hard_solvable	100k	21	true		
ac-v1-07790	MS-n5-wYYXyyxYY	ACP-027979	ms_expanded	T1_easy	10k_final	22	true		
ac-v1-07791	INTLB-b4-2689-0	ACP-043445	interleaved_b	T2_medium	100k	27	true		
ac-v1-07792	INTLB-b4-172-1	ACP-046817	interleaved_b	T1_easy	10k_final	35	true		
ac-v1-07793	INTLB-b4-3195-1	ACP-041288	interleaved_b	T2_medium	100k	21	true		
ac-v1-07794	INTLB-b3t-401-0	ACP-045718	interleaved_b	T1_easy	10k_final	21	true		
ac-v1-07795	AUTH-21_32-k0-0	ACP-020630	aut_hard	T5_moonshot	100k	21	true		
ac-v1-07796	MS-n7-wYYXYYxY	ACP-011204	ms_expanded	T4_frontier	100k	25	true	open	791
ac-v1-07797	INTLB-b3t-76-0	ACP-045494	interleaved_b	T1_easy	10k_final	31	true		
ac-v1-07798	INTLB-b4-1411-1	ACP-043990	interleaved_b	T1_easy	10k_final	31	true		
ac-v1-07799	INTLB-b3t-814-1	ACP-042560	interleaved_b	T1_easy	10k_final	29	true		
ac-v1-07800	INTLB-b3t-832-1	ACP-040493	interleaved_b	T1_easy	10k_final	31	true		
ac-v1-07801	INTL-b2-208-0	ACP-014946	interleaved	T1_easy	10k_final	22	true		
ac-v1-07802	INTLB-b4-631-0	ACP-038600	interleaved_b	T2_medium	100k	33	true		
ac-v1-07803	INTLB-b4-698-1	ACP-040513	interleaved_b	T3_hard_solvable	100k	34	true		
ac-v1-07804	AUTH-15_7-k1-0	ACP-015365	aut_hard	T5_moonshot	100k	19	true		
ac-v1-07805	MS-n3-wXXXYxYxYxy	ACP-023363	ms_expanded	T4_frontier	100k	20	true		
ac-v1-07806	INTLB-b4-2994-0	ACP-044105	interleaved_b	T2_medium	100k	33	true		
ac-v1-07807	MS-n3-wYXYYxy	ACP-016142	ms_expanded	T5_moonshot	10k_final	16	true	open	472
ac-v1-07808	MS-n5-wXXYxyxy	ACP-033789	ms_expanded	T5_moonshot	100k	21	false	open	915
ac-v1-07809	INTLB-b4-2184-1	ACP-039826	interleaved_b	T1_easy	10k_final	29	true		
ac-v1-07810	INTLB-b4-2310-1	ACP-040070	interleaved_b	T2_medium	100k	27	true		
ac-v1-07811	INTLB-b4-2298-0	ACP-039791	interleaved_b	T2_medium	100k	34	true		
ac-v1-07812	INTL-b4-46-0	ACP-015185	interleaved	T2_medium	100k	31	true		
ac-v1-07813	MS-n5-wXXyxxyy	ACP-034175	ms_expanded	T5_moonshot	100k	21	false	open	971
ac-v1-07814	MS-n5-wXYXYxyxY	ACP-009427	ms_expanded	T5_moonshot	100k	22	true		
ac-v1-07815	MS-n9-wXXXYxyxYxy	ACP-029925	ms_expanded	T4_frontier	100k	32	true		
ac-v1-07816	INTLB-b3t-849-0	ACP-037336	interleaved_b	T1_easy	10k_final	29	true		
ac-v1-07817	INTLB-b3t-899-0	ACP-041243	interleaved_b	T1_easy	10k_final	35	true		
ac-v1-07818	MS-n10-wXYxxyXy	ACP-026262	ms_expanded	T4_frontier	100k	31	true		
ac-v1-07819	INTLB-b4-1436-1	ACP-042447	interleaved_b	T2_medium	100k	25	true		
ac-v1-07820	INTLB-b4-220-0	ACP-042973	interleaved_b	T3_hard_solvable	100k	35	true		
ac-v1-07821	INTLB-b3t-514-1	ACP-038965	interleaved_b	T1_easy	10k_final	35	true		
ac-v1-07822	MS-n5-wXXyxxYY	ACP-035878	ms_expanded	T4_frontier	100k	21	true	open	1013
ac-v1-07823	INTL-b3-56-1	ACP-012655	interleaved	T3_hard_solvable	100k	30	true		
ac-v1-07824	MS-n2-wXXXXYxxxxy	ACP-017577	ms_expanded	T4_frontier	100k	18	true		
ac-v1-07825	INTLB-b3t-914-1	ACP-047150	interleaved_b	T1_easy	10k_final	31	true		
ac-v1-07826	INTL-b2-173-0	ACP-008099	interleaved	T1_easy	10k_final	19	true		
ac-v1-07827	INTLB-b4-3042-1	ACP-039552	interleaved_b	T2_medium	100k	25	true		
ac-v1-07828	INTLB-b4-1983-1	ACP-037928	interleaved_b	T3_hard_solvable	100k	26	true		
ac-v1-07829	INTLB-b4-1308-1	ACP-041269	interleaved_b	T2_medium	100k	33	true		
ac-v1-07830	MS-n5-wyxYXyyyy	ACP-026340	ms_expanded	T2_medium	100k	22	true		
ac-v1-07831	INTLB-b3t-12-1	ACP-042975	interleaved_b	T1_easy	10k_final	34	true		
ac-v1-07832	INTLB-b3t-659-1	ACP-045737	interleaved_b	T1_easy	10k_final	36	true		
ac-v1-07833	AUTH-25_23-k1-0	ACP-030515	aut_hard	T5_moonshot	100k	25	true		
ac-v1-07834	MS-n10-wXYXyxxY	ACP-000029	ms_expanded	T4_frontier	100k	31	true		
ac-v1-07835	INTLB-b4-2069-1	ACP-045770	interleaved_b	T1_easy	10k_final	35	true		
ac-v1-07836	MS-n5-wYYxyyXyy	ACP-017245	ms_expanded	T1_easy	10k_final	22	true		
ac-v1-07837	INTLB-b4-1055-1	ACP-046768	interleaved_b	T1_easy	10k_final	30	true		
ac-v1-07838	INTLB-b4-2320-1	ACP-039889	interleaved_b	T2_medium	100k	25	true		
ac-v1-07839	AUTH-AK(4)-k1-0	ACP-035124	aut_hard	T5_moonshot	10k_final	18	true		
ac-v1-07840	INTLB-b3t-735-1	ACP-046020	interleaved_b	T1_easy	10k_final	32	true		
ac-v1-07841	MS-n10-wXXYxYYxy	ACP-026906	ms_expanded	T4_frontier	100k	32	true		
ac-v1-07842	INTLB-b3t-779-0	ACP-045210	interleaved_b	T1_easy	10k_final	31	true		
ac-v1-07843	INTLB-b3t-812-1	ACP-037919	interleaved_b	T1_easy	10k_final	31	true		
ac-v1-07844	AUTH-21_36-k2-1	ACP-000787	aut_hard	T5_moonshot	100k	28	true		
ac-v1-07845	MS-n10-wXyyxy	ACP-012688	ms_expanded	T4_frontier	100k	29	true		
ac-v1-07846	INTLB-b4-1578-1	ACP-045498	interleaved_b	T1_easy	10k_final	31	true		
ac-v1-07847	INTLB-b4-13-0	ACP-040346	interleaved_b	T1_easy	10k_final	33	true		
ac-v1-07848	INTLB-b4-1635-0	ACP-042840	interleaved_b	T2_medium	100k	25	true		
ac-v1-07849	INTLB-b4-1112-1	ACP-042690	interleaved_b	T1_easy	10k_final	31	true		
ac-v1-07850	INTLB-b3t-884-1	ACP-041099	interleaved_b	T1_easy	10k_final	28	true		
ac-v1-07851	INTLB-b4-2735-1	ACP-039961	interleaved_b	T2_medium	100k	27	true		
ac-v1-07852	INTL-b1-10-1	ACP-014956	interleaved	T0_warmup	10k_final	18	true		
ac-v1-07853	INTL-b3-102-0	ACP-019593	interleaved	T1_easy	10k_final	27	true		
ac-v1-07854	MS-n1-wXXYYYYxxY	ACP-016092	ms_expanded	T1_easy	10k_final	15	true		
ac-v1-07855	MS-n8-wXXYYYxxYY	ACP-005014	ms_expanded	T4_frontier	100k	29	true		
ac-v1-07856	AUTH-15_8-k1-0	ACP-013506	aut_hard	T5_moonshot	100k	19	true		
ac-v1-07857	INTLB-b4-1303-0	ACP-044319	interleaved_b	T3_hard_solvable	100k	27	true		
ac-v1-07858	MS-n7-wXYxyyy	ACP-017889	ms_expanded	T4_frontier	100k	24	true	open	462
ac-v1-07859	MS-n7-wXyyyyxY	ACP-002062	ms_expanded	T4_frontier	100k	25	true	open	595
ac-v1-07860	AUTH-19_23-k1-3	ACP-022801	aut_hard	T5_moonshot	100k	19	true		
ac-v1-07861	MS-n5-wXXYxxy	ACP-012854	ms_expanded	T5_moonshot	100k	20	true	open	362
ac-v1-07862	INTLB-b3t-364-0	ACP-038652	interleaved_b	T1_easy	10k_final	21	true		
ac-v1-07863	INTLB-b3t-186-0	ACP-043267	interleaved_b	T1_easy	10k_final	31	true		
ac-v1-07864	INTL-b2-144-1	ACP-025708	interleaved	T1_easy	10k_final	22	true		
ac-v1-07865	MS-n4-wXYYYYxxyXy	ACP-017723	ms_expanded	T1_easy	10k_final	22	true		
ac-v1-07866	INTLB-b3t-16-1	ACP-042912	interleaved_b	T1_easy	10k_final	29	true		
ac-v1-07867	INTLB-b3t-280-1	ACP-038971	interleaved_b	T1_easy	10k_final	31	true		
ac-v1-07868	INTLB-b4-3003-0	ACP-040579	interleaved_b	T3_hard_solvable	100k	23	true		
ac-v1-07869	MS-n4-wXyyyyyxY	ACP-007065	ms_expanded	T1_easy	10k_final	20	true		
ac-v1-07870	INTLB-b4-1487-1	ACP-037520	interleaved_b	T1_easy	10k_final	31	true		
ac-v1-07871	INTL-b3-134-1	ACP-000009	interleaved	T1_easy	10k_final	21	true		
ac-v1-07872	INTLB-b4-1586-1	ACP-038239	interleaved_b	T1_easy	10k_final	33	true		
ac-v1-07873	INTLB-b4-105-0	ACP-045996	interleaved_b	T1_easy	10k_final	24	true		
ac-v1-07874	INTLB-b4-1917-0	ACP-045514	interleaved_b	T3_hard_solvable	100k	25	true		
ac-v1-07875	MS-n6-wyXyyyxYY	ACP-032914	ms_expanded	T1_easy	10k_final	24	true		
ac-v1-07876	INTLB-b4-3179-0	ACP-041748	interleaved_b	T2_medium	100k	23	true		
ac-v1-07877	INTLB-b4-2309-0	ACP-038340	interleaved_b	T2_medium	100k	29	true		
ac-v1-07878	INTLB-b3t-778-1	ACP-039709	interleaved_b	T1_easy	10k_final	29	true		
ac-v1-07879	INTLB-b4-1254-0	ACP-041492	interleaved_b	T1_easy	10k_final	29	true		
ac-v1-07880	INTLB-b4-2286-1	ACP-038892	interleaved_b	T2_medium	100k	31	true		
ac-v1-07881	MS-n3-wyXyyxY	ACP-036128	ms_expanded	T5_moonshot	10k_final	16	false	open	269
ac-v1-07882	INTLB-b4-1533-1	ACP-041790	interleaved_b	T1_easy	10k_final	25	true		
ac-v1-07883	AUTH-23_12-k1-3	ACP-028989	aut_hard	T5_moonshot	100k	35	true		
ac-v1-07884	INTLB-b4-1371-0	ACP-038467	interleaved_b	T1_easy	10k_final	25	true		
ac-v1-07885	MS-n3-wXXXYxxyyxY	ACP-025180	ms_expanded	T4_frontier	100k	20	true		
ac-v1-07886	INTLB-b4-1070-0	ACP-041351	interleaved_b	T1_easy	10k_final	27	true		
ac-v1-07887	INTLB-b3t-49-0	ACP-040683	interleaved_b	T1_easy	10k_final	25	true		
ac-v1-07888	AUTH-19_15-k0-0	ACP-022423	aut_hard	T5_moonshot	100k	19	true		
ac-v1-07889	MS-n7-wXXyyxxY	ACP-033505	ms_expanded	T5_moonshot	100k	25	false	open	700
ac-v1-07890	INTL-b2-105-1	ACP-025540	interleaved	T1_easy	10k_final	29	true		
ac-v1-07891	MS-n7-wXXXYxxyyxY	ACP-022206	ms_expanded	T4_frontier	100k	28	true		
ac-v1-07892	INTLB-b3t-286-1	ACP-044547	interleaved_b	T1_easy	10k_final	27	true		
ac-v1-07893	INTLB-b4-1028-1	ACP-043697	interleaved_b	T1_easy	10k_final	23	true		
ac-v1-07894	INTLB-b4-2930-1	ACP-039387	interleaved_b	T3_hard_solvable	100k	23	true		
ac-v1-07895	AUTH-21_4-k1-3	ACP-020139	aut_hard	T5_moonshot	100k	31	true		
ac-v1-07896	INTLB-b4-207-1	ACP-040881	interleaved_b	T2_medium	100k	31	true		
ac-v1-07897	INTLB-b3t-852-0	ACP-040495	interleaved_b	T1_easy	10k_final	25	true		
ac-v1-07898	MS-n10-wyxYXyy	ACP-014645	ms_expanded	T4_frontier	100k	30	true		
ac-v1-07899	INTLB-b4-1010-0	ACP-046541	interleaved_b	T1_easy	10k_final	34	true		
ac-v1-07900	MS-n5-wXYxYYY	ACP-012505	ms_expanded	T1_easy	10k_final	20	true	uncertified	488
ac-v1-07901	INTLB-b4-409-0	ACP-041066	interleaved_b	T3_hard_solvable	100k	27	true		
ac-v1-07902	INTLB-b4-2009-0	ACP-040331	interleaved_b	T1_easy	10k_final	30	true		
ac-v1-07903	INTLB-b4-2416-1	ACP-040676	interleaved_b	T2_medium	100k	31	true		
ac-v1-07904	INTLB-b3t-164-1	ACP-043741	interleaved_b	T1_easy	10k_final	33	true		
ac-v1-07905	MS-n8-wXXXYxxxyy	ACP-026022	ms_expanded	T4_frontier	100k	29	true		
ac-v1-07906	INTLB-b4-214-0	ACP-045692	interleaved_b	T1_easy	10k_final	29	true		
ac-v1-07907	MS-n10-wYYxyXy	ACP-016566	ms_expanded	T4_frontier	100k	30	true		
ac-v1-07908	INTLB-b3t-162-1	ACP-037256	interleaved_b	T1_easy	10k_final	29	true		
ac-v1-07909	INTLB-b3t-129-1	ACP-037291	interleaved_b	T1_easy	10k_final	33	true		
ac-v1-07910	INTL-b3-132-1	ACP-010700	interleaved	T1_easy	10k_final	26	true		
ac-v1-07911	INTLB-b4-3021-0	ACP-045244	interleaved_b	T2_medium	100k	31	true		
ac-v1-07912	INTLB-b4-2555-0	ACP-044613	interleaved_b	T3_hard_solvable	100k	30	true		
ac-v1-07913	INTL-b2-273-0	ACP-016135	interleaved	T1_easy	10k_final	30	true		
ac-v1-07914	INTLB-b4-493-1	ACP-043810	interleaved_b	T2_medium	100k	29	true		
ac-v1-07915	INTLB-b4-3066-0	ACP-043868	interleaved_b	T3_hard_solvable	100k	28	true		
ac-v1-07916	INTLB-b4-169-1	ACP-041087	interleaved_b	T2_medium	100k	33	true		
ac-v1-07917	INTLB-b4-1052-0	ACP-039938	interleaved_b	T1_easy	10k_final	32	true		
ac-v1-07918	INTL-b4-117-0	ACP-028763	interleaved	T2_medium	100k	28	true		
ac-v1-07919	MS-n3-wXXXyxxyxY	ACP-017442	ms_expanded	T4_frontier	100k	19	true		
ac-v1-07920	INTLB-b4-1802-0	ACP-047202	interleaved_b	T1_easy	10k_final	29	true		
ac-v1-07921	MS-n4-wXXXyxxYxy	ACP-000055	ms_expanded	T4_frontier	100k	21	true		
ac-v1-07922	INTLB-b4-605-1	ACP-044741	interleaved_b	T3_hard_solvable	100k	31	true		
ac-v1-07923	INTL-b3-107-0	ACP-007626	interleaved	T1_easy	10k_final	29	true		
ac-v1-07924	INTLB-b4-1874-1	ACP-042203	interleaved_b	T2_medium	100k	23	true		
ac-v1-07925	MS-n4-wXXyxxy	ACP-010929	ms_expanded	T5_moonshot	100k	18	true	open	368
ac-v1-07926	MS-n3-wXXXYxxxY	ACP-016200	ms_expanded	T4_frontier	100k	18	true		
ac-v1-07927	MS-n10-wXYxyyy	ACP-007164	ms_expanded	T4_frontier	100k	30	true		
ac-v1-07928	MS-n7-wYxyyyXy	ACP-003023	ms_expanded	T4_frontier	100k	25	false	open	1106
ac-v1-07929	INTLB-b3t-160-1	ACP-039494	interleaved_b	T2_medium	100k	34	true		
ac-v1-07930	INTLB-b4-2023-1	ACP-037642	interleaved_b	T1_easy	10k_final	27	true		
ac-v1-07931	MS-n8-wXXYxYYxy	ACP-014074	ms_expanded	T4_frontier	100k	28	true		
ac-v1-07932	INTLB-b4-337-0	ACP-045348	interleaved_b	T3_hard_solvable	100k	22	true		
ac-v1-07933	MS-n5-wYYYXYxy	ACP-010380	ms_expanded	T2_medium	100k	21	true	uncertified	1181
ac-v1-07934	INTLB-b4-1949-1	ACP-037580	interleaved_b	T3_hard_solvable	100k	26	true		
ac-v1-07935	INTLB-b4-822-0	ACP-037601	interleaved_b	T2_medium	100k	27	true		
ac-v1-07936	INTLB-b4-1750-0	ACP-043344	interleaved_b	T3_hard_solvable	100k	20	true		
ac-v1-07937	MS-n7-wYXyxYY	ACP-034305	ms_expanded	T4_frontier	100k	24	true	open	329
ac-v1-07938	AUTH-17_36-k0-0	ACP-036851	aut_hard	T5_moonshot	100k	17	true		
ac-v1-07939	MS-n7-wYXYYxYYYY	ACP-016320	ms_expanded	T1_easy	10k_final	27	true		
ac-v1-07940	MS-n5-wYYYYXyxYY	ACP-020435	ms_expanded	T2_medium	100k	23	true		
ac-v1-07941	INTL-b3-138-1	ACP-031983	interleaved	T3_hard_solvable	100k	31	true		
ac-v1-07942	MS-n4-wXXyyyyxyxY	ACP-011547	ms_expanded	T1_easy	10k_final	22	true		
ac-v1-07943	INTLB-b3t-522-1	ACP-040388	interleaved_b	T3_hard_solvable	100k	31	true		
ac-v1-07944	MS-n8-wXXYYxxyy	ACP-030747	ms_expanded	T4_frontier	100k	28	true		
ac-v1-07945	AUTH-24_4-k12-1	ACP-029908	aut_hard	T5_moonshot	100k	37	true		
ac-v1-07946	INTLB-b4-2758-0	ACP-042424	interleaved_b	T2_medium	100k	35	true		
ac-v1-07947	MS-n6-wXXXXYxxxxY	ACP-005847	ms_expanded	T4_frontier	100k	26	true		
ac-v1-07948	INTLB-b3t-540-1	ACP-039696	interleaved_b	T1_easy	10k_final	27	true		
ac-v1-07949	INTLB-b4-2252-0	ACP-038041	interleaved_b	T2_medium	100k	23	true		
ac-v1-07950	INTLB-b4-1041-1	ACP-038912	interleaved_b	T1_easy	10k_final	29	true		
ac-v1-07951	INTLB-b4-2492-0	ACP-045450	interleaved_b	T2_medium	100k	26	true		
ac-v1-07952	INTLB-b4-1631-1	ACP-039705	interleaved_b	T1_easy	10k_final	29	true		
ac-v1-07953	AUTH-17_24-k1-1	ACP-015929	aut_hard	T5_moonshot	100k	23	true		
ac-v1-07954	MS-n7-wXyXYxxY	ACP-001336	ms_expanded	T5_moonshot	100k	25	false	open	1120
ac-v1-07955	MS-n5-wXXYxxyyy	ACP-002834	ms_expanded	T4_frontier	100k	22	true		
ac-v1-07956	INTLB-b4-1625-1	ACP-045678	interleaved_b	T1_easy	10k_final	33	true		
ac-v1-07957	INTLB-b4-2095-0	ACP-044725	interleaved_b	T3_hard_solvable	100k	32	true		
ac-v1-07958	MS-n3-wXYxxyXY	ACP-037188	ms_expanded	T5_moonshot	100k	17	false	open	836
ac-v1-07959	MS-n7-wXXYxxyy	ACP-036113	ms_expanded	T4_frontier	100k	25	true	open	931
ac-v1-07960	AUTH-23_22-k0-0	ACP-011288	aut_hard	T5_moonshot	100k	23	true		
ac-v1-07961	MS-n10-wXXYxxYYY	ACP-023410	ms_expanded	T4_frontier	100k	32	true		
ac-v1-07962	INTLB-b4-3324-1	ACP-047116	interleaved_b	T3_hard_solvable	100k	31	true		
ac-v1-07963	AUTH-19_29-k1-2	ACP-005971	aut_hard	T5_moonshot	100k	25	true		
ac-v1-07964	MS-n8-wXXYxyxYY	ACP-016331	ms_expanded	T4_frontier	100k	28	true		
ac-v1-07965	INTLB-b4-1257-1	ACP-042475	interleaved_b	T1_easy	10k_final	28	true		
ac-v1-07966	MS-n10-wYYYYYxyXy	ACP-036152	ms_expanded	T2_medium	100k	33	true		
ac-v1-07967	INTL-b4-181-1	ACP-010799	interleaved	T1_easy	10k_final	35	true		
ac-v1-07968	INTLB-b3t-754-0	ACP-043320	interleaved_b	T1_easy	10k_final	27	true		
ac-v1-07969	MS-n5-wXXYYxYxyy	ACP-000586	ms_expanded	T4_frontier	100k	23	true		
ac-v1-07970	INTLB-b4-2213-1	ACP-038543	interleaved_b	T1_easy	10k_final	27	true		
ac-v1-07971	MS-n3-wXXyxyxy	ACP-027596	ms_expanded	T5_moonshot	100k	17	false	open	535
ac-v1-07972	INTLB-b3t-351-1	ACP-043113	interleaved_b	T1_easy	10k_final	27	true		
ac-v1-07973	INTLB-b4-1648-1	ACP-043881	interleaved_b	T3_hard_solvable	100k	28	true		
ac-v1-07974	MS-n10-wXXXYxxyyxY	ACP-028490	ms_expanded	T4_frontier	100k	34	true		
ac-v1-07975	INTLB-b4-1380-1	ACP-039428	interleaved_b	T1_easy	10k_final	29	true		
ac-v1-07976	INTLB-b3t-598-0	ACP-041705	interleaved_b	T2_medium	100k	32	true		
ac-v1-07977	INTL-b1-221-0	ACP-026583	interleaved	T1_easy	10k_final	21	true		
ac-v1-07978	INTL-b4-151-0	ACP-031021	interleaved	T3_hard_solvable	100k	27	true		
ac-v1-07979	INTLB-b4-1506-0	ACP-038696	interleaved_b	T2_medium	100k	31	true		
ac-v1-07980	INTLB-b4-2120-0	ACP-045944	interleaved_b	T1_easy	10k_final	31	true		
ac-v1-07981	INTLB-b4-1554-1	ACP-046337	interleaved_b	T1_easy	10k_final	33	true		
ac-v1-07982	INTLB-b4-2322-0	ACP-044998	interleaved_b	T3_hard_solvable	100k	31	true		
ac-v1-07983	INTLB-b4-1510-1	ACP-041667	interleaved_b	T3_hard_solvable	100k	34	true		
ac-v1-07984	MS-n9-wXyxyyyyy	ACP-023450	ms_expanded	T2_medium	100k	30	true		
ac-v1-07985	INTL-b3-131-0	ACP-019704	interleaved	T1_easy	10k_final	32	true		
ac-v1-07986	INTLB-b3t-323-0	ACP-038841	interleaved_b	T1_easy	10k_final	31	true		
ac-v1-07987	INTLB-b4-2249-0	ACP-046901	interleaved_b	T1_easy	10k_final	33	true		
ac-v1-07988	MS-n7-wYXYXYxyyxY	ACP-025109	ms_expanded	T5_moonshot	100k	28	true		
ac-v1-07989	INTLB-b4-1746-0	ACP-045811	interleaved_b	T1_easy	10k_final	34	true		
ac-v1-07990	INTLB-b3t-357-1	ACP-041570	interleaved_b	T1_easy	10k_final	36	true		
ac-v1-07991	INTLB-b4-1726-0	ACP-040673	interleaved_b	T3_hard_solvable	100k	26	true		
ac-v1-07992	INTLB-b3t-738-1	ACP-042491	interleaved_b	T1_easy	10k_final	30	true		
ac-v1-07993	INTLB-b4-2631-0	ACP-040141	interleaved_b	T2_medium	100k	30	true		
ac-v1-07994	MS-n3-wXXXYxyxYxy	ACP-012522	ms_expanded	T4_frontier	100k	20	true		
ac-v1-07995	INTLB-b3t-235-1	ACP-042153	interleaved_b	T1_easy	10k_final	33	true		
ac-v1-07996	INTLB-b4-1327-1	ACP-040680	interleaved_b	T2_medium	100k	17	true		
ac-v1-07997	INTLB-b4-2965-0	ACP-040666	interleaved_b	T3_hard_solvable	100k	31	true		
ac-v1-07998	INTLB-b3t-306-1	ACP-038578	interleaved_b	T1_easy	10k_final	29	true		
ac-v1-07999	INTLB-b4-1640-1	ACP-041622	interleaved_b	T1_easy	10k_final	25	true		
ac-v1-08000	INTLB-b3t-294-0	ACP-037304	interleaved_b	T1_easy	10k_final	23	true		
ac-v1-08001	MS-n7-wXXYYYYxxy	ACP-013102	ms_expanded	T4_frontier	100k	27	true		
ac-v1-08002	INTLB-b4-1704-0	ACP-043715	interleaved_b	T2_medium	100k	23	true		
ac-v1-08003	INTLB-b4-161-1	ACP-046246	interleaved_b	T1_easy	10k_final	27	true		
ac-v1-08004	MS-n8-wXXXYxxyxY	ACP-015845	ms_expanded	T4_frontier	100k	29	true		
ac-v1-08005	INTLB-b4-1972-1	ACP-041839	interleaved_b	T1_easy	10k_final	29	true		
ac-v1-08006	INTL-b3-105-0	ACP-032870	interleaved	T1_easy	10k_final	30	true		
ac-v1-08007	INTLB-b4-2339-0	ACP-044648	interleaved_b	T2_medium	100k	21	true		
ac-v1-08008	INTLB-b3t-331-0	ACP-039972	interleaved_b	T1_easy	10k_final	26	true		
ac-v1-08009	INTLB-b4-1188-1	ACP-039835	interleaved_b	T1_easy	10k_final	31	true		
ac-v1-08010	INTLB-b4-1107-1	ACP-041751	interleaved_b	T1_easy	10k_final	27	true		
ac-v1-08011	INTLB-b4-1146-0	ACP-042882	interleaved_b	T1_easy	10k_final	19	true		
ac-v1-08012	INTLB-b4-1570-0	ACP-046056	interleaved_b	T1_easy	10k_final	31	true		
ac-v1-08013	MS-n7-wYYYYXyyxYY	ACP-033053	ms_expanded	T1_easy	10k_final	28	true		
ac-v1-08014	MS-n7-wYxyyyyXyyy	ACP-032725	ms_expanded	T1_easy	10k_final	28	true		
ac-v1-08015	AUTH-25_17-k1-3	ACP-004197	aut_hard	T5_moonshot	100k	37	true		
ac-v1-08016	INTLB-b4-2796-0	ACP-045298	interleaved_b	T2_medium	100k	19	true		
ac-v1-08017	MS-n5-wXXXYYxxyxy	ACP-015354	ms_expanded	T4_frontier	100k	24	true		
ac-v1-08018	INTLB-b4-3468-0	ACP-037271	interleaved_b	T2_medium	100k	27	true		
ac-v1-08019	INTLB-b3t-707-0	ACP-040450	interleaved_b	T2_medium	100k	30	true		
ac-v1-08020	MS-n3-wXXXYxyxxYY	ACP-009805	ms_expanded	T4_frontier	100k	20	true		
ac-v1-08021	INTLB-b4-2624-1	ACP-045113	interleaved_b	T3_hard_solvable	100k	33	true		
ac-v1-08022	INTLB-b3t-170-0	ACP-043555	interleaved_b	T1_easy	10k_final	33	true		
ac-v1-08023	INTLB-b4-3193-1	ACP-042459	interleaved_b	T2_medium	100k	33	true		
ac-v1-08024	INTLB-b3t-136-0	ACP-038444	interleaved_b	T1_easy	10k_final	28	true		
ac-v1-08025	INTLB-b3t-583-1	ACP-041734	interleaved_b	T1_easy	10k_final	30	true		
ac-v1-08026	INTLB-b4-314-1	ACP-045659	interleaved_b	T2_medium	100k	21	true		
ac-v1-08027	MS-n9-wYYXyxY	ACP-006952	ms_expanded	T4_frontier	100k	28	true		
ac-v1-08028	MS-n9-wXXXyxxyxY	ACP-037118	ms_expanded	T4_frontier	100k	31	true		
ac-v1-08029	INTLB-b3t-356-1	ACP-038329	interleaved_b	T1_easy	10k_final	33	true		
ac-v1-08030	MS-n6-wXXXyyxxxy	ACP-016985	ms_expanded	T4_frontier	100k	25	true		
ac-v1-08031	MS-n4-wXyyxyy	ACP-010295	ms_expanded	T1_easy	10k_final	18	true	uncertified	466
ac-v1-08032	INTLB-b4-2072-1	ACP-046201	interleaved_b	T1_easy	10k_final	35	true		
ac-v1-08033	INTLB-b3t-643-0	ACP-039856	interleaved_b	T1_easy	10k_final	24	true		
ac-v1-08034	INTLB-b3t-490-1	ACP-038776	interleaved_b	T1_easy	10k_final	27	true		
ac-v1-08035	INTLB-b4-2135-1	ACP-042152	interleaved_b	T1_easy	10k_final	29	true		
ac-v1-08036	MS-n6-wYYxYYXy	ACP-015358	ms_expanded	T4_frontier	100k	23	false	open	1140
ac-v1-08037	INTLB-b3t-644-0	ACP-041648	interleaved_b	T1_easy	10k_final	25	true		
ac-v1-08038	MS-n3-wXyxYYY	ACP-027894	ms_expanded	T5_moonshot	10k_final	16	true	open	409
ac-v1-08039	MS-n2-wXXyXyxxxY	ACP-010698	ms_expanded	T4_frontier	100k	17	true		
ac-v1-08040	INTLB-b3t-236-1	ACP-044081	interleaved_b	T1_easy	10k_final	32	true		
ac-v1-08041	INTLB-b4-1927-1	ACP-045941	interleaved_b	T1_easy	10k_final	33	true		
ac-v1-08042	INTLB-b4-113-1	ACP-042140	interleaved_b	T2_medium	100k	35	true		
ac-v1-08043	MS-n2-wXXXyxxxYY	ACP-024749	ms_expanded	T4_frontier	100k	17	true		
ac-v1-08044	MS-n2-wXXYYYxyxy	ACP-003205	ms_expanded	T4_frontier	100k	17	true		
ac-v1-08045	MS-n8-wXXYxYxYY	ACP-002928	ms_expanded	T4_frontier	100k	28	true		
ac-v1-08046	MS-n6-wXYxyy	ACP-002218	ms_expanded	T4_frontier	100k	21	true	open	90
ac-v1-08047	MS-n7-wXXyyxYxY	ACP-021489	ms_expanded	T4_frontier	100k	26	true		
ac-v1-08048	MS-n7-wXYXYYxxY	ACP-020591	ms_expanded	T4_frontier	100k	26	true		
ac-v1-08049	INTL-b4-173-1	ACP-024990	interleaved	T1_easy	10k_final	19	true		
ac-v1-08050	INTLB-b4-1923-0	ACP-038603	interleaved_b	T1_easy	10k_final	36	true		
ac-v1-08051	MS-n4-wYXyyxy	ACP-001151	ms_expanded	T1_easy	10k_final	18	true	uncertified	333
ac-v1-08052	INTLB-b4-346-0	ACP-042694	interleaved_b	T2_medium	100k	33	true		
ac-v1-08053	MS-n8-wYXyxy	ACP-014929	ms_expanded	T4_frontier	100k	25	true		
ac-v1-08054	INTL-b2-82-1	ACP-027805	interleaved	T1_easy	10k_final	22	true		
ac-v1-08055	INTLB-b4-2271-1	ACP-047059	interleaved_b	T2_medium	100k	32	true		
ac-v1-08056	INTLB-b3t-480-0	ACP-040756	interleaved_b	T1_easy	10k_final	28	true		
ac-v1-08057	AUTH-20_5-k1-0	ACP-012474	aut_hard	T5_moonshot	100k	20	true		
ac-v1-08058	INTL-b3-112-0	ACP-027370	interleaved	T1_easy	10k_final	32	true		
ac-v1-08059	INTLB-b3t-950-0	ACP-046408	interleaved_b	T1_easy	10k_final	30	true		
ac-v1-08060	MS-n8-wYXyyxy	ACP-036618	ms_expanded	T4_frontier	100k	26	true		
ac-v1-08061	AUTH-23_21-k0-0	ACP-028880	aut_hard	T5_moonshot	100k	23	true		
ac-v1-08062	MS-n7-wXXXYYYxxxy	ACP-020495	ms_expanded	T4_frontier	100k	28	true		
ac-v1-08063	INTLB-b3t-683-0	ACP-046484	interleaved_b	T1_easy	10k_final	25	true		
ac-v1-08064	MS-n3-wXYXyxxy	ACP-027359	ms_expanded	T5_moonshot	100k	17	false	open	1004
ac-v1-08065	AUTH-17_3-k1-0	ACP-009495	aut_hard	T5_moonshot	100k	21	true		
ac-v1-08066	MS-n6-wXXXYxxyxY	ACP-026271	ms_expanded	T4_frontier	100k	25	true		
ac-v1-08067	INTLB-b3t-62-0	ACP-038325	interleaved_b	T1_easy	10k_final	29	true		
ac-v1-08068	INTLB-b4-383-1	ACP-042955	interleaved_b	T3_hard_solvable	100k	34	true		
ac-v1-08069	INTLB-b4-1074-0	ACP-039547	interleaved_b	T1_easy	10k_final	27	true		
ac-v1-08070	MS-n3-wXXXyxxYxY	ACP-013044	ms_expanded	T4_frontier	100k	19	true		
ac-v1-08071	INTLB-b4-1489-1	ACP-047113	interleaved_b	T2_medium	100k	25	true		
ac-v1-08072	MS-n3-wXYYYxxyXY	ACP-033613	ms_expanded	T1_easy	10k_final	19	true		
ac-v1-08073	INTLB-b4-1310-1	ACP-046374	interleaved_b	T3_hard_solvable	100k	18	true		
ac-v1-08074	INTLB-b4-2154-0	ACP-038047	interleaved_b	T1_easy	10k_final	31	true		
ac-v1-08075	MS-n4-wXXXYxxxY	ACP-032993	ms_expanded	T4_frontier	100k	20	true		
ac-v1-08076	AUTH-23_7-k1-2	ACP-012736	aut_hard	T5_moonshot	100k	35	true		
ac-v1-08077	INTL-b2-35-1	ACP-015296	interleaved	T1_easy	10k_final	34	true		
ac-v1-08078	INTLB-b4-1590-1	ACP-039451	interleaved_b	T3_hard_solvable	100k	33	true		
ac-v1-08079	INTLB-b3t-170-1	ACP-040485	interleaved_b	T1_easy	10k_final	31	true		
ac-v1-08080	INTLB-b3t-711-1	ACP-043855	interleaved_b	T1_easy	10k_final	32	true		
ac-v1-08081	MS-n3-wXYYYYxYYY	ACP-035643	ms_expanded	T1_easy	10k_final	19	true		
ac-v1-08082	INTLB-b4-2071-0	ACP-042121	interleaved_b	T1_easy	10k_final	35	true		
ac-v1-08083	AUTH-19_13-k1-1	ACP-026452	aut_hard	T5_moonshot	100k	19	true		
ac-v1-08084	MS-n7-wyXyyxyyyy	ACP-032544	ms_expanded	T1_easy	10k_final	27	true		
ac-v1-08085	MS-n10-wXXyyxYxy	ACP-030847	ms_expanded	T4_frontier	100k	32	true		
ac-v1-08086	INTLB-b3t-588-0	ACP-042339	interleaved_b	T1_easy	10k_final	27	true		
ac-v1-08087	INTLB-b4-1526-1	ACP-042132	interleaved_b	T1_easy	10k_final	33	true		
ac-v1-08088	INTLB-b3t-199-0	ACP-043492	interleaved_b	T0_warmup	10k_final	32	true		
ac-v1-08089	AUTH-19_15-k1-0	ACP-002910	aut_hard	T5_moonshot	100k	19	true		
ac-v1-08090	AUTH-25_3-k1-0	ACP-000300	aut_hard	T5_moonshot	100k	39	true		
ac-v1-08091	INTLB-b3t-140-0	ACP-042291	interleaved_b	T1_easy	10k_final	29	true		
ac-v1-08092	MS-n7-wXXXYxyxYxY	ACP-010596	ms_expanded	T4_frontier	100k	28	true		
ac-v1-08093	INTLB-b4-397-0	ACP-041092	interleaved_b	T3_hard_solvable	100k	29	true		
ac-v1-08094	INTLB-b4-1249-1	ACP-046345	interleaved_b	T1_easy	10k_final	19	true		
ac-v1-08095	INTLB-b4-1657-1	ACP-037608	interleaved_b	T1_easy	10k_final	33	true		
ac-v1-08096	INTLB-b4-3149-0	ACP-045935	interleaved_b	T2_medium	100k	36	true		
ac-v1-08097	INTLB-b4-3304-1	ACP-038125	interleaved_b	T3_hard_solvable	100k	31	true		
ac-v1-08098	INTLB-b4-2191-1	ACP-038341	interleaved_b	T1_easy	10k_final	31	true		
ac-v1-08099	MS-n4-wYxYXyyy	ACP-033258	ms_expanded	T5_moonshot	100k	19	false	open	648
ac-v1-08100	MS-n4-wXXXYxxxyy	ACP-026909	ms_expanded	T4_frontier	100k	21	true		
ac-v1-08101	INTLB-b3t-931-0	ACP-041275	interleaved_b	T1_easy	10k_final	29	true		
ac-v1-08102	MS-n8-wYXYYxy	ACP-033590	ms_expanded	T4_frontier	100k	26	true		
ac-v1-08103	INTLB-b4-3941-1	ACP-043536	interleaved_b	T3_hard_solvable	100k	28	true		
ac-v1-08104	INTLB-b4-3286-0	ACP-039762	interleaved_b	T3_hard_solvable	100k	28	true		
ac-v1-08105	MS-n6-wYYXyyxy	ACP-022511	ms_expanded	T4_frontier	100k	23	true	open	685
ac-v1-08106	INTL-b2-76-1	ACP-032447	interleaved	T1_easy	10k_final	15	true		
ac-v1-08107	MS-n8-wXXXXYxxxxY	ACP-000313	ms_expanded	T4_frontier	100k	30	true		
ac-v1-08108	INTLB-b4-517-0	ACP-046948	interleaved_b	T2_medium	100k	19	true		
ac-v1-08109	MS-n7-wXXXXYxxxxy	ACP-001305	ms_expanded	T4_frontier	100k	28	true		
ac-v1-08110	INTLB-b4-3090-1	ACP-042118	interleaved_b	T2_medium	100k	21	true		
ac-v1-08111	INTLB-b4-1806-0	ACP-045509	interleaved_b	T1_easy	10k_final	28	true		
ac-v1-08112	INTLB-b4-1472-0	ACP-046091	interleaved_b	T2_medium	100k	29	true		
ac-v1-08113	MS-n4-wYXyyyxY	ACP-029938	ms_expanded	T5_moonshot	100k	19	false	open	634
ac-v1-08114	MS-n2-wXXXYxyyxxy	ACP-008487	ms_expanded	T4_frontier	100k	18	true		
ac-v1-08115	AUTH-21_2-k1-0	ACP-009681	aut_hard	T5_moonshot	100k	31	true		
ac-v1-08116	INTLB-b4-3043-1	ACP-043913	interleaved_b	T2_medium	100k	29	true		
ac-v1-08117	INTLB-b3t-2-1	ACP-038336	interleaved_b	T1_easy	10k_final	29	true		
ac-v1-08118	MS-n6-wyXyxyyy	ACP-008335	ms_expanded	T4_frontier	100k	23	false	open	524
ac-v1-08119	INTLB-b4-1306-0	ACP-039600	interleaved_b	T2_medium	100k	27	true		
ac-v1-08120	MS-n5-wXXXYxYxxYY	ACP-003193	ms_expanded	T4_frontier	100k	24	true		
ac-v1-08121	INTL-b4-235-0	ACP-031379	interleaved	T1_easy	10k_final	23	true		
ac-v1-08122	MS-n3-wXXyxYYxY	ACP-026844	ms_expanded	T4_frontier	100k	18	true		
ac-v1-08123	MS-n3-wXXXyxxxY	ACP-006377	ms_expanded	T4_frontier	100k	18	true		
ac-v1-08124	INTLB-b3t-922-0	ACP-047133	interleaved_b	T1_easy	10k_final	27	true		
ac-v1-08125	MS-n10-wXYxyy	ACP-012202	ms_expanded	T4_frontier	100k	29	true		
ac-v1-08126	MS-n2-wXXYxxY	ACP-036444	ms_expanded	T5_moonshot	100k	14	true	open	352
ac-v1-08127	INTLB-b3t-254-0	ACP-047067	interleaved_b	T1_easy	10k_final	25	true		
ac-v1-08128	INTLB-b4-2302-1	ACP-037488	interleaved_b	T2_medium	100k	36	true		
ac-v1-08129	INTLB-b4-2097-1	ACP-039669	interleaved_b	T1_easy	10k_final	25	true		
ac-v1-08130	INTLB-b4-1819-0	ACP-045160	interleaved_b	T1_easy	10k_final	28	true		
ac-v1-08131	INTLB-b3t-274-0	ACP-047214	interleaved_b	T1_easy	10k_final	29	true		
ac-v1-08132	MS-n8-wXXYYYxxY	ACP-027598	ms_expanded	T4_frontier	100k	28	true		
ac-v1-08133	INTLB-b4-222-0	ACP-044678	interleaved_b	T1_easy	10k_final	35	true		
ac-v1-08134	MS-n7-wXXXYYxxxYY	ACP-009287	ms_expanded	T4_frontier	100k	28	true		
ac-v1-08135	INTL-b4-9-1	ACP-034430	interleaved	T3_hard_solvable	100k	34	true		
ac-v1-08136	MS-n5-wXYYYxYYY	ACP-036812	ms_expanded	T1_easy	10k_final	22	true		
ac-v1-08137	AUTH-17_6-k1-3	ACP-032222	aut_hard	T5_moonshot	100k	21	true		
ac-v1-08138	INTLB-b4-1224-0	ACP-045146	interleaved_b	T1_easy	10k_final	21	true		
ac-v1-08139	MS-n10-wYXyyyyyxY	ACP-010063	ms_expanded	T2_medium	100k	33	true		
ac-v1-08140	MS-n2-wXXXyxyxxY	ACP-016093	ms_expanded	T4_frontier	100k	17	true		
ac-v1-08141	INTLB-b3t-634-0	ACP-038698	interleaved_b	T1_easy	10k_final	33	true		
ac-v1-08142	MS-n2-wXXXyxYYxxy	ACP-000322	ms_expanded	T4_frontier	100k	18	true		
ac-v1-08143	INTLB-b4-1039-0	ACP-044174	interleaved_b	T1_easy	10k_final	25	true		
ac-v1-08144	AUTH-19_6-k1-1	ACP-028435	aut_hard	T5_moonshot	100k	19	true		
ac-v1-08145	INTLB-b4-2132-1	ACP-043200	interleaved_b	T3_hard_solvable	100k	35	true		
ac-v1-08146	INTLB-b3t-780-0	ACP-042928	interleaved_b	T1_easy	10k_final	34	true		
ac-v1-08147	INTL-b4-71-1	ACP-001523	interleaved	T0_warmup	10k_final	20	true		
ac-v1-08148	INTL-b3-146-1	ACP-029883	interleaved	T1_easy	10k_final	27	true		
ac-v1-08149	INTLB-b4-1800-0	ACP-042016	interleaved_b	T1_easy	10k_final	27	true		
ac-v1-08150	INTLB-b4-1650-0	ACP-042942	interleaved_b	T3_hard_solvable	100k	22	true		
ac-v1-08151	INTLB-b4-175-1	ACP-044785	interleaved_b	T1_easy	10k_final	28	true		
ac-v1-08152	INTLB-b4-2457-0	ACP-037967	interleaved_b	T3_hard_solvable	100k	23	true		
ac-v1-08153	INTLB-b4-2099-0	ACP-045950	interleaved_b	T1_easy	10k_final	28	true		
ac-v1-08154	MS-n10-wXXXXYxxxxy	ACP-017486	ms_expanded	T4_frontier	100k	34	true		
ac-v1-08155	INTLB-b3t-553-0	ACP-045084	interleaved_b	T1_easy	10k_final	30	true		
ac-v1-08156	MS-n6-wYYXYYYxyy	ACP-016340	ms_expanded	T1_easy	10k_final	25	true		
ac-v1-08157	MS-n10-wXYYxy	ACP-021872	ms_expanded	T4_frontier	100k	29	true		
ac-v1-08158	INTLB-b3t-44-0	ACP-042033	interleaved_b	T1_easy	10k_final	35	true		
ac-v1-08159	MS-n4-wYYXYxyy	ACP-018042	ms_expanded	T4_frontier	100k	19	true	open	984
ac-v1-08160	INTL-b4-243-0	ACP-010902	interleaved	T1_easy	10k_final	21	true		
ac-v1-08161	INTLB-b4-1830-0	ACP-041536	interleaved_b	T2_medium	100k	23	true		
ac-v1-08162	INTLB-b3t-68-0	ACP-039983	interleaved_b	T1_easy	10k_final	27	true		
ac-v1-08163	MS-n6-wXXYxxyy	ACP-025830	ms_expanded	T5_moonshot	100k	23	false	open	930
ac-v1-08164	INTLB-b4-3555-0	ACP-046180	interleaved_b	T2_medium	100k	31	true		
ac-v1-08165	INTLB-b3t-580-1	ACP-037743	interleaved_b	T1_easy	10k_final	27	true		
ac-v1-08166	AUTH-17_11-k1-0	ACP-034184	aut_hard	T5_moonshot	100k	18	true		
ac-v1-08167	INTLB-b4-779-0	ACP-046459	interleaved_b	T2_medium	100k	18	true		
ac-v1-08168	MS-n2-wXyXyxxy	ACP-019297	ms_expanded	T5_moonshot	10k_final	15	false	open	996
ac-v1-08169	AUTH-21_12-k1-1	ACP-016708	aut_hard	T5_moonshot	100k	29	true		
ac-v1-08170	INTL-b4-33-1	ACP-033078	interleaved	T3_hard_solvable	100k	32	true		
ac-v1-08171	INTLB-b4-157-0	ACP-046390	interleaved_b	T1_easy	10k_final	29	true		
ac-v1-08172	MS-n6-wXXyyxYxY	ACP-003527	ms_expanded	T4_frontier	100k	24	true		
ac-v1-08173	MS-n4-wYYXYxYYYY	ACP-003814	ms_expanded	T1_easy	10k_final	21	true		
ac-v1-08174	INTLB-b3t-611-1	ACP-038254	interleaved_b	T1_easy	10k_final	25	true		
ac-v1-08175	INTLB-b4-1510-0	ACP-044398	interleaved_b	T1_easy	10k_final	33	true		
ac-v1-08176	INTLB-b4-2361-0	ACP-039341	interleaved_b	T2_medium	100k	35	true		
ac-v1-08177	MS-n7-wYXYYxY	ACP-037052	ms_expanded	T4_frontier	100k	24	true	open	504
ac-v1-08178	INTLB-b3t-407-1	ACP-041477	interleaved_b	T1_easy	10k_final	31	true		
ac-v1-08179	MS-n5-wXXYXyxxxY	ACP-017029	ms_expanded	T4_frontier	100k	23	true		
ac-v1-08180	MS-n3-wXXYxYxYY	ACP-018096	ms_expanded	T4_frontier	100k	18	true		
ac-v1-08181	INTLB-b4-2004-0	ACP-045599	interleaved_b	T3_hard_solvable	100k	31	true		
ac-v1-08182	MS-n10-wXXXYxyxYxY	ACP-005246	ms_expanded	T4_frontier	100k	34	true		
ac-v1-08183	INTL-b4-20-0	ACP-032009	interleaved	T1_easy	10k_final	27	true		
ac-v1-08184	INTLB-b3t-152-0	ACP-037509	interleaved_b	T1_easy	10k_final	32	true		
ac-v1-08185	INTLB-b4-610-1	ACP-043170	interleaved_b	T3_hard_solvable	100k	35	true		
ac-v1-08186	INTLB-b3t-290-0	ACP-045334	interleaved_b	T1_easy	10k_final	25	true		
ac-v1-08187	INTLB-b3t-854-0	ACP-045124	interleaved_b	T1_easy	10k_final	29	true		
ac-v1-08188	MS-n10-wXXyxxY	ACP-029293	ms_expanded	T4_frontier	100k	30	true		
ac-v1-08189	MS-n3-wYYYXYYxY	ACP-005543	ms_expanded	T1_easy	10k_final	18	true		
ac-v1-08190	INTLB-b4-1470-1	ACP-041310	interleaved_b	T1_easy	10k_final	35	true		
ac-v1-08191	INTLB-b4-2210-1	ACP-047028	interleaved_b	T1_easy	10k_final	29	true		
ac-v1-08192	INTLB-b3t-133-1	ACP-046961	interleaved_b	T1_easy	10k_final	35	true		
ac-v1-08193	INTLB-b4-1597-0	ACP-045632	interleaved_b	T3_hard_solvable	100k	29	true		
ac-v1-08194	INTLB-b4-1537-1	ACP-038498	interleaved_b	T2_medium	100k	29	true		
ac-v1-08195	INTLB-b4-2136-1	ACP-037581	interleaved_b	T3_hard_solvable	100k	33	true		
ac-v1-08196	MS-n7-wXXyxYYxy	ACP-015080	ms_expanded	T4_frontier	100k	26	true		
ac-v1-08197	INTLB-b4-2008-0	ACP-044802	interleaved_b	T1_easy	10k_final	30	true		
ac-v1-08198	MS-n7-wYXYXyxyxy	ACP-013534	ms_expanded	T5_moonshot	100k	27	true		
ac-v1-08199	INTLB-b4-1503-0	ACP-038499	interleaved_b	T2_medium	100k	29	true		
ac-v1-08200	INTLB-b3t-314-0	ACP-043192	interleaved_b	T1_easy	10k_final	31	true		
ac-v1-08201	INTLB-b4-1104-0	ACP-039763	interleaved_b	T2_medium	100k	33	true		
ac-v1-08202	INTLB-b4-3113-1	ACP-039685	interleaved_b	T2_medium	100k	35	true		
ac-v1-08203	INTLB-b4-1637-0	ACP-044410	interleaved_b	T2_medium	100k	25	true		
ac-v1-08204	INTLB-b4-1814-1	ACP-043102	interleaved_b	T1_easy	10k_final	31	true		
ac-v1-08205	INTLB-b4-1008-1	ACP-046988	interleaved_b	T1_easy	10k_final	33	true		
ac-v1-08206	INTLB-b3t-465-0	ACP-038515	interleaved_b	T1_easy	10k_final	31	true		
ac-v1-08207	AUTH-25_25-k12-0	ACP-015637	aut_hard	T5_moonshot	100k	39	true		
ac-v1-08208	INTLB-b3t-461-1	ACP-041246	interleaved_b	T3_hard_solvable	100k	31	true		
ac-v1-08209	MS-n6-wXXXYxxYxy	ACP-033928	ms_expanded	T4_frontier	100k	25	true		
ac-v1-08210	INTLB-b3t-609-0	ACP-043544	interleaved_b	T1_easy	10k_final	32	true		
ac-v1-08211	INTLB-b4-1045-0	ACP-046814	interleaved_b	T1_easy	10k_final	31	true		
ac-v1-08212	INTL-b4-228-1	ACP-036914	interleaved	T1_easy	10k_final	23	true		
ac-v1-08213	MS-n7-wYYYXyyxYY	ACP-028065	ms_expanded	T1_easy	10k_final	27	true		
ac-v1-08214	INTLB-b4-2834-1	ACP-042418	interleaved_b	T2_medium	100k	33	true		
ac-v1-08215	INTLB-b3t-599-1	ACP-038685	interleaved_b	T1_easy	10k_final	27	true		
ac-v1-08216	MS-n8-wXXXYYYxxxY	ACP-036705	ms_expanded	T4_frontier	100k	30	true		
ac-v1-08217	INTLB-b4-1430-0	ACP-041738	interleaved_b	T1_easy	10k_final	23	true		
ac-v1-08218	INTLB-b4-3266-0	ACP-041486	interleaved_b	T3_hard_solvable	100k	21	true		
ac-v1-08219	MS-n6-wXXXYxxyyxy	ACP-033998	ms_expanded	T4_frontier	100k	26	true		
ac-v1-08220	INTLB-b3t-38-0	ACP-045345	interleaved_b	T1_easy	10k_final	22	true		
ac-v1-08221	MS-n3-wYYXYYxYY	ACP-003801	ms_expanded	T1_easy	10k_final	18	true		
ac-v1-08222	INTLB-b4-477-0	ACP-039780	interleaved_b	T3_hard_solvable	100k	32	true		
ac-v1-08223	MS-n2-wXXyxYYxy	ACP-000155	ms_expanded	T4_frontier	100k	16	true		
ac-v1-08224	AUTH-21_12-k1-3	ACP-007482	aut_hard	T5_moonshot	100k	31	true		
ac-v1-08225	MS-n7-wXyxyyy	ACP-035060	ms_expanded	T4_frontier	100k	24	true	open	483
ac-v1-08226	INTLB-b4-2124-0	ACP-043024	interleaved_b	T2_medium	100k	32	true		
ac-v1-08227	MS-n3-wXYXYYYxyxy	ACP-016533	ms_expanded	T1_easy	10k_final	20	true		
ac-v1-08228	INTLB-b4-1708-0	ACP-041311	interleaved_b	T3_hard_solvable	100k	33	true		
ac-v1-08229	MS-n8-wXYxYYYY	ACP-016195	ms_expanded	T4_frontier	100k	27	true		
ac-v1-08230	INTLB-b3t-890-0	ACP-044704	interleaved_b	T1_easy	10k_final	30	true		
ac-v1-08231	INTLB-b4-599-1	ACP-041210	interleaved_b	T3_hard_solvable	100k	33	true		
ac-v1-08232	INTLB-b4-1772-1	ACP-045829	interleaved_b	T1_easy	10k_final	35	true		
ac-v1-08233	INTLB-b4-1765-1	ACP-043490	interleaved_b	T1_easy	10k_final	31	true		
ac-v1-08234	INTL-b4-222-1	ACP-034546	interleaved	T3_hard_solvable	100k	29	true		
ac-v1-08235	INTL-b4-226-0	ACP-019467	interleaved	T2_medium	100k	19	true		
ac-v1-08236	INTLB-b3t-433-0	ACP-045847	interleaved_b	T1_easy	10k_final	27	true		
ac-v1-08237	INTLB-b3t-287-1	ACP-045005	interleaved_b	T1_easy	10k_final	34	true		
ac-v1-08238	MS-n4-wYXyyxyyyy	ACP-016425	ms_expanded	T1_easy	10k_final	21	true		
ac-v1-08239	MS-n6-wXXyxYxy	ACP-030687	ms_expanded	T5_moonshot	100k	23	false	open	1049
ac-v1-08240	INTL-b4-193-0	ACP-030829	interleaved	T2_medium	100k	20	true		
ac-v1-08241	INTL-b3-106-1	ACP-008168	interleaved	T1_easy	10k_final	31	true		
ac-v1-08242	INTLB-b4-2436-1	ACP-046536	interleaved_b	T2_medium	100k	30	true		
ac-v1-08243	INTLB-b4-2203-0	ACP-038504	interleaved_b	T1_easy	10k_final	35	true		
ac-v1-08244	INTLB-b4-1162-1	ACP-043158	interleaved_b	T1_easy	10k_final	27	true		
ac-v1-08245	INTLB-b4-206-1	ACP-040019	interleaved_b	T3_hard_solvable	100k	28	true		
ac-v1-08246	MS-n9-wYXYxY	ACP-003558	ms_expanded	T4_frontier	100k	27	true		
ac-v1-08247	INTLB-b3t-612-1	ACP-037506	interleaved_b	T1_easy	10k_final	23	true		
ac-v1-08248	INTLB-b4-381-1	ACP-043859	interleaved_b	T2_medium	100k	33	true		
ac-v1-08249	INTLB-b4-3020-1	ACP-042544	interleaved_b	T2_medium	100k	29	true		
ac-v1-08250	INTLB-b4-106-0	ACP-047046	interleaved_b	T3_hard_solvable	100k	31	true		
ac-v1-08251	INTLB-b3t-640-0	ACP-037936	interleaved_b	T1_easy	10k_final	28	true		
ac-v1-08252	MS-n3-wYXYxy	ACP-014804	ms_expanded	T1_easy	10k_final	15	true	uncertified	143
ac-v1-08253	AUTH-23_16-k12-0	ACP-020968	aut_hard	T5_moonshot	100k	32	true		
ac-v1-08254	INTL-b4-112-0	ACP-001749	interleaved	T2_medium	100k	22	true		
ac-v1-08255	INTL-b2-40-0	ACP-030229	interleaved	T1_easy	10k_final	28	true		
ac-v1-08256	MS-n5-wyxyyyyXyy	ACP-013287	ms_expanded	T2_medium	100k	23	true		
ac-v1-08257	MS-n5-wYYXyyxy	ACP-014535	ms_expanded	T4_frontier	100k	21	true	open	684
ac-v1-08258	INTLB-b4-2565-1	ACP-038667	interleaved_b	T2_medium	100k	33	true		
ac-v1-08259	MS-n5-wYYYXyyxYY	ACP-009315	ms_expanded	T1_easy	10k_final	23	true		
ac-v1-08260	INTLB-b3t-884-0	ACP-037783	interleaved_b	T1_easy	10k_final	32	true		
ac-v1-08261	INTLB-b4-20-0	ACP-045946	interleaved_b	T2_medium	100k	31	true		
ac-v1-08262	INTLB-b4-1172-1	ACP-041797	interleaved_b	T1_easy	10k_final	25	true		
ac-v1-08263	MS-n3-wXYYYYxyy	ACP-006426	ms_expanded	T0_warmup	10k_final	18	true		
ac-v1-08264	AUTH-24_1-k12-0	ACP-016099	aut_hard	T5_moonshot	100k	36	true		
ac-v1-08265	INTLB-b3t-554-0	ACP-039758	interleaved_b	T1_easy	10k_final	27	true		
ac-v1-08266	INTLB-b4-565-1	ACP-037982	interleaved_b	T2_medium	100k	31	true		
ac-v1-08267	INTLB-b4-3297-1	ACP-040665	interleaved_b	T3_hard_solvable	100k	27	true		
ac-v1-08268	INTLB-b4-1694-1	ACP-047171	interleaved_b	T2_medium	100k	33	true		
ac-v1-08269	INTLB-b4-2764-0	ACP-044059	interleaved_b	T3_hard_solvable	100k	30	true		
ac-v1-08270	INTLB-b4-1456-1	ACP-042452	interleaved_b	T1_easy	10k_final	33	true		
ac-v1-08271	INTLB-b4-646-1	ACP-045180	interleaved_b	T2_medium	100k	23	true		
ac-v1-08272	AUTH-25_31-k12-1	ACP-030894	aut_hard	T5_moonshot	100k	26	true		
ac-v1-08273	MS-n7-wXXYxyxy	ACP-002746	ms_expanded	T5_moonshot	100k	25	false	open	917
ac-v1-08274	INTLB-b3t-613-1	ACP-044580	interleaved_b	T1_easy	10k_final	24	true		
ac-v1-08275	MS-n2-wXYYYYYxyy	ACP-024171	ms_expanded	T1_easy	10k_final	17	true		
ac-v1-08276	INTLB-b3t-943-0	ACP-043388	interleaved_b	T1_easy	10k_final	31	true		
ac-v1-08277	AUTH-21_40-k1-0	ACP-002383	aut_hard	T5_moonshot	100k	21	true		
ac-v1-08278	AUTH-17_26-k12-0	ACP-022912	aut_hard	T5_moonshot	100k	35	true		
ac-v1-08279	INTLB-b4-2036-0	ACP-037551	interleaved_b	T2_medium	100k	27	true		
ac-v1-08280	AUTH-21_22-k12-0	ACP-012379	aut_hard	T5_moonshot	100k	27	true		
ac-v1-08281	INTLB-b4-1222-0	ACP-040642	interleaved_b	T1_easy	10k_final	30	true		
ac-v1-08282	INTLB-b4-1688-1	ACP-045751	interleaved_b	T1_easy	10k_final	26	true		
ac-v1-08283	INTLB-b4-3942-1	ACP-039602	interleaved_b	T3_hard_solvable	100k	35	true		
ac-v1-08284	MS-n3-wXXYxxy	ACP-029661	ms_expanded	T5_moonshot	100k	16	true	open	360
ac-v1-08285	INTLB-b4-3045-1	ACP-038250	interleaved_b	T2_medium	100k	29	true		
ac-v1-08286	INTLB-b3t-600-0	ACP-043111	interleaved_b	T1_easy	10k_final	31	true		
ac-v1-08287	MS-n10-wYYXYYxyy	ACP-004061	ms_expanded	T2_medium	100k	32	true		
ac-v1-08288	INTLB-b4-1833-1	ACP-046274	interleaved_b	T1_easy	10k_final	23	true		
ac-v1-08289	MS-n5-wXXYxxY	ACP-014850	ms_expanded	T5_moonshot	100k	20	true	open	355
ac-v1-08290	INTLB-b4-3277-1	ACP-042743	interleaved_b	T3_hard_solvable	100k	30	true		
ac-v1-08291	INTLB-b4-2777-1	ACP-043223	interleaved_b	T3_hard_solvable	100k	24	true		
ac-v1-08292	INTLB-b4-3191-1	ACP-041731	interleaved_b	T2_medium	100k	21	true		
ac-v1-08293	MS-n6-wXyxYY	ACP-032286	ms_expanded	T4_frontier	100k	21	true	open	139
ac-v1-08294	MS-n7-wXXYYxYYxY	ACP-011910	ms_expanded	T4_frontier	100k	27	true		
ac-v1-08295	MS-n8-wXXYYYxxy	ACP-002484	ms_expanded	T4_frontier	100k	28	true		
ac-v1-08296	INTLB-b4-326-1	ACP-044187	interleaved_b	T2_medium	100k	31	true		
ac-v1-08297	AUTH-17_13-k12-0	ACP-034402	aut_hard	T5_moonshot	100k	21	true		
ac-v1-08298	AUTH-19_42-k0-0	ACP-031066	aut_hard	T5_moonshot	100k	19	true		
ac-v1-08299	MS-n7-wXXYYYYxxY	ACP-006837	ms_expanded	T4_frontier	100k	27	true		
ac-v1-08300	INTLB-b4-3186-0	ACP-039864	interleaved_b	T3_hard_solvable	100k	25	true		
ac-v1-08301	MS-n2-wXYxYXyxyy	ACP-018434	ms_expanded	T1_easy	10k_final	17	true		
ac-v1-08302	INTLB-b4-2929-1	ACP-044495	interleaved_b	T3_hard_solvable	100k	24	true		
ac-v1-08303	MS-n8-wXyxyyy	ACP-000266	ms_expanded	T4_frontier	100k	26	true		
ac-v1-08304	INTLB-b4-2519-1	ACP-040843	interleaved_b	T2_medium	100k	33	true		
ac-v1-08305	INTLB-b4-1170-0	ACP-042611	interleaved_b	T1_easy	10k_final	31	true		
ac-v1-08306	INTLB-b4-1742-1	ACP-046677	interleaved_b	T3_hard_solvable	100k	28	true		
ac-v1-08307	INTLB-b3t-464-1	ACP-039412	interleaved_b	T2_medium	100k	34	true		
ac-v1-08308	MS-n7-wXXXYxxyyxy	ACP-025606	ms_expanded	T4_frontier	100k	28	true		
ac-v1-08309	INTLB-b3t-826-0	ACP-041083	interleaved_b	T1_easy	10k_final	25	true		
ac-v1-08310	INTLB-b3t-330-1	ACP-045713	interleaved_b	T1_easy	10k_final	30	true		
ac-v1-08311	INTLB-b4-1609-1	ACP-039280	interleaved_b	T1_easy	10k_final	29	true		
ac-v1-08312	INTLB-b3t-871-0	ACP-039925	interleaved_b	T1_easy	10k_final	22	true		
ac-v1-08313	INTLB-b4-2001-0	ACP-046938	interleaved_b	T2_medium	100k	27	true		
ac-v1-08314	INTLB-b4-465-0	ACP-041633	interleaved_b	T3_hard_solvable	100k	29	true		
ac-v1-08315	MS-n5-wXXYXyxxxy	ACP-013300	ms_expanded	T4_frontier	100k	23	true		
ac-v1-08316	MS-n9-wXXXYxyxxyy	ACP-024228	ms_expanded	T4_frontier	100k	32	true		
ac-v1-08317	MS-n5-wXyxYYYY	ACP-019207	ms_expanded	T4_frontier	100k	21	true	open	1062
ac-v1-08318	INTLB-b4-1687-1	ACP-042818	interleaved_b	T1_easy	10k_final	31	true		
ac-v1-08319	INTLB-b3t-866-1	ACP-045394	interleaved_b	T1_easy	10k_final	33	true		
ac-v1-08320	INTLB-b4-2958-1	ACP-042269	interleaved_b	T3_hard_solvable	100k	35	true		
ac-v1-08321	MS-n5-wXXYYYYxxY	ACP-001728	ms_expanded	T4_frontier	100k	23	true		
ac-v1-08322	INTLB-b4-1734-0	ACP-038581	interleaved_b	T1_easy	10k_final	33	true		
ac-v1-08323	MS-n2-wYXyyyxy	ACP-023983	ms_expanded	T1_easy	10k_final	15	true	uncertified	611
ac-v1-08324	INTLB-b4-1888-0	ACP-040161	interleaved_b	T3_hard_solvable	100k	25	true		
ac-v1-08325	INTLB-b4-1580-1	ACP-038390	interleaved_b	T2_medium	100k	27	true		
ac-v1-08326	INTLB-b3t-7-0	ACP-046292	interleaved_b	T1_easy	10k_final	19	true		
ac-v1-08327	AUTH-AK(2)-k1-3	ACP-024640	aut_hard	T0_warmup	10k_final	11	true		
ac-v1-08328	INTLB-b3t-197-0	ACP-041721	interleaved_b	T1_easy	10k_final	34	true		
ac-v1-08329	INTLB-b3t-765-0	ACP-042624	interleaved_b	T1_easy	10k_final	29	true		
ac-v1-08330	INTLB-b4-2983-0	ACP-038500	interleaved_b	T3_hard_solvable	100k	24	true		
ac-v1-08331	INTLB-b4-609-1	ACP-042883	interleaved_b	T3_hard_solvable	100k	36	true		
ac-v1-08332	INTLB-b4-3083-1	ACP-039878	interleaved_b	T2_medium	100k	35	true		
ac-v1-08333	MS-n7-wXXYXyxxxy	ACP-002531	ms_expanded	T4_frontier	100k	27	true		
ac-v1-08334	INTL-b4-24-1	ACP-016382	interleaved	T2_medium	100k	27	true		
ac-v1-08335	MS-n2-wXXyxYYxY	ACP-035193	ms_expanded	T4_frontier	100k	16	true		
ac-v1-08336	INTL-b4-187-1	ACP-012355	interleaved	T2_medium	100k	19	true		
ac-v1-08337	INTLB-b4-51-1	ACP-039951	interleaved_b	T2_medium	100k	27	true		
ac-v1-08338	INTLB-b4-3241-0	ACP-037267	interleaved_b	T3_hard_solvable	100k	33	true		
ac-v1-08339	MS-n2-wXXXyyxYxxy	ACP-031822	ms_expanded	T1_easy	10k_final	18	true		
ac-v1-08340	INTLB-b4-998-0	ACP-044281	interleaved_b	T2_medium	100k	32	true		
ac-v1-08341	INTLB-b4-1368-1	ACP-038002	interleaved_b	T1_easy	10k_final	27	true		
ac-v1-08342	INTLB-b4-2219-0	ACP-042365	interleaved_b	T2_medium	100k	33	true		
ac-v1-08343	MS-n3-wXXYYYxYxYY	ACP-032810	ms_expanded	T1_easy	10k_final	20	true		
ac-v1-08344	MS-n3-wYYXYYxy	ACP-010745	ms_expanded	T5_moonshot	10k_final	17	false	open	780
ac-v1-08345	INTLB-b3t-443-1	ACP-046943	interleaved_b	T2_medium	100k	33	true		
ac-v1-08346	INTLB-b4-1576-0	ACP-040876	interleaved_b	T1_easy	10k_final	31	true		
ac-v1-08347	INTLB-b4-1494-1	ACP-044449	interleaved_b	T3_hard_solvable	100k	31	true		
ac-v1-08348	MS-n6-wYYXYYYxY	ACP-036063	ms_expanded	T2_medium	100k	24	true		
ac-v1-08349	INTLB-b4-1738-0	ACP-045999	interleaved_b	T3_hard_solvable	100k	30	true		
ac-v1-08350	INTLB-b4-1801-1	ACP-043520	interleaved_b	T1_easy	10k_final	33	true		
ac-v1-08351	INTLB-b3t-911-0	ACP-042314	interleaved_b	T1_easy	10k_final	27	true		
ac-v1-08352	INTLB-b3t-929-0	ACP-044480	interleaved_b	T1_easy	10k_final	31	true		
ac-v1-08353	INTLB-b4-1752-1	ACP-046291	interleaved_b	T1_easy	10k_final	31	true		
ac-v1-08354	AUTH-17_14-k1-0	ACP-027835	aut_hard	T5_moonshot	100k	21	true		
ac-v1-08355	INTLB-b4-205-1	ACP-040107	interleaved_b	T1_easy	10k_final	35	true		
ac-v1-08356	INTLB-b4-3280-0	ACP-040469	interleaved_b	T3_hard_solvable	100k	23	true		
ac-v1-08357	AUTH-21_6-k1-3	ACP-032686	aut_hard	T5_moonshot	100k	21	true		
ac-v1-08358	INTLB-b4-1319-1	ACP-046818	interleaved_b	T1_easy	10k_final	33	true		
ac-v1-08359	INTLB-b4-1330-0	ACP-042061	interleaved_b	T1_easy	10k_final	23	true		
ac-v1-08360	MS-n6-wyyXyyyxy	ACP-005982	ms_expanded	T2_medium	100k	24	true		
ac-v1-08361	INTLB-b4-117-0	ACP-041965	interleaved_b	T1_easy	10k_final	31	true		
ac-v1-08362	MS-n9-wXXXYYxyxxY	ACP-002208	ms_expanded	T4_frontier	100k	32	true		
ac-v1-08363	INTLB-b4-1124-1	ACP-045665	interleaved_b	T1_easy	10k_final	29	true		
ac-v1-08364	MS-n3-wXYYYYYxY	ACP-001335	ms_expanded	T1_easy	10k_final	18	true		
ac-v1-08365	INTLB-b4-1293-0	ACP-038139	interleaved_b	T2_medium	100k	29	true		
ac-v1-08366	INTLB-b3t-440-1	ACP-044089	interleaved_b	T1_easy	10k_final	28	true		
ac-v1-08367	MS-n4-wYxyXyyy	ACP-020003	ms_expanded	T1_easy	10k_final	19	true	uncertified	641
ac-v1-08368	INTLB-b4-1813-0	ACP-041641	interleaved_b	T3_hard_solvable	100k	26	true		
ac-v1-08369	INTLB-b4-1970-0	ACP-041473	interleaved_b	T1_easy	10k_final	27	true		
ac-v1-08370	INTL-b3-120-1	ACP-031690	interleaved	T1_easy	10k_final	23	true		
ac-v1-08371	INTLB-b4-1857-0	ACP-044184	interleaved_b	T2_medium	100k	21	true		
ac-v1-08372	INTL-b3-119-0	ACP-007938	interleaved	T1_easy	10k_final	29	true		
ac-v1-08373	INTLB-b4-500-1	ACP-038548	interleaved_b	T2_medium	100k	33	true		
ac-v1-08374	MS-n8-wyyyyyyy	ACP-002651	ms_expanded	T0_warmup	10k_final	27	true		
ac-v1-08375	INTLB-b3t-642-1	ACP-039788	interleaved_b	T1_easy	10k_final	34	true		
ac-v1-08376	INTLB-b3t-857-1	ACP-043583	interleaved_b	T1_easy	10k_final	33	true		
ac-v1-08377	INTL-b3-12-0	ACP-030321	interleaved	T1_easy	10k_final	29	true		
ac-v1-08378	INTLB-b4-2108-0	ACP-039677	interleaved_b	T1_easy	10k_final	27	true		
ac-v1-08379	INTLB-b3t-898-1	ACP-045708	interleaved_b	T1_easy	10k_final	23	true		
ac-v1-08380	MS-n9-wXXXYxxxyyy	ACP-008103	ms_expanded	T4_frontier	100k	32	true		
ac-v1-08381	INTLB-b4-1981-1	ACP-042232	interleaved_b	T1_easy	10k_final	31	true		
ac-v1-08382	MS-n1-wXXXXyxxxxy	ACP-016562	ms_expanded	T1_easy	10k_final	16	true		
ac-v1-08383	INTLB-b4-18-1	ACP-043150	interleaved_b	T2_medium	100k	29	true		
ac-v1-08384	INTLB-b4-2163-1	ACP-037907	interleaved_b	T3_hard_solvable	100k	32	true		
ac-v1-08385	INTLB-b3t-473-0	ACP-044094	interleaved_b	T2_medium	100k	32	true		
ac-v1-08386	INTLB-b4-2115-1	ACP-047075	interleaved_b	T3_hard_solvable	100k	27	true		
ac-v1-08387	INTLB-b3t-237-0	ACP-039807	interleaved_b	T1_easy	10k_final	34	true		
ac-v1-08388	AUTH-25_26-k1-2	ACP-035285	aut_hard	T5_moonshot	100k	25	true		
ac-v1-08389	MS-n9-wYXyyyxYYY	ACP-033908	ms_expanded	T1_easy	10k_final	31	true		
ac-v1-08390	MS-n7-wYXYXYxyxY	ACP-019055	ms_expanded	T5_moonshot	100k	27	true		
ac-v1-08391	INTLB-b4-2128-1	ACP-040281	interleaved_b	T1_easy	10k_final	31	true		
ac-v1-08392	INTLB-b4-1810-1	ACP-041961	interleaved_b	T1_easy	10k_final	28	true		
ac-v1-08393	INTLB-b4-1965-0	ACP-037704	interleaved_b	T3_hard_solvable	100k	23	true		
ac-v1-08394	INTLB-b4-1018-0	ACP-043850	interleaved_b	T0_warmup	10k_final	31	true		
ac-v1-08395	MS-n10-wXXYxxY	ACP-024645	ms_expanded	T4_frontier	100k	30	true		
ac-v1-08396	INTL-b2-159-1	ACP-009636	interleaved	T1_easy	10k_final	24	true		
ac-v1-08397	INTLB-b4-1040-0	ACP-040882	interleaved_b	T1_easy	10k_final	35	true		
ac-v1-08398	INTLB-b4-1238-0	ACP-041585	interleaved_b	T1_easy	10k_final	27	true		
ac-v1-08399	MS-n10-wXyyyxy	ACP-024941	ms_expanded	T4_frontier	100k	30	true		
ac-v1-08400	INTLB-b3t-278-0	ACP-039894	interleaved_b	T1_easy	10k_final	35	true		
ac-v1-08401	INTLB-b4-1221-1	ACP-041270	interleaved_b	T1_easy	10k_final	33	true		
ac-v1-08402	INTLB-b4-1009-0	ACP-045990	interleaved_b	T1_easy	10k_final	29	true		
ac-v1-08403	INTLB-b3t-836-0	ACP-045325	interleaved_b	T1_easy	10k_final	33	true		
ac-v1-08404	INTLB-b4-734-0	ACP-040323	interleaved_b	T2_medium	100k	34	true		
ac-v1-08405	MS-n2-wXXXYxxxyy	ACP-037077	ms_expanded	T4_frontier	100k	17	true		
ac-v1-08406	INTLB-b3t-743-0	ACP-041085	interleaved_b	T1_easy	10k_final	32	true		
ac-v1-08407	INTLB-b4-843-1	ACP-040832	interleaved_b	T2_medium	100k	27	true		
ac-v1-08408	MS-n9-wyyyy	ACP-036926	ms_expanded	T0_warmup	10k_final	26	true		
ac-v1-08409	MS-n2-wXXXyyxxxY	ACP-001614	ms_expanded	T5_moonshot	100k	17	true		
ac-v1-08410	INTLB-b4-1258-1	ACP-043999	interleaved_b	T1_easy	10k_final	32	true		
ac-v1-08411	INTL-b2-120-0	ACP-036135	interleaved	T1_easy	10k_final	25	true		
ac-v1-08412	INTLB-b4-1643-0	ACP-042187	interleaved_b	T3_hard_solvable	100k	27	true		
ac-v1-08413	MS-n5-wYXYYYxYYY	ACP-002519	ms_expanded	T1_easy	10k_final	23	true		
ac-v1-08414	INTLB-b4-1892-0	ACP-045023	interleaved_b	T1_easy	10k_final	31	true		
ac-v1-08415	INTLB-b3t-752-1	ACP-045930	interleaved_b	T1_easy	10k_final	31	true		
ac-v1-08416	MS-n8-wYYxyyXyy	ACP-008374	ms_expanded	T1_easy	10k_final	28	true		
ac-v1-08417	INTLB-b4-1304-1	ACP-039787	interleaved_b	T2_medium	100k	32	true		
ac-v1-08418	INTLB-b4-56-0	ACP-037985	interleaved_b	T3_hard_solvable	100k	20	true		
ac-v1-08419	INTLB-b4-1522-1	ACP-040878	interleaved_b	T2_medium	100k	31	true		
ac-v1-08420	MS-n4-wXXXyxxYxY	ACP-031183	ms_expanded	T4_frontier	100k	21	true		
ac-v1-08421	MS-n10-wXXXyxYxxy	ACP-000293	ms_expanded	T4_frontier	100k	33	true		
ac-v1-08422	INTL-b4-191-0	ACP-030149	interleaved	T1_easy	10k_final	31	true		
ac-v1-08423	MS-n9-wXXYYxxy	ACP-020238	ms_expanded	T4_frontier	100k	29	true		
ac-v1-08424	INTLB-b4-1863-1	ACP-037712	interleaved_b	T3_hard_solvable	100k	26	true		
ac-v1-08425	INTLB-b4-1902-1	ACP-044855	interleaved_b	T1_easy	10k_final	33	true		
ac-v1-08426	INTLB-b3t-878-0	ACP-044935	interleaved_b	T1_easy	10k_final	31	true		
ac-v1-08427	INTLB-b4-3224-1	ACP-044836	interleaved_b	T3_hard_solvable	100k	25	true		
ac-v1-08428	INTLB-b4-1047-1	ACP-046501	interleaved_b	T1_easy	10k_final	31	true		
ac-v1-08429	INTLB-b4-1664-0	ACP-037800	interleaved_b	T3_hard_solvable	100k	29	true		
ac-v1-08430	MS-n6-wYXYYxyyy	ACP-010368	ms_expanded	T1_easy	10k_final	24	true		
ac-v1-08431	MS-n6-wXXXYxYxxYY	ACP-023935	ms_expanded	T4_frontier	100k	26	true		
ac-v1-08432	AUTH-25_29-k1-2	ACP-030081	aut_hard	T5_moonshot	100k	25	true		
ac-v1-08433	INTLB-b3t-942-0	ACP-044044	interleaved_b	T1_easy	10k_final	31	true		
ac-v1-08434	INTL-b3-173-1	ACP-033871	interleaved	T1_easy	10k_final	31	true		
ac-v1-08435	INTLB-b4-3232-1	ACP-046450	interleaved_b	T3_hard_solvable	100k	32	true		
ac-v1-08436	AUTH-23_16-k1-3	ACP-029500	aut_hard	T5_moonshot	100k	33	true		
ac-v1-08437	INTLB-b4-1617-1	ACP-046326	interleaved_b	T1_easy	10k_final	33	true		
ac-v1-08438	INTLB-b3t-178-0	ACP-046526	interleaved_b	T1_easy	10k_final	30	true		
ac-v1-08439	INTL-b4-215-1	ACP-027266	interleaved	T3_hard_solvable	100k	29	true		
ac-v1-08440	AUTH-19_19-k1-3	ACP-034282	aut_hard	T5_moonshot	100k	27	true		
ac-v1-08441	MS-n4-wXYYYYYxY	ACP-030354	ms_expanded	T5_moonshot	100k	20	true		
ac-v1-08442	INTLB-b3t-573-0	ACP-040315	interleaved_b	T1_easy	10k_final	36	true		
ac-v1-08443	INTLB-b3t-719-0	ACP-041873	interleaved_b	T2_medium	100k	26	true		
ac-v1-08444	AUTH-17_6-k1-0	ACP-011094	aut_hard	T5_moonshot	100k	17	true		
ac-v1-08445	INTLB-b3t-27-1	ACP-047187	interleaved_b	T1_easy	10k_final	33	true		
ac-v1-08446	INTLB-b4-2640-1	ACP-040700	interleaved_b	T2_medium	100k	26	true		
ac-v1-08447	INTLB-b3t-212-1	ACP-037516	interleaved_b	T1_easy	10k_final	22	true		
ac-v1-08448	MS-n5-wXYxYYYYYYY	ACP-025486	ms_expanded	T5_moonshot	100k	24	true		
ac-v1-08449	MS-n6-wXYYYxyyy	ACP-007904	ms_expanded	T0_warmup	10k_final	24	true		
ac-v1-08450	INTLB-b4-508-0	ACP-045808	interleaved_b	T3_hard_solvable	100k	28	true		
ac-v1-08451	INTL-b3-142-1	ACP-007717	interleaved	T1_easy	10k_final	19	true		
ac-v1-08452	AUTH-21_2-k1-1	ACP-018140	aut_hard	T5_moonshot	100k	31	true		
ac-v1-08453	INTLB-b4-1533-0	ACP-043241	interleaved_b	T1_easy	10k_final	27	true		
ac-v1-08454	INTLB-b3t-61-0	ACP-045507	interleaved_b	T1_easy	10k_final	34	true		
ac-v1-08455	AUTH-19_51-k0-0	ACP-017225	aut_hard	T5_moonshot	100k	19	true		
ac-v1-08456	INTLB-b4-2223-1	ACP-040432	interleaved_b	T1_easy	10k_final	33	true		
ac-v1-08457	INTL-b4-16-0	ACP-000076	interleaved	T2_medium	100k	27	true		
ac-v1-08458	INTLB-b4-1594-1	ACP-043074	interleaved_b	T1_easy	10k_final	26	true		
ac-v1-08459	INTLB-b4-2207-0	ACP-043189	interleaved_b	T2_medium	100k	36	true		
ac-v1-08460	INTL-b1-21-1	ACP-037055	interleaved	T1_easy	10k_final	35	true		
ac-v1-08461	MS-n10-wXXYxxyyy	ACP-003807	ms_expanded	T4_frontier	100k	32	true		
ac-v1-08462	INTLB-b4-2519-0	ACP-040170	interleaved_b	T2_medium	100k	26	true		
ac-v1-08463	INTLB-b4-1485-0	ACP-044692	interleaved_b	T1_easy	10k_final	29	true		
ac-v1-08464	INTLB-b4-3185-0	ACP-041332	interleaved_b	T3_hard_solvable	100k	35	true		
ac-v1-08465	MS-n7-wXXYYYxxYY	ACP-015369	ms_expanded	T4_frontier	100k	27	true		
ac-v1-08466	INTLB-b4-2926-0	ACP-041223	interleaved_b	T3_hard_solvable	100k	26	true		
ac-v1-08467	INTL-b4-13-1	ACP-005106	interleaved	T1_easy	10k_final	33	true		
ac-v1-08468	MS-n8-wXyxYYYY	ACP-034483	ms_expanded	T4_frontier	100k	27	true		
ac-v1-08469	INTLB-b4-2118-0	ACP-042951	interleaved_b	T1_easy	10k_final	32	true		
ac-v1-08470	MS-n9-wYXYxYYYYY	ACP-020529	ms_expanded	T2_medium	100k	31	true		
ac-v1-08471	INTLB-b4-2117-1	ACP-037448	interleaved_b	T1_easy	10k_final	29	true		
ac-v1-08472	MS-n9-wYYxYXy	ACP-031245	ms_expanded	T4_frontier	100k	28	true		
ac-v1-08473	INTLB-b3t-314-1	ACP-038242	interleaved_b	T1_easy	10k_final	31	true		
ac-v1-08474	INTLB-b4-2557-1	ACP-043236	interleaved_b	T2_medium	100k	33	true		
ac-v1-08475	INTLB-b3t-750-0	ACP-038034	interleaved_b	T3_hard_solvable	100k	31	true		
ac-v1-08476	INTLB-b4-3105-0	ACP-039975	interleaved_b	T2_medium	100k	33	true		
ac-v1-08477	AUTH-15_11-k1-1	ACP-027816	aut_hard	T5_moonshot	100k	20	true		
ac-v1-08478	MS-n10-wXYYYYYxYY	ACP-007271	ms_expanded	T2_medium	100k	33	true		
ac-v1-08479	INTLB-b4-391-0	ACP-041098	interleaved_b	T2_medium	100k	27	true		
ac-v1-08480	INTLB-b4-3305-1	ACP-038676	interleaved_b	T3_hard_solvable	100k	29	true		
ac-v1-08481	MS-n7-wYYxyXyy	ACP-014937	ms_expanded	T4_frontier	100k	25	true	open	581
ac-v1-08482	MS-n4-wXXyxYxYY	ACP-001228	ms_expanded	T4_frontier	100k	20	true		
ac-v1-08483	MS-n9-wXXYxYxyy	ACP-012724	ms_expanded	T4_frontier	100k	30	true		
ac-v1-08484	MS-n4-wXyxxYXY	ACP-025099	ms_expanded	T5_moonshot	100k	19	false	open	1026
ac-v1-08485	INTLB-b3t-84-0	ACP-037426	interleaved_b	T1_easy	10k_final	34	true		
ac-v1-08486	MS-n8-wYXYYYYxyy	ACP-004254	ms_expanded	T1_easy	10k_final	29	true		
ac-v1-08487	INTLB-b4-1372-0	ACP-047154	interleaved_b	T1_easy	10k_final	27	true		
ac-v1-08488	INTLB-b4-663-0	ACP-039479	interleaved_b	T2_medium	100k	22	true		
ac-v1-08489	INTL-b4-198-0	ACP-004384	interleaved	T1_easy	10k_final	33	true		
ac-v1-08490	INTLB-b3t-160-0	ACP-038293	interleaved_b	T3_hard_solvable	100k	35	true		
ac-v1-08491	INTL-triv-0-0	ACP-000597	interleaved	T0_warmup	10k_final	9	true		
ac-v1-08492	INTLB-b4-1147-1	ACP-039007	interleaved_b	T1_easy	10k_final	31	true		
ac-v1-08493	INTLB-b3t-53-1	ACP-040344	interleaved_b	T1_easy	10k_final	27	true		
ac-v1-08494	MS-n6-wXXXYxYYxxY	ACP-013171	ms_expanded	T4_frontier	100k	26	true		
ac-v1-08495	MS-n9-wY	ACP-016839	ms_expanded	T0_warmup	10k_final	23	true		
ac-v1-08496	MS-n6-wYYYXyyyxyy	ACP-019203	ms_expanded	T1_easy	10k_final	26	true		
ac-v1-08497	INTLB-b4-37-0	ACP-046731	interleaved_b	T2_medium	100k	30	true		
ac-v1-08498	INTLB-b4-3569-0	ACP-039426	interleaved_b	T2_medium	100k	28	true		
ac-v1-08499	INTLB-b4-557-0	ACP-044604	interleaved_b	T3_hard_solvable	100k	35	true		
ac-v1-08500	INTLB-b4-1133-0	ACP-039958	interleaved_b	T1_easy	10k_final	27	true		
ac-v1-08501	MS-n7-wXXYYxyxy	ACP-010190	ms_expanded	T4_frontier	100k	26	true		
ac-v1-08502	MS-n2-wXXXYYxxxY	ACP-011481	ms_expanded	T5_moonshot	10k_final	17	true		
ac-v1-08503	INTLB-b4-1541-0	ACP-038565	interleaved_b	T1_easy	10k_final	34	true		
ac-v1-08504	INTLB-b4-2377-0	ACP-038595	interleaved_b	T2_medium	100k	33	true		
ac-v1-08505	INTLB-b4-574-1	ACP-044321	interleaved_b	T3_hard_solvable	100k	32	true		
ac-v1-08506	INTLB-b4-1866-0	ACP-043341	interleaved_b	T1_easy	10k_final	27	true		
ac-v1-08507	INTL-b4-146-0	ACP-016965	interleaved	T3_hard_solvable	100k	27	true		
ac-v1-08508	INTLB-b3t-195-0	ACP-040075	interleaved_b	T1_easy	10k_final	32	true		
ac-v1-08509	AUTH-21_5-k1-3	ACP-015472	aut_hard	T5_moonshot	100k	21	true		
ac-v1-08510	MS-n4-wYYxYXy	ACP-005171	ms_expanded	T1_easy	10k_final	18	true	uncertified	291
ac-v1-08511	INTLB-b4-3288-0	ACP-039721	interleaved_b	T3_hard_solvable	100k	28	true		
ac-v1-08512	INTLB-b4-1635-1	ACP-041883	interleaved_b	T1_easy	10k_final	32	true		
ac-v1-08513	INTLB-b3t-137-0	ACP-045238	interleaved_b	T1_easy	10k_final	35	true		
ac-v1-08514	MS-n4-wXXYYxyxY	ACP-032158	ms_expanded	T4_frontier	100k	20	true		
ac-v1-08515	AUTH-19_14-k12-0	ACP-034586	aut_hard	T5_moonshot	100k	25	true		
ac-v1-08516	MS-n1-wXXXYYxxYxY	ACP-013568	ms_expanded	T1_easy	10k_final	16	true		
ac-v1-08517	MS-n9-wYxYXy	ACP-004860	ms_expanded	T4_frontier	100k	27	true		
ac-v1-08518	INTLB-b3t-497-0	ACP-040664	interleaved_b	T1_easy	10k_final	25	true		
ac-v1-08519	INTLB-b4-1211-1	ACP-040337	interleaved_b	T1_easy	10k_final	33	true		
ac-v1-08520	INTLB-b3t-362-1	ACP-041661	interleaved_b	T1_easy	10k_final	29	true		
ac-v1-08521	INTLB-b4-1-1	ACP-041575	interleaved_b	T0_warmup	10k_final	28	true		
ac-v1-08522	INTLB-b3t-710-0	ACP-039991	interleaved_b	T2_medium	100k	35	true		
ac-v1-08523	INTLB-b4-1960-1	ACP-042325	interleaved_b	T1_easy	10k_final	29	true		
ac-v1-08524	AUTH-15_4-k1-0	ACP-012507	aut_hard	T5_moonshot	100k	19	true		
ac-v1-08525	INTLB-b4-302-1	ACP-044426	interleaved_b	T3_hard_solvable	100k	31	true		
ac-v1-08526	INTLB-b4-1969-0	ACP-040219	interleaved_b	T3_hard_solvable	100k	33	true		
ac-v1-08527	MS-n10-wYYXyxy	ACP-014312	ms_expanded	T4_frontier	100k	30	true		
ac-v1-08528	INTLB-b4-3985-0	ACP-042683	interleaved_b	T3_hard_solvable	100k	22	true		
ac-v1-08529	INTLB-b3t-587-1	ACP-047194	interleaved_b	T1_easy	10k_final	33	true		
ac-v1-08530	INTLB-b4-2027-1	ACP-046874	interleaved_b	T2_medium	100k	24	true		
ac-v1-08531	MS-n8-wXXYxyyxy	ACP-036243	ms_expanded	T4_frontier	100k	28	true		
ac-v1-08532	INTLB-b3t-171-0	ACP-038099	interleaved_b	T1_easy	10k_final	25	true		
ac-v1-08533	INTLB-b3t-894-0	ACP-041443	interleaved_b	T1_easy	10k_final	27	true		
ac-v1-08534	INTLB-b4-2351-1	ACP-043287	interleaved_b	T2_medium	100k	31	true		
ac-v1-08535	MS-n8-wXXXYxxYxy	ACP-010919	ms_expanded	T4_frontier	100k	29	true		
ac-v1-08536	INTLB-b4-33-0	ACP-047229	interleaved_b	T2_medium	100k	26	true		
ac-v1-08537	MS-n7-wXXXYxyxxyy	ACP-015833	ms_expanded	T4_frontier	100k	28	true		
ac-v1-08538	MS-n4-wXYxYYY	ACP-018286	ms_expanded	T4_frontier	100k	18	true	open	487
ac-v1-08539	MS-n5-wXXXXYxxxxy	ACP-028373	ms_expanded	T4_frontier	100k	24	true		
ac-v1-08540	INTLB-b3t-800-1	ACP-037437	interleaved_b	T1_easy	10k_final	27	true		
ac-v1-08541	INTLB-b4-2670-1	ACP-040230	interleaved_b	T2_medium	100k	29	true		
ac-v1-08542	INTLB-b3t-679-1	ACP-046895	interleaved_b	T1_easy	10k_final	31	true		
ac-v1-08543	MS-n10-wXXYXYxxxy	ACP-019374	ms_expanded	T4_frontier	100k	33	true		
ac-v1-08544	INTLB-b4-1707-1	ACP-041235	interleaved_b	T1_easy	10k_final	29	true		
ac-v1-08545	AUTH-17_4-k1-3	ACP-013544	aut_hard	T5_moonshot	100k	23	true		
ac-v1-08546	AUTH-21_29-k0-0	ACP-005175	aut_hard	T5_moonshot	100k	21	true		
ac-v1-08547	INTLB-b4-1355-1	ACP-043927	interleaved_b	T3_hard_solvable	100k	32	true		
ac-v1-08548	INTLB-b4-1945-1	ACP-039753	interleaved_b	T1_easy	10k_final	27	true		
ac-v1-08549	INTLB-b4-145-1	ACP-039848	interleaved_b	T1_easy	10k_final	21	true		
ac-v1-08550	INTLB-b4-3034-0	ACP-043039	interleaved_b	T3_hard_solvable	100k	36	true		
ac-v1-08551	INTLB-b4-101-1	ACP-044047	interleaved_b	T2_medium	100k	30	true		
ac-v1-08552	INTLB-b4-104-1	ACP-037428	interleaved_b	T1_easy	10k_final	27	true		
ac-v1-08553	MS-n6-wXXYYYxxYY	ACP-005242	ms_expanded	T4_frontier	100k	25	true		
ac-v1-08554	MS-n10-wXXXYxyxyxY	ACP-003007	ms_expanded	T4_frontier	100k	34	true		
ac-v1-08555	MS-n7-wYXYYxYY	ACP-016938	ms_expanded	T4_frontier	100k	25	true	open	812
ac-v1-08556	AUTH-22_1-k1-2	ACP-034508	aut_hard	T5_moonshot	100k	22	true		
ac-v1-08557	INTLB-b4-2154-1	ACP-039519	interleaved_b	T1_easy	10k_final	29	true		
ac-v1-08558	AUTH-17_15-k1-2	ACP-026115	aut_hard	T5_moonshot	100k	23	true		
ac-v1-08559	INTLB-b4-584-1	ACP-037244	interleaved_b	T3_hard_solvable	100k	27	true		
ac-v1-08560	INTLB-b3t-383-0	ACP-042516	interleaved_b	T1_easy	10k_final	31	true		
ac-v1-08561	MS-n8-wXXYYxyxY	ACP-007940	ms_expanded	T4_frontier	100k	28	true		
ac-v1-08562	INTLB-b4-1431-1	ACP-044257	interleaved_b	T1_easy	10k_final	26	true		
ac-v1-08563	INTLB-b4-1648-0	ACP-040862	interleaved_b	T1_easy	10k_final	28	true		
ac-v1-08564	INTLB-b4-933-1	ACP-043053	interleaved_b	T2_medium	100k	29	true		
ac-v1-08565	MS-n2-wXXYYYxxYY	ACP-029317	ms_expanded	T4_frontier	100k	17	true		
ac-v1-08566	INTLB-b3t-886-1	ACP-037390	interleaved_b	T1_easy	10k_final	29	true		
ac-v1-08567	INTLB-b3t-442-0	ACP-040326	interleaved_b	T1_easy	10k_final	27	true		
ac-v1-08568	INTLB-b4-2836-1	ACP-040604	interleaved_b	T2_medium	100k	20	true		
ac-v1-08569	INTLB-b3t-660-1	ACP-039613	interleaved_b	T3_hard_solvable	100k	33	true		
ac-v1-08570	MS-n7-wYxyXy	ACP-023446	ms_expanded	T2_medium	100k	23	true	uncertified	98
ac-v1-08571	MS-n5-wyXyyxyy	ACP-010995	ms_expanded	T4_frontier	100k	21	true	open	663
ac-v1-08572	INTLB-b4-764-0	ACP-038274	interleaved_b	T2_medium	100k	24	true		
ac-v1-08573	INTLB-b4-3032-1	ACP-043247	interleaved_b	T2_medium	100k	29	true		
ac-v1-08574	INTLB-b4-1890-0	ACP-044060	interleaved_b	T1_easy	10k_final	30	true		
ac-v1-08575	MS-n5-wYYXYYxYYY	ACP-015531	ms_expanded	T1_easy	10k_final	23	true		
ac-v1-08576	INTLB-b3t-827-0	ACP-039924	interleaved_b	T1_easy	10k_final	26	true		
ac-v1-08577	MS-n10-wXXXYxxyyxy	ACP-035891	ms_expanded	T4_frontier	100k	34	true		
ac-v1-08578	INTLB-b4-1132-1	ACP-037450	interleaved_b	T1_easy	10k_final	29	true		
ac-v1-08579	INTLB-b3t-320-0	ACP-045487	interleaved_b	T1_easy	10k_final	34	true		
ac-v1-08580	MS-n7-wXYYYYYYYxY	ACP-015224	ms_expanded	T0_warmup	10k_final	28	true		
ac-v1-08581	INTLB-b3t-747-0	ACP-039737	interleaved_b	T1_easy	10k_final	17	true		
ac-v1-08582	INTLB-b3t-823-0	ACP-038657	interleaved_b	T1_easy	10k_final	33	true		
ac-v1-08583	INTLB-b4-1415-0	ACP-042589	interleaved_b	T1_easy	10k_final	25	true		
ac-v1-08584	INTLB-b4-3028-0	ACP-043929	interleaved_b	T3_hard_solvable	100k	33	true		
ac-v1-08585	MS-n4-wyXyxyyy	ACP-000495	ms_expanded	T4_frontier	100k	19	true	open	522
ac-v1-08586	INTLB-b4-1432-0	ACP-038171	interleaved_b	T1_easy	10k_final	25	true		
ac-v1-08587	MS-n6-wXyyyxYYY	ACP-026712	ms_expanded	T0_warmup	10k_final	24	true		
ac-v1-08588	INTLB-b4-1939-1	ACP-045971	interleaved_b	T2_medium	100k	29	true		
ac-v1-08589	MS-n3-wXXXYYxxyxy	ACP-013570	ms_expanded	T4_frontier	100k	20	true		
ac-v1-08590	INTLB-b4-483-0	ACP-046479	interleaved_b	T3_hard_solvable	100k	35	true		
ac-v1-08591	INTL-b2-171-0	ACP-025316	interleaved	T1_easy	10k_final	31	true		
ac-v1-08592	INTLB-b4-1137-0	ACP-046052	interleaved_b	T1_easy	10k_final	30	true		
ac-v1-08593	AUTH-18_8-k0-0	ACP-033915	aut_hard	T5_moonshot	100k	18	true		
ac-v1-08594	INTLB-b3t-928-1	ACP-041540	interleaved_b	T1_easy	10k_final	30	true		
ac-v1-08595	MS-n4-wXXXYYxxxy	ACP-002724	ms_expanded	T4_frontier	100k	21	true		
ac-v1-08596	AUTH-21_26-k1-2	ACP-014525	aut_hard	T5_moonshot	100k	21	true		
ac-v1-08597	INTLB-b3t-447-1	ACP-045451	interleaved_b	T1_easy	10k_final	33	true		
ac-v1-08598	INTLB-b3t-714-1	ACP-041082	interleaved_b	T1_easy	10k_final	20	true		
ac-v1-08599	INTLB-b4-1455-1	ACP-046116	interleaved_b	T1_easy	10k_final	32	true		
ac-v1-08600	INTL-b4-176-0	ACP-022699	interleaved	T1_easy	10k_final	20	true		
ac-v1-08601	INTLB-b3t-638-0	ACP-040695	interleaved_b	T1_easy	10k_final	29	true		
ac-v1-08602	INTLB-b4-1343-1	ACP-042766	interleaved_b	T2_medium	100k	30	true		
ac-v1-08603	INTLB-b4-1099-0	ACP-045041	interleaved_b	T2_medium	100k	33	true		
ac-v1-08604	MS-n8-wXXXXyxxxxy	ACP-028507	ms_expanded	T4_frontier	100k	30	true		
ac-v1-08605	INTLB-b3t-641-1	ACP-037617	interleaved_b	T1_easy	10k_final	29	true		
ac-v1-08606	MS-n4-wYYXYxYY	ACP-010370	ms_expanded	T4_frontier	100k	19	true	open	963
ac-v1-08607	INTLB-b3t-192-1	ACP-043775	interleaved_b	T1_easy	10k_final	33	true		
ac-v1-08608	MS-n5-wYYYYYXyxY	ACP-020598	ms_expanded	T1_easy	10k_final	23	true		
ac-v1-08609	MS-n3-wXXXYxYxyxy	ACP-009516	ms_expanded	T4_frontier	100k	20	true		
ac-v1-08610	MS-n9-wXXyyxxy	ACP-015479	ms_expanded	T4_frontier	100k	29	true		
ac-v1-08611	MS-n6-wYXyyyyxyy	ACP-022666	ms_expanded	T1_easy	10k_final	25	true		
ac-v1-08612	MS-n5-wXXYYxYxYY	ACP-003350	ms_expanded	T4_frontier	100k	23	true		
ac-v1-08613	INTLB-b4-1154-0	ACP-038141	interleaved_b	T1_easy	10k_final	29	true		
ac-v1-08614	INTLB-b4-1529-1	ACP-043249	interleaved_b	T1_easy	10k_final	25	true		
ac-v1-08615	INTLB-b4-2206-1	ACP-047078	interleaved_b	T2_medium	100k	35	true		
ac-v1-08616	INTLB-b3t-296-1	ACP-042561	interleaved_b	T1_easy	10k_final	30	true		
ac-v1-08617	MS-n7-wYxYYYYXy	ACP-016348	ms_expanded	T1_easy	10k_final	26	true		
ac-v1-08618	MS-n8-wXXyxyxy	ACP-000741	ms_expanded	T4_frontier	100k	27	true		
ac-v1-08619	INTLB-b4-1651-0	ACP-041053	interleaved_b	T1_easy	10k_final	19	true		
ac-v1-08620	MS-n2-wXXXyxxYxy	ACP-033839	ms_expanded	T4_frontier	100k	17	true		
ac-v1-08621	INTLB-b3t-837-1	ACP-044816	interleaved_b	T1_easy	10k_final	30	true		
ac-v1-08622	INTLB-b4-3578-1	ACP-041341	interleaved_b	T2_medium	100k	30	true		
ac-v1-08623	MS-n5-wYYYXYYxYYY	ACP-011574	ms_expanded	T1_easy	10k_final	24	true		
ac-v1-08624	INTLB-b4-2595-1	ACP-043647	interleaved_b	T2_medium	100k	36	true		
ac-v1-08625	INTLB-b4-3058-0	ACP-043481	interleaved_b	T2_medium	100k	29	true		
ac-v1-08626	INTL-b2-104-0	ACP-005867	interleaved	T1_easy	10k_final	33	true		
ac-v1-08627	AUTH-18_9-k0-0	ACP-022871	aut_hard	T5_moonshot	100k	18	true		
ac-v1-08628	MS-n8-wXXyxxY	ACP-002500	ms_expanded	T4_frontier	100k	26	true		
ac-v1-08629	INTLB-b4-1556-1	ACP-041718	interleaved_b	T2_medium	100k	24	true		
ac-v1-08630	INTL-b2-71-0	ACP-027432	interleaved	T1_easy	10k_final	17	true		
ac-v1-08631	INTLB-b4-1795-1	ACP-045315	interleaved_b	T3_hard_solvable	100k	32	true		
ac-v1-08632	INTLB-b4-2432-0	ACP-042361	interleaved_b	T3_hard_solvable	100k	26	true		
ac-v1-08633	INTLB-b3t-348-1	ACP-040285	interleaved_b	T1_easy	10k_final	35	true		
ac-v1-08634	MS-n5-wYYxYYYXy	ACP-006105	ms_expanded	T1_easy	10k_final	22	true		
ac-v1-08635	INTLB-b3t-805-1	ACP-041819	interleaved_b	T1_easy	10k_final	27	true		
ac-v1-08636	MS-n7-wXXXYxYxyxY	ACP-026329	ms_expanded	T4_frontier	100k	28	true		
ac-v1-08637	INTLB-b4-1925-1	ACP-040554	interleaved_b	T3_hard_solvable	100k	35	true		
ac-v1-08638	INTLB-b4-1265-0	ACP-040046	interleaved_b	T1_easy	10k_final	25	true		
ac-v1-08639	MS-n8-wYXYYYYxy	ACP-007549	ms_expanded	T2_medium	100k	28	true		
ac-v1-08640	INTLB-b4-515-0	ACP-039747	interleaved_b	T2_medium	100k	32	true		
ac-v1-08641	INTLB-b4-143-1	ACP-046925	interleaved_b	T1_easy	10k_final	35	true		
ac-v1-08642	INTL-b4-164-0	ACP-031995	interleaved	T2_medium	100k	31	true		
ac-v1-08643	INTLB-b4-635-0	ACP-037993	interleaved_b	T3_hard_solvable	100k	31	true		
ac-v1-08644	INTLB-b4-158-0	ACP-038244	interleaved_b	T2_medium	100k	30	true		
ac-v1-08645	AUTH-21_31-k1-0	ACP-029107	aut_hard	T5_moonshot	100k	21	true		
ac-v1-08646	MS-n5-wXYxyyy	ACP-037086	ms_expanded	T0_warmup	10k_final	20	true	uncertified	460
ac-v1-08647	MS-n2-wXYXyyyyxxy	ACP-015900	ms_expanded	T1_easy	10k_final	18	true		
ac-v1-08648	MS-n4-wXXyxxYY	ACP-005714	ms_expanded	T5_moonshot	100k	19	false	open	1012
ac-v1-08649	MS-n1-wXyXyyyxxY	ACP-004677	ms_expanded	T1_easy	10k_final	15	true		
ac-v1-08650	MS-n7-wYXYYYxy	ACP-009894	ms_expanded	T4_frontier	100k	25	true	open	819
ac-v1-08651	MS-n2-wXYYYxY	ACP-024352	ms_expanded	T1_easy	10k_final	14	true	uncertified	387
ac-v1-08652	MS-n10-wXYYYYYxyyy	ACP-034103	ms_expanded	T1_easy	10k_final	34	true		
ac-v1-08653	INTLB-b4-706-0	ACP-041126	interleaved_b	T2_medium	100k	29	true		
ac-v1-08654	INTLB-b4-1290-1	ACP-045149	interleaved_b	T1_easy	10k_final	28	true		
ac-v1-08655	INTLB-b4-1427-1	ACP-041673	interleaved_b	T1_easy	10k_final	31	true		
ac-v1-08656	MS-n4-wYYYXYxy	ACP-021303	ms_expanded	T1_easy	10k_final	19	true	uncertified	1180
ac-v1-08657	INTLB-b3t-700-0	ACP-045307	interleaved_b	T3_hard_solvable	100k	26	true		
ac-v1-08658	MS-n3-wXXYxyxyy	ACP-003379	ms_expanded	T4_frontier	100k	18	true		
ac-v1-08659	INTLB-b4-2082-1	ACP-038468	interleaved_b	T1_easy	10k_final	23	true		
ac-v1-08660	INTLB-b4-783-1	ACP-042615	interleaved_b	T3_hard_solvable	100k	31	true		
ac-v1-08661	INTLB-b4-498-1	ACP-044734	interleaved_b	T2_medium	100k	30	true		
ac-v1-08662	MS-n7-wXXyxxY	ACP-013948	ms_expanded	T5_moonshot	100k	24	true	open	420
ac-v1-08663	INTLB-b4-855-0	ACP-040204	interleaved_b	T2_medium	100k	31	true		
ac-v1-08664	INTLB-b4-1420-1	ACP-041981	interleaved_b	T2_medium	100k	24	true		
ac-v1-08665	MS-n6-wYXYYxY	ACP-002342	ms_expanded	T4_frontier	100k	22	true	open	503
ac-v1-08666	INTLB-b4-2089-1	ACP-046652	interleaved_b	T1_easy	10k_final	30	true		
ac-v1-08667	MS-n10-wXXyxyxYY	ACP-001343	ms_expanded	T4_frontier	100k	32	true		
ac-v1-08668	MS-n3-wXXyxYxyy	ACP-015009	ms_expanded	T4_frontier	100k	18	true		
ac-v1-08669	AUTH-23_24-k12-1	ACP-014033	aut_hard	T5_moonshot	100k	39	true		
ac-v1-08670	MS-n9-wXYXyxxy	ACP-023521	ms_expanded	T4_frontier	100k	29	true		
ac-v1-08671	MS-n9-wYYYYYYY	ACP-033891	ms_expanded	T0_warmup	10k_final	29	true		
ac-v1-08672	INTLB-b3t-768-1	ACP-043542	interleaved_b	T1_easy	10k_final	33	true		
ac-v1-08673	INTLB-b4-3001-0	ACP-038683	interleaved_b	T2_medium	100k	29	true		
ac-v1-08674	INTL-b3-149-0	ACP-025479	interleaved	T1_easy	10k_final	29	true		
ac-v1-08675	INTLB-b3t-217-0	ACP-043466	interleaved_b	T1_easy	10k_final	19	true		
ac-v1-08676	MS-n5-wXyyyxy	ACP-022550	ms_expanded	T4_frontier	100k	20	true	open	383
ac-v1-08677	INTLB-b4-2059-0	ACP-039514	interleaved_b	T1_easy	10k_final	35	true		
ac-v1-08678	INTL-b4-196-1	ACP-001621	interleaved	T1_easy	10k_final	29	true		
ac-v1-08679	INTLB-b4-1558-0	ACP-037598	interleaved_b	T2_medium	100k	21	true		
ac-v1-08680	MS-n5-wXXXyxxYxy	ACP-000636	ms_expanded	T4_frontier	100k	23	true		
ac-v1-08681	MS-n8-wXXXYxyxyxy	ACP-010998	ms_expanded	T4_frontier	100k	30	true		
ac-v1-08682	AUTH-25_27-k1-1	ACP-021883	aut_hard	T5_moonshot	100k	25	true		
ac-v1-08683	AUTH-24_2-k1-1	ACP-004750	aut_hard	T5_moonshot	100k	27	true		
ac-v1-08684	INTLB-b4-1482-0	ACP-046348	interleaved_b	T1_easy	10k_final	32	true		
ac-v1-08685	AUTH-23_2-k1-0	ACP-015476	aut_hard	T5_moonshot	100k	23	true		
ac-v1-08686	INTL-b2-116-0	ACP-000174	interleaved	T1_easy	10k_final	30	true		
ac-v1-08687	INTLB-b3t-239-1	ACP-042622	interleaved_b	T1_easy	10k_final	30	true		
ac-v1-08688	INTLB-b3t-416-1	ACP-042502	interleaved_b	T1_easy	10k_final	27	true		
ac-v1-08689	MS-n5-wYXYXYxyxY	ACP-031508	ms_expanded	T5_moonshot	100k	23	true		
ac-v1-08690	AUTH-23_8-k1-2	ACP-025669	aut_hard	T5_moonshot	100k	33	true		
ac-v1-08691	INTLB-b4-524-0	ACP-037311	interleaved_b	T3_hard_solvable	100k	34	true		
ac-v1-08692	MS-n3-wXyyyyxy	ACP-016132	ms_expanded	T5_moonshot	10k_final	17	false	open	584
ac-v1-08693	INTLB-b3t-875-1	ACP-044901	interleaved_b	T1_easy	10k_final	29	true		
ac-v1-08694	MS-n7-wYXYxyyy	ACP-022019	ms_expanded	T4_frontier	100k	25	true	open	1176
ac-v1-08695	MS-n8-wXyyxY	ACP-003935	ms_expanded	T4_frontier	100k	25	true		
ac-v1-08696	INTLB-b4-150-0	ACP-040009	interleaved_b	T1_easy	10k_final	25	true		
ac-v1-08697	INTL-b4-145-0	ACP-006592	interleaved	T1_easy	10k_final	29	true		
ac-v1-08698	INTLB-b4-2226-0	ACP-043446	interleaved_b	T2_medium	100k	31	true		
ac-v1-08699	INTLB-b4-1317-0	ACP-044821	interleaved_b	T1_easy	10k_final	30	true		
ac-v1-08700	INTLB-b4-1620-1	ACP-039164	interleaved_b	T1_easy	10k_final	29	true		
ac-v1-08701	INTLB-b4-9-1	ACP-044531	interleaved_b	T2_medium	100k	36	true		
ac-v1-08702	INTL-b1-1-0	ACP-011714	interleaved	T0_warmup	10k_final	19	true		
ac-v1-08703	INTLB-b4-1729-0	ACP-037293	interleaved_b	T1_easy	10k_final	23	true		
ac-v1-08704	INTLB-b3t-875-0	ACP-041058	interleaved_b	T1_easy	10k_final	19	true		
ac-v1-08705	MS-n2-wXXYYxYYxY	ACP-036939	ms_expanded	T1_easy	10k_final	17	true		
ac-v1-08706	INTLB-b3t-529-0	ACP-040258	interleaved_b	T1_easy	10k_final	33	true		
ac-v1-08707	AUTH-19_21-k1-0	ACP-004166	aut_hard	T5_moonshot	100k	27	true		
ac-v1-08708	MS-n9-wYXYxy	ACP-036033	ms_expanded	T2_medium	100k	27	true		
ac-v1-08709	INTLB-b3t-171-1	ACP-040069	interleaved_b	T1_easy	10k_final	33	true		
ac-v1-08710	MS-n9-wXXXYxxyxYY	ACP-007680	ms_expanded	T4_frontier	100k	32	true		
ac-v1-08711	INTLB-b4-3032-0	ACP-040472	interleaved_b	T2_medium	100k	29	true		
ac-v1-08712	INTLB-b4-2002-0	ACP-046032	interleaved_b	T1_easy	10k_final	29	true		
ac-v1-08713	MS-n8-wXyXYxxy	ACP-001453	ms_expanded	T4_frontier	100k	27	true		
ac-v1-08714	INTLB-b4-1720-0	ACP-037637	interleaved_b	T2_medium	100k	29	true		
ac-v1-08715	INTLB-b4-242-0	ACP-040764	interleaved_b	T2_medium	100k	35	true		
ac-v1-08716	INTLB-b3t-335-0	ACP-042332	interleaved_b	T1_easy	10k_final	27	true		
ac-v1-08717	INTLB-b4-1889-1	ACP-037446	interleaved_b	T1_easy	10k_final	31	true		
ac-v1-08718	INTLB-b4-1293-1	ACP-043277	interleaved_b	T2_medium	100k	30	true		
ac-v1-08719	MS-n6-wYYYXYYxyyy	ACP-036950	ms_expanded	T1_easy	10k_final	26	true		
ac-v1-08720	INTLB-b3t-516-1	ACP-045704	interleaved_b	T1_easy	10k_final	27	true		
ac-v1-08721	MS-n7-wXyxxyXY	ACP-014198	ms_expanded	T5_moonshot	100k	25	false	open	994
ac-v1-08722	INTLB-b4-97-1	ACP-046962	interleaved_b	T3_hard_solvable	100k	31	true		
ac-v1-08723	MS-n7-wXXYXYxxxy	ACP-022343	ms_expanded	T4_frontier	100k	27	true		
ac-v1-08724	AUTH-25_22-k1-0	ACP-029115	aut_hard	T5_moonshot	100k	32	true		
ac-v1-08725	MS-n3-wXXyyxyxy	ACP-030106	ms_expanded	T4_frontier	100k	18	true		
ac-v1-08726	INTLB-b3t-867-1	ACP-039999	interleaved_b	T1_easy	10k_final	33	true		
ac-v1-08727	INTLB-b4-1119-0	ACP-040970	interleaved_b	T1_easy	10k_final	17	true		
ac-v1-08728	MS-n4-wYYXYxy	ACP-012404	ms_expanded	T1_easy	10k_final	18	true	uncertified	319
ac-v1-08729	INTLB-b3t-313-1	ACP-044897	interleaved_b	T1_easy	10k_final	35	true		
ac-v1-08730	INTLB-b3t-639-0	ACP-039079	interleaved_b	T1_easy	10k_final	32	true		
ac-v1-08731	INTLB-b4-559-0	ACP-040713	interleaved_b	T3_hard_solvable	100k	25	true		
ac-v1-08732	AUTH-19_22-k1-0	ACP-008355	aut_hard	T5_moonshot	100k	27	true		
ac-v1-08733	INTLB-b4-1584-1	ACP-041458	interleaved_b	T1_easy	10k_final	35	true		
ac-v1-08734	MS-n9-wXXYxxyyy	ACP-021558	ms_expanded	T4_frontier	100k	30	true		
ac-v1-08735	INTLB-b4-618-1	ACP-047127	interleaved_b	T2_medium	100k	33	true		
ac-v1-08736	INTLB-b4-285-0	ACP-043885	interleaved_b	T2_medium	100k	26	true		
ac-v1-08737	INTLB-b4-1020-0	ACP-044154	interleaved_b	T1_easy	10k_final	31	true		
ac-v1-08738	INTLB-b3t-592-1	ACP-045299	interleaved_b	T1_easy	10k_final	28	true		
ac-v1-08739	INTLB-b4-2655-0	ACP-041865	interleaved_b	T2_medium	100k	27	true		
ac-v1-08740	MS-n9-wXXYXyxxxy	ACP-031543	ms_expanded	T4_frontier	100k	31	true		
ac-v1-08741	INTLB-b4-516-0	ACP-046358	interleaved_b	T2_medium	100k	34	true		
ac-v1-08742	INTLB-b4-1747-0	ACP-039151	interleaved_b	T1_easy	10k_final	25	true		
ac-v1-08743	INTLB-b3t-438-1	ACP-043177	interleaved_b	T1_easy	10k_final	29	true		
ac-v1-08744	INTLB-b4-641-1	ACP-040605	interleaved_b	T3_hard_solvable	100k	33	true		
ac-v1-08745	INTLB-b4-2418-0	ACP-037730	interleaved_b	T2_medium	100k	33	true		
ac-v1-08746	INTLB-b4-1390-0	ACP-044417	interleaved_b	T1_easy	10k_final	33	true		
ac-v1-08747	INTLB-b4-134-1	ACP-041362	interleaved_b	T3_hard_solvable	100k	34	true		
ac-v1-08748	INTLB-b4-1062-0	ACP-042021	interleaved_b	T1_easy	10k_final	33	true		
ac-v1-08749	INTLB-b4-1466-1	ACP-037734	interleaved_b	T2_medium	100k	33	true		
ac-v1-08750	INTLB-b3t-395-1	ACP-039061	interleaved_b	T1_easy	10k_final	31	true		
ac-v1-08751	INTLB-b3t-221-0	ACP-043860	interleaved_b	T3_hard_solvable	100k	33	true		
ac-v1-08752	INTLB-b4-1050-0	ACP-039495	interleaved_b	T1_easy	10k_final	27	true		
ac-v1-08753	INTLB-b4-378-0	ACP-040765	interleaved_b	T2_medium	100k	36	true		
ac-v1-08754	INTLB-b4-1960-0	ACP-039255	interleaved_b	T1_easy	10k_final	31	true		
ac-v1-08755	MS-n3-wXXXYYYxxxY	ACP-011965	ms_expanded	T4_frontier	100k	20	true		
ac-v1-08756	MS-n4-wYXyyxYYYY	ACP-021856	ms_expanded	T1_easy	10k_final	21	true		
ac-v1-08757	MS-n8-wXYYxyy	ACP-018719	ms_expanded	T1_easy	10k_final	26	true		
ac-v1-08758	MS-n5-wXXYxyxyy	ACP-027568	ms_expanded	T4_frontier	100k	22	true		
ac-v1-08759	AUTH-20_7-k0-0	ACP-008738	aut_hard	T5_moonshot	100k	20	true		
ac-v1-08760	INTLB-b4-768-1	ACP-044415	interleaved_b	T3_hard_solvable	100k	34	true		
ac-v1-08761	MS-n4-wXYXyxxy	ACP-031468	ms_expanded	T5_moonshot	100k	19	false	open	1005
ac-v1-08762	INTLB-b4-529-1	ACP-039448	interleaved_b	T2_medium	100k	27	true		
ac-v1-08763	INTLB-b4-2000-1	ACP-040196	interleaved_b	T3_hard_solvable	100k	31	true		
ac-v1-08764	INTLB-b4-1493-0	ACP-038026	interleaved_b	T2_medium	100k	30	true		
ac-v1-08765	AUTH-15_5-k1-0	ACP-020947	aut_hard	T5_moonshot	100k	17	true		
ac-v1-08766	INTLB-b4-3609-1	ACP-044379	interleaved_b	T2_medium	100k	33	true		
ac-v1-08767	INTLB-b4-528-1	ACP-041841	interleaved_b	T2_medium	100k	30	true		
ac-v1-08768	MS-n7-wXYYxYYY	ACP-004449	ms_expanded	T4_frontier	100k	25	true	open	868
ac-v1-08769	INTLB-b3t-650-0	ACP-044053	interleaved_b	T1_easy	10k_final	34	true		
ac-v1-08770	INTLB-b4-1420-0	ACP-041315	interleaved_b	T3_hard_solvable	100k	30	true		
ac-v1-08771	INTLB-b3t-625-1	ACP-043951	interleaved_b	T1_easy	10k_final	25	true		
ac-v1-08772	INTLB-b4-3292-1	ACP-039558	interleaved_b	T3_hard_solvable	100k	29	true		
ac-v1-08773	MS-n10-wXyyyyyxY	ACP-000765	ms_expanded	T2_medium	100k	32	true		
ac-v1-08774	INTLB-b4-2970-0	ACP-039616	interleaved_b	T2_medium	100k	31	true		
ac-v1-08775	INTLB-b4-1723-0	ACP-047079	interleaved_b	T1_easy	10k_final	18	true		
ac-v1-08776	INTLB-b3t-858-1	ACP-045367	interleaved_b	T1_easy	10k_final	26	true		
ac-v1-08777	INTLB-b3t-605-1	ACP-043216	interleaved_b	T1_easy	10k_final	33	true		
ac-v1-08778	INTLB-b3t-366-0	ACP-039180	interleaved_b	T1_easy	10k_final	36	true		
ac-v1-08779	MS-n7-wXXXyxxyxy	ACP-026097	ms_expanded	T4_frontier	100k	27	true		
ac-v1-08780	INTLB-b4-1229-1	ACP-040838	interleaved_b	T1_easy	10k_final	26	true		
ac-v1-08781	MS-n2-wXXXXYxxxxY	ACP-015825	ms_expanded	T4_frontier	100k	18	true		
ac-v1-08782	INTLB-b4-1418-0	ACP-041391	interleaved_b	T2_medium	100k	28	true		
ac-v1-08783	MS-n8-wXXXYxYxxY	ACP-018600	ms_expanded	T4_frontier	100k	29	true		
ac-v1-08784	AUTH-25_6-k1-2	ACP-032149	aut_hard	T5_moonshot	100k	37	true		
ac-v1-08785	MS-n7-wYxYYYYXyyy	ACP-011572	ms_expanded	T1_easy	10k_final	28	true		
ac-v1-08786	INTLB-b4-2603-1	ACP-041958	interleaved_b	T2_medium	100k	31	true		
ac-v1-08787	INTLB-b4-557-1	ACP-038921	interleaved_b	T3_hard_solvable	100k	29	true		
ac-v1-08788	INTL-b4-213-0	ACP-031704	interleaved	T1_easy	10k_final	33	true		
ac-v1-08789	MS-n5-wYYXyxY	ACP-000350	ms_expanded	T1_easy	10k_final	20	true	uncertified	432
ac-v1-08790	MS-n6-wYYXYYYYxYY	ACP-000799	ms_expanded	T1_easy	10k_final	26	true		
ac-v1-08791	INTLB-b4-1661-1	ACP-041801	interleaved_b	T3_hard_solvable	100k	31	true		
ac-v1-08792	INTLB-b3t-276-1	ACP-041096	interleaved_b	T1_easy	10k_final	26	true		
ac-v1-08793	INTLB-b4-1671-1	ACP-042896	interleaved_b	T2_medium	100k	34	true		
ac-v1-08794	MS-n5-wXXYxxyy	ACP-029843	ms_expanded	T4_frontier	100k	21	true	open	929
ac-v1-08795	INTLB-b4-2433-1	ACP-043610	interleaved_b	T3_hard_solvable	100k	31	true		
ac-v1-08796	MS-n6-wXXyyyxxy	ACP-031838	ms_expanded	T4_frontier	100k	24	true		
ac-v1-08797	INTLB-b4-2770-0	ACP-037344	interleaved_b	T2_medium	100k	32	true		
ac-v1-08798	INTL-b4-241-0	ACP-020534	interleaved	T3_hard_solvable	100k	20	true		
ac-v1-08799	INTL-b4-200-0	ACP-002304	interleaved	T1_easy	10k_final	19	true		
ac-v1-08800	INTLB-b4-740-0	ACP-046833	interleaved_b	T2_medium	100k	27	true		
ac-v1-08801	MS-n9-wXXYxYxY	ACP-030888	ms_expanded	T4_frontier	100k	29	true		
ac-v1-08802	INTLB-b4-3845-1	ACP-042983	interleaved_b	T3_hard_solvable	100k	31	true		
ac-v1-08803	INTLB-b4-2636-1	ACP-041464	interleaved_b	T2_medium	100k	20	true		
ac-v1-08804	INTLB-b4-1501-1	ACP-042470	interleaved_b	T1_easy	10k_final	27	true		
ac-v1-08805	INTLB-b4-1740-1	ACP-045321	interleaved_b	T1_easy	10k_final	22	true		
ac-v1-08806	INTL-b2-73-0	ACP-025048	interleaved	T1_easy	10k_final	35	true		
ac-v1-08807	AUTH-15_5-k1-3	ACP-003273	aut_hard	T5_moonshot	100k	15	true		
ac-v1-08808	MS-n3-wXXXYxYxxyy	ACP-034170	ms_expanded	T4_frontier	100k	20	true		
ac-v1-08809	INTLB-b4-508-1	ACP-043594	interleaved_b	T2_medium	100k	36	true		
ac-v1-08810	MS-n6-wYYXyxY	ACP-026319	ms_expanded	T1_easy	10k_final	22	true	uncertified	433
ac-v1-08811	INTLB-b3t-465-1	ACP-041917	interleaved_b	T1_easy	10k_final	35	true		
ac-v1-08812	INTL-b4-198-1	ACP-017901	interleaved	T1_easy	10k_final	21	true		
ac-v1-08813	INTLB-b3t-938-0	ACP-042214	interleaved_b	T1_easy	10k_final	19	true		
ac-v1-08814	AUTH-17_13-k1-3	ACP-007372	aut_hard	T5_moonshot	100k	17	true		
ac-v1-08815	INTLB-b3t-837-0	ACP-041456	interleaved_b	T1_easy	10k_final	31	true		
ac-v1-08816	INTLB-b4-2634-0	ACP-045757	interleaved_b	T2_medium	100k	25	true		
ac-v1-08817	INTLB-b3t-728-0	ACP-046245	interleaved_b	T1_easy	10k_final	25	true		
ac-v1-08818	INTLB-b4-1707-0	ACP-044067	interleaved_b	T1_easy	10k_final	30	true		
ac-v1-08819	INTLB-b4-2657-0	ACP-045121	interleaved_b	T2_medium	100k	26	true		
ac-v1-08820	MS-n3-wXyxxYXy	ACP-027693	ms_expanded	T5_moonshot	100k	17	false	open	1018
ac-v1-08821	INTLB-b4-3208-1	ACP-042296	interleaved_b	T2_medium	100k	23	true		
ac-v1-08822	MS-n9-wXYXYYxxY	ACP-003959	ms_expanded	T4_frontier	100k	30	true		
ac-v1-08823	INTL-b3-128-1	ACP-009544	interleaved	T1_easy	10k_final	33	true		
ac-v1-08824	INTLB-b3t-291-1	ACP-044977	interleaved_b	T1_easy	10k_final	19	true		
ac-v1-08825	INTLB-b3t-181-0	ACP-038424	interleaved_b	T1_easy	10k_final	28	true		
ac-v1-08826	INTLB-b4-1501-0	ACP-043045	interleaved_b	T2_medium	100k	32	true		
ac-v1-08827	INTLB-b4-1370-0	ACP-047125	interleaved_b	T1_easy	10k_final	26	true		
ac-v1-08828	AUTH-17_25-k1-2	ACP-012887	aut_hard	T5_moonshot	100k	23	true		
ac-v1-08829	AUTH-16_9-k0-0	ACP-034286	aut_hard	T5_moonshot	100k	16	true		
ac-v1-08830	MS-n10-wXXYxyxY	ACP-003404	ms_expanded	T4_frontier	100k	31	true		
ac-v1-08831	AUTH-21_8-k1-1	ACP-015353	aut_hard	T5_moonshot	100k	21	true		
ac-v1-08832	INTLB-b3t-840-1	ACP-040353	interleaved_b	T1_easy	10k_final	22	true		
ac-v1-08833	INTLB-b4-36-0	ACP-046407	interleaved_b	T2_medium	100k	30	true		
ac-v1-08834	INTLB-b4-213-0	ACP-039243	interleaved_b	T1_easy	10k_final	27	true		
ac-v1-08835	INTLB-b3t-651-0	ACP-040224	interleaved_b	T1_easy	10k_final	33	true		
ac-v1-08836	INTLB-b4-3325-0	ACP-043982	interleaved_b	T3_hard_solvable	100k	30	true		
ac-v1-08837	MS-n9-wXYxyyy	ACP-016119	ms_expanded	T4_frontier	100k	28	true		
ac-v1-08838	MS-n6-wXXXXyxxxxY	ACP-032355	ms_expanded	T4_frontier	100k	26	true		
ac-v1-08839	INTLB-b4-188-0	ACP-044401	interleaved_b	T1_easy	10k_final	33	true		
ac-v1-08840	INTLB-b4-1650-1	ACP-038688	interleaved_b	T1_easy	10k_final	29	true		
ac-v1-08841	INTLB-b4-3291-0	ACP-042674	interleaved_b	T3_hard_solvable	100k	20	true		
ac-v1-08842	INTLB-b3t-399-0	ACP-043286	interleaved_b	T1_easy	10k_final	36	true		
ac-v1-08843	INTLB-b3t-658-1	ACP-042278	interleaved_b	T1_easy	10k_final	35	true		
ac-v1-08844	INTLB-b4-1392-1	ACP-038561	interleaved_b	T3_hard_solvable	100k	35	true		
ac-v1-08845	INTLB-b4-1269-1	ACP-044020	interleaved_b	T1_easy	10k_final	31	true		
ac-v1-08846	INTLB-b3t-352-1	ACP-041079	interleaved_b	T1_easy	10k_final	29	true		
ac-v1-08847	MS-n7-wYYxyyXy	ACP-019787	ms_expanded	T2_medium	100k	25	true	uncertified	1134
ac-v1-08848	AUTH-23_14-k1-0	ACP-031624	aut_hard	T5_moonshot	100k	33	true		
ac-v1-08849	INTL-b3-147-0	ACP-028605	interleaved	T1_easy	10k_final	21	true		
ac-v1-08850	AUTH-19_27-k0-0	ACP-003628	aut_hard	T5_moonshot	100k	19	true		
ac-v1-08851	INTL-b3-153-0	ACP-026687	interleaved	T1_easy	10k_final	19	true		
ac-v1-08852	INTLB-b4-480-1	ACP-047146	interleaved_b	T2_medium	100k	33	true		
ac-v1-08853	INTLB-b4-1428-1	ACP-043188	interleaved_b	T2_medium	100k	32	true		
ac-v1-08854	INTLB-b4-2006-1	ACP-040438	interleaved_b	T1_easy	10k_final	33	true		
ac-v1-08855	INTLB-b4-292-0	ACP-043230	interleaved_b	T3_hard_solvable	100k	18	true		
ac-v1-08856	INTLB-b4-2667-1	ACP-044775	interleaved_b	T3_hard_solvable	100k	34	true		
ac-v1-08857	INTLB-b4-2419-1	ACP-039358	interleaved_b	T3_hard_solvable	100k	31	true		
ac-v1-08858	INTLB-b3t-35-0	ACP-046495	interleaved_b	T1_easy	10k_final	25	true		
ac-v1-08859	AUTH-21_18-k1-1	ACP-030650	aut_hard	T5_moonshot	100k	21	true		
ac-v1-08860	INTLB-b4-3290-1	ACP-044895	interleaved_b	T3_hard_solvable	100k	29	true		
ac-v1-08861	INTLB-b4-1499-1	ACP-038569	interleaved_b	T1_easy	10k_final	29	true		
ac-v1-08862	INTLB-b4-1081-0	ACP-044848	interleaved_b	T1_easy	10k_final	33	true		
ac-v1-08863	AUTH-18_2-k1-3	ACP-034243	aut_hard	T5_moonshot	100k	25	true		
ac-v1-08864	INTLB-b4-129-0	ACP-039272	interleaved_b	T3_hard_solvable	100k	35	true		
ac-v1-08865	INTLB-b3t-589-0	ACP-043109	interleaved_b	T1_easy	10k_final	31	true		
ac-v1-08866	INTLB-b3t-702-0	ACP-039663	interleaved_b	T3_hard_solvable	100k	28	true		
ac-v1-08867	AUTH-25_29-k1-0	ACP-029402	aut_hard	T5_moonshot	100k	37	true		
ac-v1-08868	INTLB-b4-2153-0	ACP-040588	interleaved_b	T3_hard_solvable	100k	28	true		
ac-v1-08869	MS-n3-wXXyyxyxY	ACP-010604	ms_expanded	T4_frontier	100k	18	true		
ac-v1-08870	AUTH-18_4-k1-0	ACP-011366	aut_hard	T5_moonshot	100k	19	true		
ac-v1-08871	MS-n2-wXXXYYxxYxy	ACP-001122	ms_expanded	T4_frontier	100k	18	true		
ac-v1-08872	MS-n8-wYXyyyyxy	ACP-030697	ms_expanded	T2_medium	100k	28	true		
ac-v1-08873	MS-n7-wXXXYxxyxyy	ACP-007663	ms_expanded	T4_frontier	100k	28	true		
ac-v1-08874	MS-n3-wXyXyyyxxy	ACP-004129	ms_expanded	T1_easy	10k_final	19	true		
ac-v1-08875	INTLB-b3t-467-1	ACP-046414	interleaved_b	T1_easy	10k_final	32	true		
ac-v1-08876	INTLB-b4-1241-1	ACP-037869	interleaved_b	T1_easy	10k_final	23	true		
ac-v1-08877	INTLB-b3t-582-0	ACP-045049	interleaved_b	T1_easy	10k_final	25	true		
ac-v1-08878	MS-n9-wXXyxyxYY	ACP-000360	ms_expanded	T4_frontier	100k	30	true		
ac-v1-08879	MS-n7-wXXyyxyxY	ACP-023594	ms_expanded	T4_frontier	100k	26	true		
ac-v1-08880	INTLB-b4-332-1	ACP-043451	interleaved_b	T2_medium	100k	31	true		
ac-v1-08881	INTLB-b4-1329-1	ACP-039570	interleaved_b	T1_easy	10k_final	32	true		
ac-v1-08882	MS-n3-wYxYXyyy	ACP-007732	ms_expanded	T5_moonshot	10k_final	17	false	open	647
ac-v1-08883	INTLB-b4-1274-0	ACP-040367	interleaved_b	T1_easy	10k_final	31	true		
ac-v1-08884	INTLB-b4-606-1	ACP-045310	interleaved_b	T3_hard_solvable	100k	29	true		
ac-v1-08885	INTL-b4-156-1	ACP-035752	interleaved	T1_easy	10k_final	27	true		
ac-v1-08886	INTLB-b4-1121-0	ACP-043909	interleaved_b	T1_easy	10k_final	25	true		
ac-v1-08887	INTLB-b4-2616-0	ACP-038162	interleaved_b	T2_medium	100k	35	true		
ac-v1-08888	AUTH-21_7-k1-0	ACP-018288	aut_hard	T5_moonshot	100k	26	true		
ac-v1-08889	INTLB-b4-1690-1	ACP-042619	interleaved_b	T3_hard_solvable	100k	26	true		
ac-v1-08890	INTLB-b3t-304-0	ACP-037319	interleaved_b	T1_easy	10k_final	36	true		
ac-v1-08891	MS-n9-wYXyyxY	ACP-003160	ms_expanded	T4_frontier	100k	28	true		
ac-v1-08892	MS-n2-wXYXYxxY	ACP-012680	ms_expanded	T5_moonshot	10k_final	15	false	open	905
ac-v1-08893	INTLB-b4-2052-0	ACP-039289	interleaved_b	T1_easy	10k_final	36	true		
ac-v1-08894	MS-n7-wXYYxYY	ACP-010322	ms_expanded	T4_frontier	100k	24	true	open	343
ac-v1-08895	MS-n7-wXXXYxxYxY	ACP-026740	ms_expanded	T4_frontier	100k	27	true		
ac-v1-08896	INTLB-b4-1447-0	ACP-039487	interleaved_b	T2_medium	100k	32	true		
ac-v1-08897	INTLB-b3t-601-0	ACP-040027	interleaved_b	T1_easy	10k_final	27	true		
ac-v1-08898	MS-n9-wXXYxyyxY	ACP-012021	ms_expanded	T4_frontier	100k	30	true		
ac-v1-08899	INTLB-b4-2199-1	ACP-046270	interleaved_b	T3_hard_solvable	100k	34	true		
ac-v1-08900	INTLB-b3t-772-0	ACP-037349	interleaved_b	T1_easy	10k_final	17	true		
ac-v1-08901	INTLB-b3t-472-1	ACP-046845	interleaved_b	T2_medium	100k	31	true		
ac-v1-08902	MS-n10-wXXYxyyxy	ACP-006116	ms_expanded	T4_frontier	100k	32	true		
ac-v1-08903	INTLB-b4-1798-1	ACP-044396	interleaved_b	T1_easy	10k_final	34	true		
ac-v1-08904	INTLB-b4-1819-1	ACP-042163	interleaved_b	T3_hard_solvable	100k	30	true		
ac-v1-08905	INTLB-b4-101-0	ACP-037866	interleaved_b	T3_hard_solvable	100k	31	true		
ac-v1-08906	INTLB-b3t-680-0	ACP-041259	interleaved_b	T1_easy	10k_final	19	true		
ac-v1-08907	INTLB-b3t-222-0	ACP-041644	interleaved_b	T2_medium	100k	25	true		
ac-v1-08908	INTLB-b4-2724-1	ACP-041442	interleaved_b	T2_medium	100k	31	true		
ac-v1-08909	INTLB-b3t-815-0	ACP-046776	interleaved_b	T1_easy	10k_final	31	true		
ac-v1-08910	MS-n6-wXXYYYxYxY	ACP-001393	ms_expanded	T4_frontier	100k	25	true		
ac-v1-08911	INTLB-b3t-65-1	ACP-044859	interleaved_b	T1_easy	10k_final	31	true		
ac-v1-08912	INTL-b4-219-0	ACP-031301	interleaved	T2_medium	100k	31	true		
ac-v1-08913	INTLB-b3t-854-1	ACP-038905	interleaved_b	T1_easy	10k_final	36	true		
ac-v1-08914	INTLB-b4-1762-1	ACP-044735	interleaved_b	T1_easy	10k_final	28	true		
ac-v1-08915	AUTH-17_21-k1-1	ACP-023926	aut_hard	T5_moonshot	100k	20	true		
ac-v1-08916	INTLB-b4-1198-1	ACP-043144	interleaved_b	T1_easy	10k_final	31	true		
ac-v1-08917	INTLB-b4-4-0	ACP-043590	interleaved_b	T3_hard_solvable	100k	32	true		
ac-v1-08918	INTL-b4-214-0	ACP-001472	interleaved	T3_hard_solvable	100k	27	true		
ac-v1-08919	INTLB-b4-2035-1	ACP-039174	interleaved_b	T1_easy	10k_final	32	true		
ac-v1-08920	INTL-b4-120-1	ACP-024052	interleaved	T0_warmup	10k_final	31	true		
ac-v1-08921	MS-n7-wYXyxYYYY	ACP-013614	ms_expanded	T1_easy	10k_final	26	true		
ac-v1-08922	MS-n5-wXYYYxY	ACP-014761	ms_expanded	T4_frontier	100k	20	true	open	390
ac-v1-08923	INTLB-b4-1476-1	ACP-045265	interleaved_b	T1_easy	10k_final	29	true		
ac-v1-08924	INTLB-b3t-491-1	ACP-046849	interleaved_b	T1_easy	10k_final	22	true		
ac-v1-08925	INTLB-b4-2213-0	ACP-042349	interleaved_b	T1_easy	10k_final	25	true		
ac-v1-08926	INTLB-b4-1278-0	ACP-038668	interleaved_b	T1_easy	10k_final	35	true		
ac-v1-08927	MS-n7-wyXyxyy	ACP-030647	ms_expanded	T4_frontier	100k	24	true	open	455
ac-v1-08928	MS-n5-wXyXyxxY	ACP-005291	ms_expanded	T4_frontier	100k	21	true	open	1034
ac-v1-08929	INTLB-b3t-120-1	ACP-046828	interleaved_b	T1_easy	10k_final	33	true		
ac-v1-08930	MS-n6-wXXXYxxyxYY	ACP-030704	ms_expanded	T4_frontier	100k	26	true		
ac-v1-08931	INTLB-b3t-93-0	ACP-045402	interleaved_b	T1_easy	10k_final	31	true		
ac-v1-08932	INTLB-b4-689-1	ACP-040872	interleaved_b	T3_hard_solvable	100k	30	true		
ac-v1-08933	AUTH-15_13-k1-1	ACP-029602	aut_hard	T5_moonshot	100k	15	true		
ac-v1-08934	INTLB-b4-1916-1	ACP-044476	interleaved_b	T1_easy	10k_final	29	true		
ac-v1-08935	INTLB-b4-112-0	ACP-040164	interleaved_b	T1_easy	10k_final	27	true		
ac-v1-08936	MS-n10-wXXXYxYxyxY	ACP-003650	ms_expanded	T4_frontier	100k	34	true		
ac-v1-08937	INTLB-b4-1921-0	ACP-043073	interleaved_b	T1_easy	10k_final	27	true		
ac-v1-08938	INTLB-b4-603-1	ACP-038366	interleaved_b	T2_medium	100k	26	true		
ac-v1-08939	AUTH-22_11-k0-0	ACP-012979	aut_hard	T5_moonshot	100k	22	true		
ac-v1-08940	INTLB-b4-2185-0	ACP-045662	interleaved_b	T1_easy	10k_final	27	true		
ac-v1-08941	INTL-b3-104-1	ACP-026000	interleaved	T1_easy	10k_final	29	true		
ac-v1-08942	INTLB-b3t-703-0	ACP-038537	interleaved_b	T3_hard_solvable	100k	33	true		
ac-v1-08943	MS-n8-wXXXYxYxxy	ACP-011203	ms_expanded	T4_frontier	100k	29	true		
ac-v1-08944	MS-n10-wXyyyyyxyyy	ACP-004785	ms_expanded	T2_medium	100k	34	true		
ac-v1-08945	INTLB-b4-1263-0	ACP-040015	interleaved_b	T1_easy	10k_final	28	true		
ac-v1-08946	INTLB-b4-1980-0	ACP-043103	interleaved_b	T1_easy	10k_final	20	true		
ac-v1-08947	INTLB-b4-1712-0	ACP-046114	interleaved_b	T3_hard_solvable	100k	30	true		
ac-v1-08948	MS-n6-wYXYYYxYY	ACP-021284	ms_expanded	T1_easy	10k_final	24	true		
ac-v1-08949	INTLB-b3t-939-0	ACP-040578	interleaved_b	T1_easy	10k_final	32	true		
ac-v1-08950	INTL-b4-16-1	ACP-007789	interleaved	T2_medium	100k	27	true		
ac-v1-08951	INTLB-b4-2684-1	ACP-042106	interleaved_b	T2_medium	100k	25	true		
ac-v1-08952	AUTH-17_14-k12-0	ACP-029731	aut_hard	T5_moonshot	100k	21	true		
ac-v1-08953	INTLB-b3t-110-1	ACP-046733	interleaved_b	T1_easy	10k_final	33	true		
ac-v1-08954	MS-n3-wXXYYxxYYYY	ACP-009132	ms_expanded	T5_moonshot	10k_final	20	true		
ac-v1-08955	INTLB-b4-1011-0	ACP-037705	interleaved_b	T1_easy	10k_final	33	true		
ac-v1-08956	INTLB-b3t-755-1	ACP-043723	interleaved_b	T1_easy	10k_final	31	true		
ac-v1-08957	MS-n8-wYYxyyXyyyy	ACP-010334	ms_expanded	T1_easy	10k_final	30	true		
ac-v1-08958	INTLB-b4-1032-1	ACP-045638	interleaved_b	T1_easy	10k_final	34	true		
ac-v1-08959	INTLB-b4-3178-1	ACP-046875	interleaved_b	T3_hard_solvable	100k	25	true		
ac-v1-08960	INTLB-b4-3994-0	ACP-038456	interleaved_b	T2_medium	100k	25	true		
ac-v1-08961	INTLB-b4-2773-1	ACP-042594	interleaved_b	T2_medium	100k	31	true		
ac-v1-08962	INTLB-b4-156-1	ACP-044163	interleaved_b	T1_easy	10k_final	24	true		
ac-v1-08963	INTLB-b3t-859-0	ACP-045523	interleaved_b	T1_easy	10k_final	29	true		
ac-v1-08964	INTLB-b3t-448-1	ACP-038898	interleaved_b	T1_easy	10k_final	23	true		
ac-v1-08965	INTLB-b4-331-1	ACP-039960	interleaved_b	T2_medium	100k	34	true		
ac-v1-08966	INTLB-b4-715-1	ACP-037347	interleaved_b	T2_medium	100k	27	true		
ac-v1-08967	INTLB-b3t-694-1	ACP-037859	interleaved_b	T1_easy	10k_final	33	true		
ac-v1-08968	INTLB-b3t-150-1	ACP-046597	interleaved_b	T1_easy	10k_final	27	true		
ac-v1-08969	INTLB-b4-1692-0	ACP-045138	interleaved_b	T1_easy	10k_final	31	true		
ac-v1-08970	INTLB-b4-349-0	ACP-043630	interleaved_b	T2_medium	100k	35	true		
ac-v1-08971	INTLB-b3t-557-1	ACP-038304	interleaved_b	T1_easy	10k_final	26	true		
ac-v1-08972	AUTH-21_15-k1-3	ACP-012159	aut_hard	T5_moonshot	100k	31	true		
ac-v1-08973	INTL-b4-154-1	ACP-017638	interleaved	T3_hard_solvable	100k	32	true		
ac-v1-08974	MS-n5-wYYXyxy	ACP-024716	ms_expanded	T5_moonshot	10k_final	20	false	open	348
ac-v1-08975	INTLB-b3t-625-0	ACP-044908	interleaved_b	T1_easy	10k_final	28	true		
ac-v1-08976	INTLB-b4-2036-1	ACP-042298	interleaved_b	T2_medium	100k	27	true		
ac-v1-08977	INTLB-b4-577-1	ACP-040283	interleaved_b	T2_medium	100k	35	true		
ac-v1-08978	MS-n3-wXXYxxyyy	ACP-029618	ms_expanded	T4_frontier	100k	18	true		
ac-v1-08979	INTLB-b4-1488-1	ACP-037771	interleaved_b	T1_easy	10k_final	32	true		
ac-v1-08980	MS-n10-wXXYYYxxy	ACP-008729	ms_expanded	T4_frontier	100k	32	true		
ac-v1-08981	INTLB-b4-2233-0	ACP-046937	interleaved_b	T2_medium	100k	29	true		
ac-v1-08982	AUTH-22_1-k12-0	ACP-029728	aut_hard	T5_moonshot	100k	25	true		
ac-v1-08983	INTLB-b4-1825-0	ACP-040942	interleaved_b	T1_easy	10k_final	30	true		
ac-v1-08984	MS-n2-wXYxxYXy	ACP-032604	ms_expanded	T4_frontier	100k	15	true	open	1164
ac-v1-08985	MS-n9-wXXyyxYxy	ACP-033090	ms_expanded	T4_frontier	100k	30	true		
ac-v1-08986	INTL-b3-126-1	ACP-011114	interleaved	T1_easy	10k_final	23	true		
ac-v1-08987	INTLB-b4-2180-1	ACP-038701	interleaved_b	T3_hard_solvable	100k	30	true		
ac-v1-08988	MS-n4-wXXYXYxxxy	ACP-017620	ms_expanded	T4_frontier	100k	21	true		
ac-v1-08989	INTLB-b4-1987-0	ACP-045161	interleaved_b	T3_hard_solvable	100k	31	true		
ac-v1-08990	INTLB-b4-722-0	ACP-044910	interleaved_b	T2_medium	100k	23	true		
ac-v1-08991	MS-n5-wyyXyyxY	ACP-018242	ms_expanded	T4_frontier	100k	21	true	open	719
ac-v1-08992	INTLB-b3t-622-0	ACP-043485	interleaved_b	T1_easy	10k_final	29	true		
ac-v1-08993	INTLB-b3t-659-0	ACP-043648	interleaved_b	T1_easy	10k_final	34	true		
ac-v1-08994	INTLB-b3t-715-1	ACP-044254	interleaved_b	T2_medium	100k	35	true		
ac-v1-08995	INTLB-b3t-701-0	ACP-044248	interleaved_b	T1_easy	10k_final	27	true		
ac-v1-08996	MS-n4-wXYYYYYxy	ACP-020785	ms_expanded	T1_easy	10k_final	20	true		
ac-v1-08997	INTL-b4-96-1	ACP-004725	interleaved	T3_hard_solvable	100k	35	true		
ac-v1-08998	INTLB-b3t-952-0	ACP-041526	interleaved_b	T1_easy	10k_final	19	true		
ac-v1-08999	INTLB-b4-2053-1	ACP-039648	interleaved_b	T2_medium	100k	31	true		
ac-v1-09000	INTLB-b4-3226-0	ACP-040222	interleaved_b	T3_hard_solvable	100k	32	true		
ac-v1-09001	MS-n6-wXYYxy	ACP-010116	ms_expanded	T4_frontier	100k	21	true	open	209
ac-v1-09002	MS-n5-wYXyyxyy	ACP-024368	ms_expanded	T4_frontier	100k	21	true	open	670
ac-v1-09003	MS-n8-wXXyxyxyy	ACP-007467	ms_expanded	T4_frontier	100k	28	true		
ac-v1-09004	MS-n3-wXXXyyxxxy	ACP-023118	ms_expanded	T4_frontier	100k	19	true		
ac-v1-09005	MS-n2-wXXYYYxYxy	ACP-029850	ms_expanded	T4_frontier	100k	17	true		
ac-v1-09006	INTL-b3-144-0	ACP-016411	interleaved	T1_easy	10k_final	31	true		
ac-v1-09007	AUTH-19_16-k0-0	ACP-004934	aut_hard	T5_moonshot	100k	19	true		
ac-v1-09008	MS-n7-wYYYxYXy	ACP-019973	ms_expanded	T4_frontier	100k	25	true	open	1155
ac-v1-09009	INTLB-b4-1464-0	ACP-037619	interleaved_b	T1_easy	10k_final	31	true		
ac-v1-09010	MS-n4-wYXYxyy	ACP-025847	ms_expanded	T4_frontier	100k	18	true	open	256
ac-v1-09011	MS-n3-wXXXYxxxYY	ACP-008510	ms_expanded	T4_frontier	100k	19	true		
ac-v1-09012	MS-n10-wYYXyyyyyxY	ACP-035951	ms_expanded	T1_easy	10k_final	34	true		
ac-v1-09013	INTLB-b4-1753-0	ACP-046778	interleaved_b	T1_easy	10k_final	29	true		
ac-v1-09014	MS-n4-wXXXYxYxxY	ACP-035717	ms_expanded	T4_frontier	100k	21	true		
ac-v1-09015	MS-n6-wYYYYYxYXy	ACP-002779	ms_expanded	T2_medium	100k	25	true		
ac-v1-09016	INTLB-b3t-238-0	ACP-037991	interleaved_b	T1_easy	10k_final	36	true		
ac-v1-09017	INTLB-b4-1322-1	ACP-038281	interleaved_b	T1_easy	10k_final	31	true		
ac-v1-09018	INTLB-b4-2199-0	ACP-045386	interleaved_b	T2_medium	100k	33	true		
ac-v1-09019	INTLB-b3t-668-1	ACP-044857	interleaved_b	T1_easy	10k_final	35	true		
ac-v1-09020	MS-n3-wXyxxYXY	ACP-030859	ms_expanded	T5_moonshot	100k	17	false	open	1025
ac-v1-09021	INTLB-b4-1821-1	ACP-041146	interleaved_b	T1_easy	10k_final	28	true		
ac-v1-09022	INTLB-b3t-917-0	ACP-045093	interleaved_b	T1_easy	10k_final	19	true		
ac-v1-09023	INTLB-b3t-906-0	ACP-038607	interleaved_b	T1_easy	10k_final	36	true		
ac-v1-09024	INTLB-b3t-706-0	ACP-045885	interleaved_b	T1_easy	10k_final	26	true		
ac-v1-09025	INTLB-b4-1738-1	ACP-042815	interleaved_b	T1_easy	10k_final	19	true		
ac-v1-09026	MS-n5-wXYYYYxyyyy	ACP-006749	ms_expanded	T1_easy	10k_final	24	true		
ac-v1-09027	INTL-b3-151-0	ACP-018221	interleaved	T1_easy	10k_final	30	true		
ac-v1-09028	INTLB-b4-2814-1	ACP-038747	interleaved_b	T2_medium	100k	34	true		
ac-v1-09029	INTLB-b4-2099-1	ACP-046911	interleaved_b	T2_medium	100k	31	true		
ac-v1-09030	INTLB-b4-2752-1	ACP-041980	interleaved_b	T2_medium	100k	35	true		
ac-v1-09031	MS-n9-wXXXYYxxxyy	ACP-036582	ms_expanded	T4_frontier	100k	32	true		
ac-v1-09032	INTLB-b4-2681-0	ACP-043686	interleaved_b	T2_medium	100k	31	true		
ac-v1-09033	INTLB-b4-3047-1	ACP-037247	interleaved_b	T3_hard_solvable	100k	36	true		
ac-v1-09034	INTLB-b3t-869-0	ACP-040856	interleaved_b	T1_easy	10k_final	23	true		
ac-v1-09035	INTLB-b4-1182-1	ACP-040456	interleaved_b	T1_easy	10k_final	28	true		
ac-v1-09036	MS-n9-wyyXyyyxYYY	ACP-003974	ms_expanded	T1_easy	10k_final	32	true		
ac-v1-09037	INTLB-b3t-293-0	ACP-044033	interleaved_b	T1_easy	10k_final	31	true		
ac-v1-09038	INTLB-b3t-137-1	ACP-043994	interleaved_b	T0_warmup	10k_final	33	true		
ac-v1-09039	INTLB-b3t-239-0	ACP-038216	interleaved_b	T1_easy	10k_final	29	true		
ac-v1-09040	INTLB-b4-2345-0	ACP-046972	interleaved_b	T2_medium	100k	33	true		
ac-v1-09041	INTLB-b4-2467-0	ACP-043288	interleaved_b	T2_medium	100k	33	true		
ac-v1-09042	MS-n5-wyXyxy	ACP-034914	ms_expanded	T4_frontier	100k	19	true	open	110
ac-v1-09043	INTLB-b4-1626-1	ACP-046825	interleaved_b	T1_easy	10k_final	33	true		
ac-v1-09044	INTLB-b4-1003-1	ACP-039377	interleaved_b	T1_easy	10k_final	31	true		
ac-v1-09045	AUTH-21_18-k12-0	ACP-013522	aut_hard	T5_moonshot	100k	30	true		
ac-v1-09046	MS-n7-wYXyxY	ACP-029821	ms_expanded	T2_medium	100k	23	true	uncertified	182
ac-v1-09047	MS-n7-wXYYYxYYYY	ACP-020584	ms_expanded	T1_easy	10k_final	27	true		
ac-v1-09048	INTL-b4-60-1	ACP-002830	interleaved	T2_medium	100k	25	true		
ac-v1-09049	INTLB-b4-3976-1	ACP-043202	interleaved_b	T3_hard_solvable	100k	32	true		
ac-v1-09050	INTLB-b4-752-0	ACP-043992	interleaved_b	T2_medium	100k	31	true		
ac-v1-09051	INTLB-b4-48-0	ACP-043315	interleaved_b	T2_medium	100k	33	true		
ac-v1-09052	MS-n5-wXXXYxxYxy	ACP-012201	ms_expanded	T4_frontier	100k	23	true		
ac-v1-09053	INTLB-b4-2537-0	ACP-042286	interleaved_b	T3_hard_solvable	100k	33	true		
ac-v1-09054	INTLB-b4-1839-0	ACP-041012	interleaved_b	T3_hard_solvable	100k	27	true		
ac-v1-09055	AUTH-25_30-k12-1	ACP-026028	aut_hard	T5_moonshot	100k	31	true		
ac-v1-09056	MS-n7-wXXYxYYxy	ACP-011367	ms_expanded	T4_frontier	100k	26	true		
ac-v1-09057	MS-n5-wXXXYxxYYxY	ACP-017841	ms_expanded	T4_frontier	100k	24	true		
ac-v1-09058	MS-n6-wXYYYYYYxYY	ACP-005462	ms_expanded	T0_warmup	10k_final	26	true		
ac-v1-09059	INTLB-b4-114-0	ACP-046267	interleaved_b	T1_easy	10k_final	29	true		
ac-v1-09060	INTLB-b4-1426-1	ACP-039010	interleaved_b	T1_easy	10k_final	33	true		
ac-v1-09061	INTLB-b4-590-0	ACP-043245	interleaved_b	T2_medium	100k	27	true		
ac-v1-09062	INTLB-b3t-743-1	ACP-038538	interleaved_b	T1_easy	10k_final	23	true		
ac-v1-09063	INTLB-b4-1959-1	ACP-040961	interleaved_b	T1_easy	10k_final	27	true		
ac-v1-09064	INTLB-b3t-492-1	ACP-043163	interleaved_b	T1_easy	10k_final	34	true		
ac-v1-09065	AUTH-23_1-k1-0	ACP-009004	aut_hard	T5_moonshot	100k	35	true		
ac-v1-09066	MS-n8-wYYxyyXyyy	ACP-012882	ms_expanded	T1_easy	10k_final	29	true		
ac-v1-09067	INTLB-b3t-206-1	ACP-046410	interleaved_b	T1_easy	10k_final	31	true		
ac-v1-09068	AUTH-19_26-k1-0	ACP-029837	aut_hard	T5_moonshot	100k	27	true		
ac-v1-09069	MS-n3-wXXXYYxxxY	ACP-005027	ms_expanded	T4_frontier	100k	19	true		
ac-v1-09070	MS-n2-wXYxYYYY	ACP-029936	ms_expanded	T1_easy	10k_final	15	true	uncertified	849
ac-v1-09071	INTLB-b3t-279-0	ACP-038903	interleaved_b	T1_easy	10k_final	31	true		
ac-v1-09072	MS-n6-wYYXYxyy	ACP-002432	ms_expanded	T4_frontier	100k	23	true	open	986
ac-v1-09073	MS-n3-wXXYxYYxy	ACP-017492	ms_expanded	T4_frontier	100k	18	true		
ac-v1-09074	INTLB-b3t-429-0	ACP-039211	interleaved_b	T3_hard_solvable	100k	29	true		
ac-v1-09075	MS-n7-wXYXYxxy	ACP-017335	ms_expanded	T5_moonshot	100k	25	false	open	903
ac-v1-09076	INTLB-b3t-413-1	ACP-042878	interleaved_b	T3_hard_solvable	100k	25	true		
ac-v1-09077	INTLB-b4-1806-1	ACP-040770	interleaved_b	T1_easy	10k_final	35	true		
ac-v1-09078	INTLB-b4-1610-1	ACP-041535	interleaved_b	T1_easy	10k_final	28	true		
ac-v1-09079	INTLB-b4-2971-0	ACP-043342	interleaved_b	T2_medium	100k	34	true		
ac-v1-09080	INTLB-b3t-359-1	ACP-045480	interleaved_b	T1_easy	10k_final	27	true		
ac-v1-09081	AUTH-17_40-k1-0	ACP-011768	aut_hard	T5_moonshot	100k	17	true		
ac-v1-09082	MS-n10-wXXXYxyxxYY	ACP-035659	ms_expanded	T4_frontier	100k	34	true		
ac-v1-09083	INTLB-b4-1245-1	ACP-044953	interleaved_b	T1_easy	10k_final	33	true		
ac-v1-09084	INTLB-b3t-126-1	ACP-044447	interleaved_b	T3_hard_solvable	100k	27	true		
ac-v1-09085	MS-n9-wXXXYxxyxy	ACP-017362	ms_expanded	T4_frontier	100k	31	true		
ac-v1-09086	INTL-b4-200-1	ACP-027188	interleaved	T1_easy	10k_final	18	true		
ac-v1-09087	INTLB-b3t-257-0	ACP-044158	interleaved_b	T1_easy	10k_final	26	true		
ac-v1-09088	MS-n3-wYXYxYYY	ACP-001768	ms_expanded	T1_easy	10k_final	17	true	uncertified	976
ac-v1-09089	INTLB-b4-1593-1	ACP-042359	interleaved_b	T2_medium	100k	25	true		
ac-v1-09090	MS-n7-wXYYYxyy	ACP-024440	ms_expanded	T4_frontier	100k	25	true	open	875
ac-v1-09091	INTL-b2-10-0	ACP-027719	interleaved	T0_warmup	10k_final	31	true		
ac-v1-09092	MS-n9-wyXyxYYYYY	ACP-021903	ms_expanded	T1_easy	10k_final	31	true		
ac-v1-09093	MS-n7-wYYxyyXyyyy	ACP-028948	ms_expanded	T1_easy	10k_final	28	true		
ac-v1-09094	AUTH-23_5-k1-3	ACP-034938	aut_hard	T5_moonshot	100k	23	true		
ac-v1-09095	MS-n10-wYXyyxY	ACP-006673	ms_expanded	T4_frontier	100k	30	true		
ac-v1-09096	MS-n10-wXYYYxYY	ACP-027689	ms_expanded	T4_frontier	100k	31	true		
ac-v1-09097	INTLB-b3t-477-0	ACP-042570	interleaved_b	T1_easy	10k_final	33	true		
ac-v1-09098	INTLB-b4-2990-0	ACP-037630	interleaved_b	T2_medium	100k	33	true		
ac-v1-09099	MS-n7-wXYYYxy	ACP-001351	ms_expanded	T4_frontier	100k	24	true	open	406
ac-v1-09100	INTLB-b4-1206-1	ACP-044660	interleaved_b	T1_easy	10k_final	24	true		
ac-v1-09101	INTLB-b3t-245-0	ACP-045804	interleaved_b	T1_easy	10k_final	24	true		
ac-v1-09102	MS-n3-wXXYYYYxxY	ACP-026663	ms_expanded	T4_frontier	100k	19	true		
ac-v1-09103	MS-n10-wXXyxxyyy	ACP-029285	ms_expanded	T4_frontier	100k	32	true		
ac-v1-09104	INTLB-b4-3043-0	ACP-042372	interleaved_b	T2_medium	100k	31	true		
ac-v1-09105	INTLB-b4-819-0	ACP-046520	interleaved_b	T3_hard_solvable	100k	26	true		
ac-v1-09106	INTLB-b3t-358-0	ACP-038904	interleaved_b	T1_easy	10k_final	33	true		
ac-v1-09107	INTLB-b4-144-0	ACP-038613	interleaved_b	T1_easy	10k_final	31	true		
ac-v1-09108	MS-n6-wXXYxYxyy	ACP-005481	ms_expanded	T4_frontier	100k	24	true		
ac-v1-09109	INTLB-b4-1370-1	ACP-040750	interleaved_b	T1_easy	10k_final	33	true		
ac-v1-09110	INTLB-b4-3510-0	ACP-045229	interleaved_b	T2_medium	100k	29	true		
ac-v1-09111	INTLB-b4-2908-1	ACP-040668	interleaved_b	T2_medium	100k	31	true		
ac-v1-09112	INTLB-b4-1971-0	ACP-040386	interleaved_b	T1_easy	10k_final	29	true		
ac-v1-09113	INTLB-b4-1414-0	ACP-045965	interleaved_b	T2_medium	100k	27	true		
ac-v1-09114	MS-n7-wXXXYxxyxy	ACP-000130	ms_expanded	T4_frontier	100k	27	true		
ac-v1-09115	INTLB-b4-21-1	ACP-039769	interleaved_b	T1_easy	10k_final	32	true		
ac-v1-09116	MS-n4-wYYYXYYxy	ACP-010056	ms_expanded	T1_easy	10k_final	20	true		
ac-v1-09117	INTLB-b4-1582-0	ACP-043250	interleaved_b	T3_hard_solvable	100k	27	true		
ac-v1-09118	INTLB-b4-2068-1	ACP-038749	interleaved_b	T2_medium	100k	35	true		
ac-v1-09119	INTLB-b3t-658-0	ACP-038964	interleaved_b	T1_easy	10k_final	26	true		
ac-v1-09120	INTLB-b4-1449-0	ACP-044489	interleaved_b	T1_easy	10k_final	27	true		
ac-v1-09121	INTLB-b3t-340-1	ACP-037586	interleaved_b	T1_easy	10k_final	29	true		
ac-v1-09122	INTL-b3-148-0	ACP-006047	interleaved	T1_easy	10k_final	29	true		
ac-v1-09123	AUTH-18_5-k1-0	ACP-036147	aut_hard	T5_moonshot	100k	19	true		
ac-v1-09124	INTLB-b4-1703-0	ACP-042510	interleaved_b	T1_easy	10k_final	29	true		
ac-v1-09125	INTLB-b4-1225-0	ACP-038227	interleaved_b	T1_easy	10k_final	33	true		
ac-v1-09126	INTLB-b4-1795-0	ACP-043757	interleaved_b	T3_hard_solvable	100k	33	true		
ac-v1-09127	INTLB-b4-2218-1	ACP-040042	interleaved_b	T1_easy	10k_final	33	true		
ac-v1-09128	INTLB-b4-99-0	ACP-042621	interleaved_b	T3_hard_solvable	100k	30	true		
ac-v1-09129	INTLB-b4-1901-1	ACP-044688	interleaved_b	T1_easy	10k_final	32	true		
ac-v1-09130	INTLB-b4-2446-0	ACP-046922	interleaved_b	T2_medium	100k	32	true		
ac-v1-09131	INTLB-b3t-187-1	ACP-046772	interleaved_b	T1_easy	10k_final	26	true		
ac-v1-09132	MS-n10-wXXYYxYxyy	ACP-013693	ms_expanded	T4_frontier	100k	33	true		
ac-v1-09133	MS-n5-wXXYYxxy	ACP-013877	ms_expanded	T5_moonshot	100k	21	true	open	957
ac-v1-09134	INTLB-b4-1896-0	ACP-045190	interleaved_b	T1_easy	10k_final	29	true		
ac-v1-09135	INTLB-b3t-458-0	ACP-040785	interleaved_b	T3_hard_solvable	100k	33	true		
ac-v1-09136	MS-n6-wYxYYXyy	ACP-027142	ms_expanded	T4_frontier	100k	23	false	open	741
ac-v1-09137	MS-n3-wXXXYYxxxYY	ACP-012937	ms_expanded	T4_frontier	100k	20	true		
ac-v1-09138	MS-n2-wXyXYxYxY	ACP-028208	ms_expanded	T4_frontier	100k	16	true		
ac-v1-09139	INTLB-b4-3212-0	ACP-040698	interleaved_b	T2_medium	100k	34	true		
ac-v1-09140	MS-n5-wXyXYxxy	ACP-014667	ms_expanded	T5_moonshot	100k	21	false	open	1111
ac-v1-09141	INTLB-b3t-620-1	ACP-042691	interleaved_b	T1_easy	10k_final	35	true		
ac-v1-09142	INTLB-b4-1551-1	ACP-045502	interleaved_b	T2_medium	100k	27	true		
ac-v1-09143	INTLB-b4-34-0	ACP-040156	interleaved_b	T2_medium	100k	30	true		
ac-v1-09144	INTLB-b3t-497-1	ACP-045119	interleaved_b	T1_easy	10k_final	32	true		
ac-v1-09145	AUTH-19_8-k1-3	ACP-026240	aut_hard	T5_moonshot	100k	19	true		
ac-v1-09146	MS-n9-wXXXYxxyxY	ACP-030735	ms_expanded	T4_frontier	100k	31	true		
ac-v1-09147	INTLB-b4-2087-1	ACP-046335	interleaved_b	T1_easy	10k_final	30	true		
ac-v1-09148	AUTH-16_1-k0-0	ACP-029070	aut_hard	T5_moonshot	100k	16	true		
ac-v1-09149	INTLB-b4-2504-0	ACP-044767	interleaved_b	T3_hard_solvable	100k	35	true		
ac-v1-09150	INTLB-b3t-330-0	ACP-039452	interleaved_b	T1_easy	10k_final	25	true		
ac-v1-09151	INTLB-b4-2899-1	ACP-041579	interleaved_b	T3_hard_solvable	100k	31	true		
ac-v1-09152	INTLB-b3t-631-1	ACP-038950	interleaved_b	T1_easy	10k_final	35	true		
ac-v1-09153	MS-n8-wYXYxyy	ACP-021164	ms_expanded	T4_frontier	100k	26	true		
ac-v1-09154	MS-n10-wXXYxYxy	ACP-001737	ms_expanded	T4_frontier	100k	31	true		
ac-v1-09155	INTLB-b4-2451-1	ACP-040760	interleaved_b	T3_hard_solvable	100k	35	true		
ac-v1-09156	INTLB-b4-2379-1	ACP-040564	interleaved_b	T3_hard_solvable	100k	25	true		
ac-v1-09157	INTLB-b4-208-1	ACP-038598	interleaved_b	T1_easy	10k_final	23	true		
ac-v1-09158	INTLB-b3t-668-0	ACP-043476	interleaved_b	T1_easy	10k_final	27	true		
ac-v1-09159	INTLB-b3t-720-1	ACP-040167	interleaved_b	T1_easy	10k_final	32	true		
ac-v1-09160	INTLB-b4-3318-1	ACP-038369	interleaved_b	T3_hard_solvable	100k	31	true		
ac-v1-09161	AUTH-25_19-k1-2	ACP-009274	aut_hard	T5_moonshot	100k	25	true		
ac-v1-09162	INTLB-b4-429-1	ACP-040165	interleaved_b	T2_medium	100k	27	true		
ac-v1-09163	INTLB-b4-2715-0	ACP-039043	interleaved_b	T2_medium	100k	31	true		
ac-v1-09164	INTLB-b4-862-0	ACP-041589	interleaved_b	T2_medium	100k	33	true		
ac-v1-09165	INTLB-b3t-614-0	ACP-039896	interleaved_b	T1_easy	10k_final	25	true		
ac-v1-09166	MS-n6-wyXyxY	ACP-031547	ms_expanded	T1_easy	10k_final	21	true	uncertified	125
ac-v1-09167	INTLB-b4-1285-1	ACP-042292	interleaved_b	T1_easy	10k_final	28	true		
ac-v1-09168	MS-n3-wXyyyxxYXy	ACP-016928	ms_expanded	T1_easy	10k_final	19	true		
ac-v1-09169	MS-n2-wXXXYxxYxYY	ACP-035102	ms_expanded	T4_frontier	100k	18	true		
ac-v1-09170	INTLB-b4-2011-1	ACP-041516	interleaved_b	T2_medium	100k	33	true		
ac-v1-09171	INTLB-b4-837-1	ACP-039481	interleaved_b	T2_medium	100k	24	true		
ac-v1-09172	INTLB-b4-3013-1	ACP-042014	interleaved_b	T2_medium	100k	32	true		
ac-v1-09173	INTL-b2-17-1	ACP-025827	interleaved	T1_easy	10k_final	27	true		
ac-v1-09174	INTLB-b4-615-1	ACP-046858	interleaved_b	T2_medium	100k	34	true		
ac-v1-09175	INTL-b4-206-0	ACP-031839	interleaved	T2_medium	100k	30	true		
ac-v1-09176	INTLB-b4-2143-0	ACP-046663	interleaved_b	T1_easy	10k_final	34	true		
ac-v1-09177	MS-n4-wXYYxY	ACP-033147	ms_expanded	T1_easy	10k_final	17	true	uncertified	165
ac-v1-09178	AUTH-17_16-k1-3	ACP-023691	aut_hard	T5_moonshot	100k	17	true		
ac-v1-09179	INTLB-b4-3056-1	ACP-039757	interleaved_b	T3_hard_solvable	100k	32	true		
ac-v1-09180	INTLB-b3t-135-0	ACP-042680	interleaved_b	T1_easy	10k_final	26	true		
ac-v1-09181	MS-n6-wXXXYxxxY	ACP-009239	ms_expanded	T4_frontier	100k	24	true		
ac-v1-09182	MS-n9-wXyyxYYYYY	ACP-034791	ms_expanded	T1_easy	10k_final	31	true		
ac-v1-09183	INTLB-b4-1404-1	ACP-046964	interleaved_b	T3_hard_solvable	100k	34	true		
ac-v1-09184	INTL-b4-161-1	ACP-024890	interleaved	T1_easy	10k_final	34	true		
ac-v1-09185	INTL-b3-154-1	ACP-036470	interleaved	T1_easy	10k_final	35	true		
ac-v1-09186	INTLB-b4-748-1	ACP-037383	interleaved_b	T2_medium	100k	34	true		
ac-v1-09187	INTLB-b4-2137-0	ACP-043308	interleaved_b	T3_hard_solvable	100k	29	true		
ac-v1-09188	INTLB-b4-2255-0	ACP-038843	interleaved_b	T2_medium	100k	27	true		
ac-v1-09189	INTL-b1-265-0	ACP-009397	interleaved	T1_easy	10k_final	33	true		
ac-v1-09190	INTLB-b3t-231-0	ACP-042316	interleaved_b	T1_easy	10k_final	36	true		
ac-v1-09191	AUTH-17_35-k1-0	ACP-034720	aut_hard	T5_moonshot	100k	18	true		
ac-v1-09192	INTLB-b4-1725-1	ACP-042193	interleaved_b	T1_easy	10k_final	29	true		
ac-v1-09193	INTLB-b4-1847-1	ACP-042024	interleaved_b	T1_easy	10k_final	35	true		
ac-v1-09194	MS-n4-wXYxyyy	ACP-007173	ms_expanded	T4_frontier	100k	18	true	open	459
ac-v1-09195	INTLB-b3t-678-1	ACP-043458	interleaved_b	T1_easy	10k_final	32	true		
ac-v1-09196	MS-n6-wXXyxxyy	ACP-033906	ms_expanded	T5_moonshot	100k	23	false	open	972
ac-v1-09197	INTLB-b4-2242-0	ACP-046131	interleaved_b	T2_medium	100k	26	true		
ac-v1-09198	MS-n4-wXXYxYxY	ACP-012391	ms_expanded	T5_moonshot	100k	19	true	open	949
ac-v1-09199	MS-n8-wYYxYXy	ACP-034680	ms_expanded	T4_frontier	100k	26	true		
ac-v1-09200	INTLB-b3t-266-1	ACP-046750	interleaved_b	T1_easy	10k_final	27	true		
ac-v1-09201	INTLB-b3t-706-1	ACP-038839	interleaved_b	T1_easy	10k_final	33	true		
ac-v1-09202	MS-n3-wXXyyyxxy	ACP-009471	ms_expanded	T5_moonshot	10k_final	18	true		
ac-v1-09203	INTLB-b4-1013-1	ACP-045194	interleaved_b	T0_warmup	10k_final	31	true		
ac-v1-09204	INTL-b4-104-0	ACP-032078	interleaved	T1_easy	10k_final	26	true		
ac-v1-09205	AUTH-14_2-k1-0	ACP-028826	aut_hard	T5_moonshot	10k_final	17	true		
ac-v1-09206	MS-n9-wXXXYxyxxYY	ACP-014307	ms_expanded	T4_frontier	100k	32	true		
ac-v1-09207	INTLB-b4-490-1	ACP-038816	interleaved_b	T2_medium	100k	26	true		
ac-v1-09208	INTLB-b4-58-1	ACP-046585	interleaved_b	T3_hard_solvable	100k	30	true		
ac-v1-09209	MS-n8-wYXyyyyxY	ACP-036333	ms_expanded	T1_easy	10k_final	28	true		
ac-v1-09210	INTLB-b3t-581-1	ACP-044289	interleaved_b	T1_easy	10k_final	33	true		
ac-v1-09211	INTLB-b4-1165-0	ACP-045183	interleaved_b	T1_easy	10k_final	33	true		
ac-v1-09212	INTLB-b4-1627-1	ACP-046062	interleaved_b	T1_easy	10k_final	24	true		
ac-v1-09213	MS-n10-wXyxxYXY	ACP-019871	ms_expanded	T4_frontier	100k	31	true		
ac-v1-09214	INTLB-b3t-775-0	ACP-043448	interleaved_b	T3_hard_solvable	100k	32	true		
ac-v1-09215	INTLB-b3t-271-0	ACP-039867	interleaved_b	T1_easy	10k_final	29	true		
ac-v1-09216	INTLB-b4-103-0	ACP-038102	interleaved_b	T1_easy	10k_final	28	true		
ac-v1-09217	MS-n3-wYYYXYxY	ACP-018197	ms_expanded	T5_moonshot	10k_final	17	false	open	773
ac-v1-09218	INTLB-b3t-809-1	ACP-039115	interleaved_b	T1_easy	10k_final	25	true		
ac-v1-09219	INTLB-b4-1002-1	ACP-046187	interleaved_b	T1_easy	10k_final	27	true		
ac-v1-09220	INTLB-b4-2296-0	ACP-044244	interleaved_b	T2_medium	100k	31	true		
ac-v1-09221	MS-n8-wyXyyxYY	ACP-033949	ms_expanded	T2_medium	100k	27	true		
ac-v1-09222	INTLB-b4-3134-0	ACP-045565	interleaved_b	T2_medium	100k	23	true		
ac-v1-09223	MS-n3-wXXYYxyxYY	ACP-022130	ms_expanded	T4_frontier	100k	19	true		
ac-v1-09224	MS-n6-wyXyyxyyyy	ACP-031761	ms_expanded	T2_medium	100k	25	true		
ac-v1-09225	INTLB-b4-1828-0	ACP-044730	interleaved_b	T1_easy	10k_final	33	true		
ac-v1-09226	INTLB-b4-439-1	ACP-045140	interleaved_b	T3_hard_solvable	100k	31	true		
ac-v1-09227	MS-n5-wyXyyyxy	ACP-013668	ms_expanded	T4_frontier	100k	21	true	open	607
ac-v1-09228	INTL-b3-139-1	ACP-021922	interleaved	T1_easy	10k_final	23	true		
ac-v1-09229	INTLB-b3t-540-0	ACP-043087	interleaved_b	T1_easy	10k_final	32	true		
ac-v1-09230	INTL-b2-0-0	ACP-008603	interleaved	T0_warmup	10k_final	21	true		
ac-v1-09231	MS-n8-wXXXYxxyxyy	ACP-003664	ms_expanded	T4_frontier	100k	30	true		
ac-v1-09232	AUTH-16_5-k0-0	ACP-006053	aut_hard	T5_moonshot	100k	16	true		
ac-v1-09233	INTL-b3-180-0	ACP-035579	interleaved	T1_easy	10k_final	21	true		
ac-v1-09234	INTLB-b3t-389-0	ACP-040988	interleaved_b	T1_easy	10k_final	32	true		
ac-v1-09235	INTLB-b3t-794-1	ACP-043903	interleaved_b	T1_easy	10k_final	27	true		
ac-v1-09236	INTLB-b3t-516-0	ACP-038471	interleaved_b	T1_easy	10k_final	30	true		
ac-v1-09237	MS-n6-wyXyxYY	ACP-037192	ms_expanded	T4_frontier	100k	22	true	open	223
ac-v1-09238	INTLB-b4-1904-1	ACP-037689	interleaved_b	T3_hard_solvable	100k	27	true		
ac-v1-09239	MS-n3-wYYYYXYxy	ACP-023100	ms_expanded	T1_easy	10k_final	18	true		
ac-v1-09240	INTLB-b4-1089-1	ACP-037277	interleaved_b	T1_easy	10k_final	33	true		
ac-v1-09241	INTLB-b4-1977-0	ACP-046494	interleaved_b	T3_hard_solvable	100k	17	true		
ac-v1-09242	AUTH-16_7-k1-0	ACP-027701	aut_hard	T5_moonshot	100k	17	true		
ac-v1-09243	MS-n3-wyXyxY	ACP-034431	ms_expanded	T1_easy	10k_final	15	true	uncertified	122
ac-v1-09244	AUTH-17_12-k1-1	ACP-002914	aut_hard	T5_moonshot	100k	21	true		
ac-v1-09245	INTLB-b3t-860-0	ACP-045189	interleaved_b	T1_easy	10k_final	21	true		
ac-v1-09246	INTLB-b3t-851-1	ACP-041121	interleaved_b	T1_easy	10k_final	29	true		
ac-v1-09247	INTLB-b3t-312-1	ACP-037381	interleaved_b	T1_easy	10k_final	29	true		
ac-v1-09248	INTLB-b3t-72-1	ACP-041793	interleaved_b	T1_easy	10k_final	35	true		
ac-v1-09249	MS-n2-wXXXyxYxxY	ACP-020546	ms_expanded	T4_frontier	100k	17	true		
ac-v1-09250	INTLB-b3t-539-1	ACP-045694	interleaved_b	T1_easy	10k_final	29	true		
ac-v1-09251	INTLB-b3t-584-0	ACP-037526	interleaved_b	T1_easy	10k_final	21	true		
ac-v1-09252	MS-n6-wXXXYxxYxYY	ACP-021995	ms_expanded	T4_frontier	100k	26	true		
ac-v1-09253	INTLB-b3t-381-0	ACP-039075	interleaved_b	T3_hard_solvable	100k	29	true		
ac-v1-09254	INTL-b3-127-0	ACP-036275	interleaved	T1_easy	10k_final	34	true		
ac-v1-09255	MS-n7-wXXyxyyxY	ACP-004804	ms_expanded	T4_frontier	100k	26	true		
ac-v1-09256	AUTH-17_39-k1-0	ACP-007548	aut_hard	T5_moonshot	100k	20	true		
ac-v1-09257	INTLB-b4-2235-0	ACP-045322	interleaved_b	T2_medium	100k	28	true		
ac-v1-09258	AUTH-22_7-k1-0	ACP-001679	aut_hard	T5_moonshot	100k	29	true		
ac-v1-09259	MS-n5-wYXyxYYY	ACP-022332	ms_expanded	T1_easy	10k_final	21	true	uncertified	1076
ac-v1-09260	INTLB-b4-1490-0	ACP-041119	interleaved_b	T1_easy	10k_final	26	true		
ac-v1-09261	MS-n4-wYXyxyyy	ACP-016236	ms_expanded	T4_frontier	100k	19	true	open	564
ac-v1-09262	INTLB-b4-1009-1	ACP-041778	interleaved_b	T1_easy	10k_final	33	true		
ac-v1-09263	INTLB-b4-116-1	ACP-042758	interleaved_b	T1_easy	10k_final	31	true		
ac-v1-09264	INTLB-b4-1842-0	ACP-044722	interleaved_b	T2_medium	100k	27	true		
ac-v1-09265	INTLB-b4-2194-0	ACP-037338	interleaved_b	T1_easy	10k_final	31	true		
ac-v1-09266	AUTH-21_6-k1-1	ACP-013804	aut_hard	T5_moonshot	100k	31	true		
ac-v1-09267	MS-n9-wYXYYxyyyyy	ACP-019810	ms_expanded	T0_warmup	10k_final	32	true		
ac-v1-09268	INTLB-b3t-450-1	ACP-046016	interleaved_b	T1_easy	10k_final	30	true		
ac-v1-09269	INTLB-b4-1184-1	ACP-046303	interleaved_b	T1_easy	10k_final	23	true		
ac-v1-09270	MS-n5-wYYXYYxy	ACP-036174	ms_expanded	T4_frontier	100k	21	true	open	782
ac-v1-09271	INTLB-b3t-328-0	ACP-039364	interleaved_b	T1_easy	10k_final	32	true		
ac-v1-09272	INTLB-b4-1068-0	ACP-039300	interleaved_b	T1_easy	10k_final	32	true		
ac-v1-09273	INTLB-b3t-432-0	ACP-046299	interleaved_b	T1_easy	10k_final	30	true		
ac-v1-09274	MS-n10-wXyXYxxy	ACP-029681	ms_expanded	T4_frontier	100k	31	true		
ac-v1-09275	INTLB-b4-1451-0	ACP-041481	interleaved_b	T1_easy	10k_final	33	true		
ac-v1-09276	INTLB-b3t-130-1	ACP-041141	interleaved_b	T1_easy	10k_final	17	true		
ac-v1-09277	INTL-b3-155-0	ACP-017454	interleaved	T1_easy	10k_final	23	true		
ac-v1-09278	INTLB-b4-253-1	ACP-037807	interleaved_b	T3_hard_solvable	100k	32	true		
ac-v1-09279	MS-n9-wXXyxyyxY	ACP-003159	ms_expanded	T4_frontier	100k	30	true		
ac-v1-09280	MS-n3-wXYYYYxy	ACP-015857	ms_expanded	T1_easy	10k_final	17	true	uncertified	885
ac-v1-09281	INTLB-b4-38-1	ACP-047019	interleaved_b	T2_medium	100k	19	true		
ac-v1-09282	MS-n7-wXYYYYYxYY	ACP-013843	ms_expanded	T2_medium	100k	27	true		
ac-v1-09283	INTLB-b4-131-1	ACP-040023	interleaved_b	T3_hard_solvable	100k	34	true		
ac-v1-09284	INTLB-b4-1694-0	ACP-045633	interleaved_b	T3_hard_solvable	100k	35	true		
ac-v1-09285	INTLB-b4-2210-0	ACP-043231	interleaved_b	T3_hard_solvable	100k	32	true		
ac-v1-09286	INTLB-b4-3341-1	ACP-037519	interleaved_b	T3_hard_solvable	100k	31	true		
ac-v1-09287	INTLB-b4-2454-1	ACP-037868	interleaved_b	T2_medium	100k	31	true		
ac-v1-09288	INTLB-b4-2688-1	ACP-043248	interleaved_b	T2_medium	100k	25	true		
ac-v1-09289	INTLB-b4-2263-0	ACP-041353	interleaved_b	T2_medium	100k	32	true		
ac-v1-09290	INTL-b4-296-1	ACP-011636	interleaved	T3_hard_solvable	100k	33	true		
ac-v1-09291	MS-n7-wYYxYXy	ACP-020059	ms_expanded	T4_frontier	100k	24	true	open	294
ac-v1-09292	MS-n10-wyyyyyyy	ACP-020581	ms_expanded	T0_warmup	10k_final	31	true		
ac-v1-09293	INTLB-b3t-910-0	ACP-041022	interleaved_b	T1_easy	10k_final	19	true		
ac-v1-09294	MS-n2-wXXYxxYY	ACP-030337	ms_expanded	T4_frontier	100k	15	true	open	933
ac-v1-09295	AUTH-19_1-k1-2	ACP-032674	aut_hard	T5_moonshot	100k	27	true		
ac-v1-09296	MS-n9-wXXyxYxy	ACP-000437	ms_expanded	T4_frontier	100k	29	true		
ac-v1-09297	INTLB-b4-124-0	ACP-046783	interleaved_b	T1_easy	10k_final	26	true		
ac-v1-09298	INTLB-b3t-185-0	ACP-046522	interleaved_b	T1_easy	10k_final	31	true		
ac-v1-09299	MS-n6-wXXYYYxxY	ACP-023820	ms_expanded	T4_frontier	100k	24	true		
ac-v1-09300	INTLB-b4-299-0	ACP-040502	interleaved_b	T3_hard_solvable	100k	33	true		
ac-v1-09301	INTLB-b4-191-1	ACP-044743	interleaved_b	T2_medium	100k	33	true		
ac-v1-09302	INTL-b4-169-1	ACP-033914	interleaved	T2_medium	100k	24	true		
ac-v1-09303	INTLB-b4-74-1	ACP-039230	interleaved_b	T2_medium	100k	31	true		
ac-v1-09304	INTLB-b4-2096-1	ACP-039614	interleaved_b	T1_easy	10k_final	29	true		
ac-v1-09305	MS-n7-wXXXYxyxxy	ACP-004113	ms_expanded	T4_frontier	100k	27	true		
ac-v1-09306	INTLB-b4-3123-0	ACP-042244	interleaved_b	T2_medium	100k	29	true		
ac-v1-09307	INTLB-b3t-16-0	ACP-046690	interleaved_b	T1_easy	10k_final	36	true		
ac-v1-09308	MS-n8-wYXYYxY	ACP-004430	ms_expanded	T4_frontier	100k	26	true		
ac-v1-09309	MS-n7-wXXXYxxyxY	ACP-020349	ms_expanded	T4_frontier	100k	27	true		
ac-v1-09310	MS-n4-wXYxYY	ACP-003933	ms_expanded	T4_frontier	100k	17	true	open	116
ac-v1-09311	INTLB-b4-2122-0	ACP-040250	interleaved_b	T1_easy	10k_final	32	true		
ac-v1-09312	INTL-b3-121-0	ACP-017572	interleaved	T1_easy	10k_final	30	true		
ac-v1-09313	INTLB-b3t-469-1	ACP-045663	interleaved_b	T2_medium	100k	23	true		
ac-v1-09314	AUTH-17_5-k1-0	ACP-017820	aut_hard	T5_moonshot	100k	23	true		
ac-v1-09315	INTLB-b4-1325-1	ACP-046607	interleaved_b	T1_easy	10k_final	33	true		
ac-v1-09316	INTLB-b3t-369-0	ACP-043330	interleaved_b	T1_easy	10k_final	24	true		
ac-v1-09317	INTL-b3-143-1	ACP-008665	interleaved	T1_easy	10k_final	34	true		
ac-v1-09318	INTL-b4-212-1	ACP-011456	interleaved	T3_hard_solvable	100k	31	true		
ac-v1-09319	INTLB-b4-2178-0	ACP-042646	interleaved_b	T1_easy	10k_final	29	true		
ac-v1-09320	MS-n7-wXXXYxYxxy	ACP-019047	ms_expanded	T4_frontier	100k	27	true		
ac-v1-09321	INTLB-b3t-902-1	ACP-040916	interleaved_b	T1_easy	10k_final	23	true		
ac-v1-09322	INTLB-b4-1931-1	ACP-041702	interleaved_b	T2_medium	100k	23	true		
ac-v1-09323	MS-n4-wYXYYxYY	ACP-015711	ms_expanded	T1_easy	10k_final	19	true	uncertified	809
ac-v1-09324	INTLB-b4-1442-1	ACP-045832	interleaved_b	T2_medium	100k	31	true		
ac-v1-09325	MS-n4-wXXYYxYxyy	ACP-014463	ms_expanded	T4_frontier	100k	21	true		
ac-v1-09326	AUTH-23_8-k12-0	ACP-020077	aut_hard	T5_moonshot	100k	26	true		
ac-v1-09327	MS-n2-wYXYxYYYY	ACP-003518	ms_expanded	T1_easy	10k_final	16	true		
ac-v1-09328	INTLB-b4-1061-0	ACP-042738	interleaved_b	T1_easy	10k_final	31	true		
ac-v1-09329	MS-n2-wXXYxxxYXy	ACP-021063	ms_expanded	T4_frontier	100k	17	true		
ac-v1-09330	INTLB-b4-77-1	ACP-037894	interleaved_b	T2_medium	100k	34	true		
ac-v1-09331	INTLB-b3t-309-0	ACP-037585	interleaved_b	T1_easy	10k_final	29	true		
ac-v1-09332	MS-n4-wXXyxYxY	ACP-026731	ms_expanded	T5_moonshot	100k	19	false	open	1054
ac-v1-09333	INTLB-b4-1780-0	ACP-038579	interleaved_b	T1_easy	10k_final	29	true		
ac-v1-09334	INTLB-b4-2121-1	ACP-040859	interleaved_b	T1_easy	10k_final	31	true		
ac-v1-09335	INTLB-b3t-569-1	ACP-041002	interleaved_b	T1_easy	10k_final	36	true		
ac-v1-09336	MS-n4-wXXXYxYxxYY	ACP-011592	ms_expanded	T4_frontier	100k	22	true		
ac-v1-09337	INTLB-b4-288-0	ACP-038828	interleaved_b	T3_hard_solvable	100k	33	true		
ac-v1-09338	MS-n5-wYXYXYYxyxY	ACP-030770	ms_expanded	T5_moonshot	100k	24	true		
ac-v1-09339	INTLB-b4-2149-1	ACP-041549	interleaved_b	T3_hard_solvable	100k	31	true		
ac-v1-09340	INTLB-b4-1389-1	ACP-041224	interleaved_b	T1_easy	10k_final	31	true		
ac-v1-09341	INTLB-b3t-558-1	ACP-040412	interleaved_b	T1_easy	10k_final	35	true		
ac-v1-09342	INTLB-b3t-669-1	ACP-038147	interleaved_b	T1_easy	10k_final	31	true		
ac-v1-09343	INTLB-b3t-895-0	ACP-045603	interleaved_b	T1_easy	10k_final	24	true		
ac-v1-09344	AUTH-AK(2)-k5-0	ACP-033480	aut_hard	T1_easy	10k_final	40	true		
ac-v1-09345	INTLB-b4-2927-1	ACP-037847	interleaved_b	T2_medium	100k	32	true		
ac-v1-09346	MS-n3-wXyyxyyyyy	ACP-012650	ms_expanded	T1_easy	10k_final	19	true		
ac-v1-09347	INTLB-b4-1549-0	ACP-040426	interleaved_b	T2_medium	100k	27	true		
ac-v1-09348	INTLB-b3t-745-1	ACP-041837	interleaved_b	T1_easy	10k_final	23	true		
ac-v1-09349	MS-n4-wXXYYYxxy	ACP-021678	ms_expanded	T4_frontier	100k	20	true		
ac-v1-09350	MS-n3-wXyyxY	ACP-030013	ms_expanded	T5_moonshot	10k_final	15	true	open	157
ac-v1-09351	INTLB-b4-249-1	ACP-037733	interleaved_b	T2_medium	100k	30	true		
ac-v1-09352	INTLB-b4-207-0	ACP-040524	interleaved_b	T2_medium	100k	33	true		
ac-v1-09353	INTLB-b4-16-0	ACP-038644	interleaved_b	T1_easy	10k_final	24	true		
ac-v1-09354	MS-n9-wXXYYxYYxy	ACP-026564	ms_expanded	T4_frontier	100k	31	true		
ac-v1-09355	INTL-b3-117-0	ACP-016894	interleaved	T1_easy	10k_final	35	true		
ac-v1-09356	MS-n5-wYYXYYYYxYY	ACP-023895	ms_expanded	T2_medium	100k	24	true		
ac-v1-09357	INTLB-b4-2165-1	ACP-045349	interleaved_b	T1_easy	10k_final	33	true		
ac-v1-09358	INTLB-b4-1002-0	ACP-047151	interleaved_b	T1_easy	10k_final	29	true		
ac-v1-09359	INTLB-b4-1803-0	ACP-042765	interleaved_b	T1_easy	10k_final	26	true		
ac-v1-09360	INTLB-b4-3296-1	ACP-037903	interleaved_b	T3_hard_solvable	100k	27	true		
ac-v1-09361	MS-n3-wXXXYYxxYxY	ACP-036597	ms_expanded	T4_frontier	100k	20	true		
ac-v1-09362	MS-n5-wYYYXYxyy	ACP-027828	ms_expanded	T2_medium	100k	22	true		
ac-v1-09363	AUTH-21_33-k1-0	ACP-016935	aut_hard	T5_moonshot	100k	27	true		
ac-v1-09364	INTLB-b4-1476-0	ACP-043984	interleaved_b	T1_easy	10k_final	31	true		
ac-v1-09365	INTLB-b4-1157-1	ACP-039647	interleaved_b	T1_easy	10k_final	21	true		
ac-v1-09366	INTLB-b3t-13-1	ACP-042231	interleaved_b	T1_easy	10k_final	32	true		
ac-v1-09367	INTLB-b4-1395-1	ACP-037501	interleaved_b	T1_easy	10k_final	36	true		
ac-v1-09368	MS-n2-wXXXYxYxxyy	ACP-035479	ms_expanded	T4_frontier	100k	18	true		
ac-v1-09369	INTLB-b3t-437-0	ACP-042489	interleaved_b	T1_easy	10k_final	29	true		
ac-v1-09370	INTLB-b3t-301-0	ACP-041370	interleaved_b	T1_easy	10k_final	29	true		
ac-v1-09371	INTLB-b4-392-1	ACP-042498	interleaved_b	T2_medium	100k	33	true		
ac-v1-09372	INTLB-b3t-242-0	ACP-043078	interleaved_b	T1_easy	10k_final	27	true		
ac-v1-09373	INTLB-b3t-146-0	ACP-044779	interleaved_b	T1_easy	10k_final	28	true		
ac-v1-09374	INTLB-b4-2849-1	ACP-046851	interleaved_b	T2_medium	100k	28	true		
ac-v1-09375	MS-n6-wYYYYXyyyxY	ACP-015194	ms_expanded	T1_easy	10k_final	26	true		
ac-v1-09376	INTLB-b4-1961-0	ACP-046667	interleaved_b	T2_medium	100k	32	true		
ac-v1-09377	INTLB-b4-1831-0	ACP-042823	interleaved_b	T3_hard_solvable	100k	35	true		
ac-v1-09378	INTLB-b4-2420-1	ACP-043529	interleaved_b	T2_medium	100k	31	true		
ac-v1-09379	INTLB-b3t-881-1	ACP-037956	interleaved_b	T1_easy	10k_final	31	true		
ac-v1-09380	MS-n9-wXXYYxyxY	ACP-035624	ms_expanded	T4_frontier	100k	30	true		
ac-v1-09381	INTLB-b4-1884-1	ACP-042284	interleaved_b	T2_medium	100k	32	true		
ac-v1-09382	INTL-b3-110-0	ACP-002955	interleaved	T1_easy	10k_final	28	true		
ac-v1-09383	INTL-b2-156-0	ACP-000008	interleaved	T1_easy	10k_final	33	true		
ac-v1-09384	INTLB-b4-1835-1	ACP-044331	interleaved_b	T2_medium	100k	31	true		
ac-v1-09385	INTLB-b3t-247-1	ACP-046730	interleaved_b	T1_easy	10k_final	29	true		
ac-v1-09386	AUTH-25_31-k12-0	ACP-016651	aut_hard	T5_moonshot	100k	34	true		
ac-v1-09387	INTLB-b3t-757-1	ACP-038445	interleaved_b	T1_easy	10k_final	32	true		
ac-v1-09388	INTLB-b4-98-0	ACP-040682	interleaved_b	T3_hard_solvable	100k	27	true		
ac-v1-09389	MS-n3-wXXXYxxxYYY	ACP-013194	ms_expanded	T4_frontier	100k	20	true		
ac-v1-09390	INTLB-b4-1242-1	ACP-042457	interleaved_b	T1_easy	10k_final	30	true		
ac-v1-09391	INTLB-b4-1087-0	ACP-046102	interleaved_b	T1_easy	10k_final	24	true		
ac-v1-09392	INTL-b4-194-1	ACP-034993	interleaved	T2_medium	100k	33	true		
ac-v1-09393	INTLB-b4-726-0	ACP-040863	interleaved_b	T2_medium	100k	29	true		
ac-v1-09394	INTLB-b4-1431-0	ACP-044690	interleaved_b	T2_medium	100k	24	true		
ac-v1-09395	INTL-b4-233-0	ACP-003322	interleaved	T2_medium	100k	30	true		
ac-v1-09396	INTLB-b4-2045-1	ACP-045588	interleaved_b	T1_easy	10k_final	31	true		
ac-v1-09397	MS-n2-wXXXYYxxyxy	ACP-035751	ms_expanded	T4_frontier	100k	18	true		
ac-v1-09398	INTLB-b4-380-1	ACP-043893	interleaved_b	T2_medium	100k	35	true		
ac-v1-09399	AUTH-19_33-k1-0	ACP-025374	aut_hard	T5_moonshot	100k	19	true		
ac-v1-09400	INTLB-b3t-197-1	ACP-041289	interleaved_b	T1_easy	10k_final	28	true		
ac-v1-09401	INTL-b4-203-1	ACP-032750	interleaved	T2_medium	100k	33	true		
ac-v1-09402	INTLB-b4-119-1	ACP-043541	interleaved_b	T3_hard_solvable	100k	36	true		
ac-v1-09403	INTLB-b3t-4-1	ACP-042964	interleaved_b	T1_easy	10k_final	35	true		
ac-v1-09404	INTLB-b4-187-1	ACP-042219	interleaved_b	T1_easy	10k_final	26	true		
ac-v1-09405	MS-n7-wXXXYYxxyxy	ACP-005443	ms_expanded	T4_frontier	100k	28	true		
ac-v1-09406	INTL-b2-107-1	ACP-015026	interleaved	T1_easy	10k_final	35	true		
ac-v1-09407	MS-n10-wXXXYxxxY	ACP-030636	ms_expanded	T4_frontier	100k	32	true		
ac-v1-09408	MS-n9-wYXYYxy	ACP-032507	ms_expanded	T4_frontier	100k	28	true		
ac-v1-09409	INTLB-b4-1157-0	ACP-041518	interleaved_b	T1_easy	10k_final	23	true		
ac-v1-09410	MS-n7-wXyxxYXy	ACP-029483	ms_expanded	T5_moonshot	100k	25	false	open	1022
ac-v1-09411	INTLB-b4-1536-0	ACP-037524	interleaved_b	T1_easy	10k_final	31	true		
ac-v1-09412	MS-n8-wyyxYYXyyy	ACP-015811	ms_expanded	T2_medium	100k	29	true		
ac-v1-09413	INTLB-b4-2015-0	ACP-044840	interleaved_b	T1_easy	10k_final	33	true		
ac-v1-09414	INTL-b2-105-0	ACP-003125	interleaved	T1_easy	10k_final	21	true		
ac-v1-09415	MS-n8-wyXyxyy	ACP-027495	ms_expanded	T4_frontier	100k	26	true		
ac-v1-09416	MS-n8-wYXYYxyy	ACP-013566	ms_expanded	T2_medium	100k	27	true		
ac-v1-09417	MS-n5-wXYxxYXY	ACP-009117	ms_expanded	T4_frontier	100k	21	true	open	845
ac-v1-09418	INTLB-b4-2171-1	ACP-044155	interleaved_b	T3_hard_solvable	100k	31	true		
ac-v1-09419	INTLB-b3t-749-1	ACP-042779	interleaved_b	T1_easy	10k_final	29	true		
ac-v1-09420	AUTH-17_10-k1-2	ACP-014354	aut_hard	T5_moonshot	100k	17	true		
ac-v1-09421	INTLB-b4-105-1	ACP-040620	interleaved_b	T1_easy	10k_final	27	true		
ac-v1-09422	INTLB-b3t-853-1	ACP-045424	interleaved_b	T1_easy	10k_final	35	true		
ac-v1-09423	INTLB-b4-147-0	ACP-041538	interleaved_b	T1_easy	10k_final	25	true		
ac-v1-09424	INTLB-b4-3007-1	ACP-045549	interleaved_b	T2_medium	100k	35	true		
ac-v1-09425	INTLB-b3t-73-0	ACP-042355	interleaved_b	T2_medium	100k	28	true		
ac-v1-09426	INTLB-b4-2595-0	ACP-042003	interleaved_b	T2_medium	100k	33	true		
ac-v1-09427	INTLB-b4-2710-1	ACP-042676	interleaved_b	T2_medium	100k	31	true		
ac-v1-09428	INTLB-b4-66-1	ACP-039365	interleaved_b	T2_medium	100k	35	true		
ac-v1-09429	INTLB-b4-855-1	ACP-039073	interleaved_b	T2_medium	100k	33	true		
ac-v1-09430	INTLB-b3t-792-0	ACP-040128	interleaved_b	T1_easy	10k_final	29	true		
ac-v1-09431	INTLB-b4-1689-1	ACP-045064	interleaved_b	T3_hard_solvable	100k	25	true		
ac-v1-09432	INTLB-b3t-349-0	ACP-037794	interleaved_b	T1_easy	10k_final	28	true		
ac-v1-09433	INTLB-b3t-671-1	ACP-045212	interleaved_b	T1_easy	10k_final	31	true		
ac-v1-09434	MS-n8-wYY	ACP-001789	ms_expanded	T0_warmup	10k_final	22	true		
ac-v1-09435	MS-n4-wXXXYxxxy	ACP-011210	ms_expanded	T4_frontier	100k	20	true		
ac-v1-09436	INTL-b3-176-1	ACP-016888	interleaved	T1_easy	10k_final	28	true		
ac-v1-09437	INTL-b4-136-1	ACP-036891	interleaved	T1_easy	10k_final	33	true		
ac-v1-09438	INTLB-b3t-693-1	ACP-040295	interleaved_b	T1_easy	10k_final	32	true		
ac-v1-09439	MS-n4-wXXYXyxxxY	ACP-014770	ms_expanded	T4_frontier	100k	21	true		
ac-v1-09440	MS-n4-wXyyyxY	ACP-010172	ms_expanded	T5_moonshot	100k	18	false	open	396
ac-v1-09441	INTLB-b3t-346-1	ACP-042487	interleaved_b	T1_easy	10k_final	30	true		
ac-v1-09442	INTLB-b3t-924-0	ACP-045260	interleaved_b	T1_easy	10k_final	25	true		
ac-v1-09443	AUTH-25_30-k12-0	ACP-000878	aut_hard	T5_moonshot	100k	28	true		
ac-v1-09444	INTL-b4-167-1	ACP-032811	interleaved	T2_medium	100k	35	true		
ac-v1-09445	INTLB-b3t-107-0	ACP-045175	interleaved_b	T3_hard_solvable	100k	29	true		
ac-v1-09446	INTLB-b4-1919-1	ACP-039906	interleaved_b	T1_easy	10k_final	35	true		
ac-v1-09447	INTLB-b3t-795-0	ACP-038402	interleaved_b	T1_easy	10k_final	32	true		
ac-v1-09448	INTLB-b3t-338-1	ACP-043128	interleaved_b	T1_easy	10k_final	31	true		
ac-v1-09449	MS-n8-wYXyyyxYYY	ACP-008073	ms_expanded	T1_easy	10k_final	29	true		
ac-v1-09450	INTLB-b3t-167-1	ACP-042084	interleaved_b	T1_easy	10k_final	31	true		
ac-v1-09451	INTLB-b4-3304-0	ACP-042344	interleaved_b	T3_hard_solvable	100k	32	true		
ac-v1-09452	INTLB-b4-1993-0	ACP-045859	interleaved_b	T3_hard_solvable	100k	29	true		
ac-v1-09453	MS-n7-wYYYXyxyyyy	ACP-010699	ms_expanded	T1_easy	10k_final	28	true		
ac-v1-09454	INTLB-b3t-233-0	ACP-041086	interleaved_b	T1_easy	10k_final	33	true		
ac-v1-09455	INTL-b4-171-0	ACP-015190	interleaved	T1_easy	10k_final	30	true		
ac-v1-09456	AUTH-22_3-k1-0	ACP-034961	aut_hard	T5_moonshot	100k	33	true		
ac-v1-09457	MS-n3-wXXyyyxyxy	ACP-018270	ms_expanded	T1_easy	10k_final	19	true		
ac-v1-09458	INTLB-b4-1025-1	ACP-046655	interleaved_b	T1_easy	10k_final	34	true		
ac-v1-09459	INTLB-b3t-28-0	ACP-037776	interleaved_b	T2_medium	100k	30	true		
ac-v1-09460	INTLB-b3t-782-0	ACP-040082	interleaved_b	T1_easy	10k_final	32	true		
ac-v1-09461	AUTH-23_2-k1-3	ACP-032795	aut_hard	T5_moonshot	100k	23	true		
ac-v1-09462	INTLB-b3t-872-1	ACP-040226	interleaved_b	T1_easy	10k_final	32	true		
ac-v1-09463	INTLB-b4-1506-1	ACP-040600	interleaved_b	T1_easy	10k_final	33	true		
ac-v1-09464	INTLB-b4-1019-1	ACP-037693	interleaved_b	T1_easy	10k_final	25	true		
ac-v1-09465	AUTH-19_25-k1-1	ACP-021911	aut_hard	T5_moonshot	100k	25	true		
ac-v1-09466	INTLB-b4-2206-0	ACP-046571	interleaved_b	T2_medium	100k	23	true		
ac-v1-09467	INTLB-b4-1385-1	ACP-039518	interleaved_b	T1_easy	10k_final	28	true		
ac-v1-09468	INTLB-b4-1917-1	ACP-045108	interleaved_b	T2_medium	100k	32	true		
ac-v1-09469	INTL-b1-15-1	ACP-007030	interleaved	T1_easy	10k_final	25	true		
ac-v1-09470	INTLB-b3t-819-1	ACP-045895	interleaved_b	T3_hard_solvable	100k	33	true		
ac-v1-09471	INTLB-b4-1566-0	ACP-038416	interleaved_b	T1_easy	10k_final	30	true		
ac-v1-09472	INTLB-b4-223-0	ACP-041556	interleaved_b	T1_easy	10k_final	33	true		
ac-v1-09473	INTLB-b3t-565-1	ACP-037635	interleaved_b	T1_easy	10k_final	29	true		
ac-v1-09474	MS-n9-wXXYxxYYY	ACP-002575	ms_expanded	T4_frontier	100k	30	true		
ac-v1-09475	INTLB-b3t-305-0	ACP-040201	interleaved_b	T1_easy	10k_final	26	true		
ac-v1-09476	MS-n5-wXXyxyyxy	ACP-011323	ms_expanded	T4_frontier	100k	22	true		
ac-v1-09477	MS-n5-wYYYXYYxyy	ACP-022638	ms_expanded	T1_easy	10k_final	23	true		
ac-v1-09478	AUTH-23_21-k1-0	ACP-018290	aut_hard	T5_moonshot	100k	35	true		
ac-v1-09479	INTLB-b4-2347-0	ACP-039391	interleaved_b	T3_hard_solvable	100k	34	true		
ac-v1-09480	MS-n4-wXYxxyXY	ACP-027110	ms_expanded	T5_moonshot	100k	19	false	open	837
ac-v1-09481	INTLB-b4-1555-0	ACP-039304	interleaved_b	T1_easy	10k_final	33	true		
ac-v1-09482	AUTH-21_25-k12-0	ACP-008149	aut_hard	T5_moonshot	100k	36	true		
ac-v1-09483	INTLB-b3t-405-1	ACP-039140	interleaved_b	T3_hard_solvable	100k	26	true		
ac-v1-09484	INTLB-b4-285-1	ACP-038943	interleaved_b	T3_hard_solvable	100k	32	true		
ac-v1-09485	INTLB-b4-1209-1	ACP-045825	interleaved_b	T1_easy	10k_final	29	true		
ac-v1-09486	MS-n7-wYXyyxy	ACP-025258	ms_expanded	T4_frontier	100k	24	true	open	336
ac-v1-09487	MS-n6-wXyyxyyy	ACP-034998	ms_expanded	T4_frontier	100k	23	true	open	657
ac-v1-09488	AUTH-15_3-k1-1	ACP-006502	aut_hard	T5_moonshot	100k	19	true		
ac-v1-09489	MS-n3-wXYYXyyyxxy	ACP-019186	ms_expanded	T1_easy	10k_final	20	true		
ac-v1-09490	INTLB-b3t-723-0	ACP-037423	interleaved_b	T1_easy	10k_final	27	true		
ac-v1-09491	INTLB-b3t-103-1	ACP-039605	interleaved_b	T1_easy	10k_final	30	true		
ac-v1-09492	INTL-b2-187-1	ACP-021630	interleaved	T1_easy	10k_final	34	true		
ac-v1-09493	MS-n5-wXYYYxYY	ACP-027227	ms_expanded	T1_easy	10k_final	21	true	uncertified	880
ac-v1-09494	INTL-b4-25-0	ACP-034317	interleaved	T2_medium	100k	29	true		
ac-v1-09495	INTLB-b4-737-0	ACP-044483	interleaved_b	T2_medium	100k	33	true		
ac-v1-09496	INTLB-b4-1136-0	ACP-038426	interleaved_b	T2_medium	100k	27	true		
ac-v1-09497	INTLB-b4-1851-0	ACP-039311	interleaved_b	T1_easy	10k_final	27	true		
ac-v1-09498	AUTH-19_19-k1-2	ACP-000639	aut_hard	T5_moonshot	100k	25	true		
ac-v1-09499	INTLB-b3t-522-0	ACP-039492	interleaved_b	T1_easy	10k_final	34	true		
ac-v1-09500	INTLB-b4-2174-1	ACP-040851	interleaved_b	T3_hard_solvable	100k	29	true		
ac-v1-09501	INTLB-b4-1130-0	ACP-043255	interleaved_b	T1_easy	10k_final	20	true		
ac-v1-09502	MS-n8-wyXyyyyxY	ACP-002012	ms_expanded	T2_medium	100k	28	true		
ac-v1-09503	MS-n2-wXXXXyxxxxy	ACP-035094	ms_expanded	T4_frontier	100k	18	true		
ac-v1-09504	MS-n9-wYYXyyxYY	ACP-002846	ms_expanded	T1_easy	10k_final	30	true		
ac-v1-09505	AUTH-17_7-k12-0	ACP-018529	aut_hard	T5_moonshot	100k	26	true		
ac-v1-09506	INTLB-b4-1724-0	ACP-046779	interleaved_b	T1_easy	10k_final	33	true		
ac-v1-09507	INTLB-b4-1914-0	ACP-040345	interleaved_b	T3_hard_solvable	100k	22	true		
ac-v1-09508	INTLB-b3t-57-0	ACP-041080	interleaved_b	T3_hard_solvable	100k	33	true		
ac-v1-09509	AUTH-19_18-k1-2	ACP-032246	aut_hard	T5_moonshot	100k	19	true		
ac-v1-09510	INTL-b4-125-0	ACP-027076	interleaved	T1_easy	10k_final	18	true		
ac-v1-09511	INTL-b4-226-1	ACP-017341	interleaved	T3_hard_solvable	100k	35	true		
ac-v1-09512	INTLB-b3t-358-1	ACP-041468	interleaved_b	T1_easy	10k_final	25	true		
ac-v1-09513	MS-n10-wYxYXy	ACP-023654	ms_expanded	T4_frontier	100k	29	true		
ac-v1-09514	AUTH-20_6-k1-0	ACP-001711	aut_hard	T5_moonshot	100k	20	true		
ac-v1-09515	MS-n7-wYYYXyxY	ACP-032229	ms_expanded	T4_frontier	100k	25	true	uncertified	1099
ac-v1-09516	INTLB-b4-2813-0	ACP-046970	interleaved_b	T2_medium	100k	34	true		
ac-v1-09517	MS-n5-wYYXyxyyyy	ACP-024102	ms_expanded	T2_medium	100k	23	true		
ac-v1-09518	MS-n8-wXyyyyxYYY	ACP-005725	ms_expanded	T1_easy	10k_final	29	true		
ac-v1-09519	AUTH-16_10-k0-0	ACP-021087	aut_hard	T5_moonshot	100k	16	true		
ac-v1-09520	INTLB-b4-2410-0	ACP-043606	interleaved_b	T2_medium	100k	31	true		
ac-v1-09521	MS-n5-wXXXyxxxY	ACP-036872	ms_expanded	T4_frontier	100k	22	true		
ac-v1-09522	INTLB-b4-3373-0	ACP-038919	interleaved_b	T2_medium	100k	29	true		
ac-v1-09523	INTLB-b4-1348-0	ACP-041377	interleaved_b	T1_easy	10k_final	21	true		
ac-v1-09524	INTLB-b4-1184-0	ACP-043343	interleaved_b	T2_medium	100k	29	true		
ac-v1-09525	MS-n8-wYXYYYYxY	ACP-015976	ms_expanded	T2_medium	100k	28	true		
ac-v1-09526	INTL-b4-52-0	ACP-008342	interleaved	T2_medium	100k	27	true		
ac-v1-09527	INTLB-b4-2173-0	ACP-045966	interleaved_b	T1_easy	10k_final	23	true		
ac-v1-09528	INTLB-b4-1401-0	ACP-045022	interleaved_b	T3_hard_solvable	100k	31	true		
ac-v1-09529	MS-n5-wXYYYYxYY	ACP-017556	ms_expanded	T2_medium	100k	22	true		
ac-v1-09530	INTLB-b4-443-1	ACP-037286	interleaved_b	T2_medium	100k	31	true		
ac-v1-09531	INTLB-b3t-174-0	ACP-037879	interleaved_b	T1_easy	10k_final	27	true		
ac-v1-09532	INTLB-b4-1568-1	ACP-042506	interleaved_b	T1_easy	10k_final	32	true		
ac-v1-09533	AUTH-16_3-k1-3	ACP-033925	aut_hard	T5_moonshot	100k	16	true		
ac-v1-09534	MS-n9-wXXYxxyy	ACP-028601	ms_expanded	T4_frontier	100k	29	true		
ac-v1-09535	INTLB-b4-2491-1	ACP-042259	interleaved_b	T2_medium	100k	24	true		
ac-v1-09536	INTLB-b3t-741-1	ACP-040245	interleaved_b	T1_easy	10k_final	23	true		
ac-v1-09537	MS-n7-wYXYxY	ACP-014827	ms_expanded	T5_moonshot	100k	23	true	open	133
ac-v1-09538	INTLB-b4-2059-1	ACP-040769	interleaved_b	T1_easy	10k_final	34	true		
ac-v1-09539	INTLB-b4-2039-1	ACP-046425	interleaved_b	T1_easy	10k_final	35	true		
ac-v1-09540	INTLB-b4-2119-1	ACP-039986	interleaved_b	T1_easy	10k_final	31	true		
ac-v1-09541	INTL-b2-289-0	ACP-018824	interleaved	T1_easy	10k_final	31	true		
ac-v1-09542	AUTH-18_1-k1-2	ACP-010220	aut_hard	T5_moonshot	100k	18	true		
ac-v1-09543	INTLB-b3t-500-1	ACP-040064	interleaved_b	T1_easy	10k_final	25	true		
ac-v1-09544	MS-n7-wyxyXyyy	ACP-037098	ms_expanded	T5_moonshot	100k	25	false	open	560
ac-v1-09545	AUTH-16_6-k1-0	ACP-032532	aut_hard	T5_moonshot	100k	16	true		
ac-v1-09546	INTLB-b4-1773-0	ACP-042508	interleaved_b	T1_easy	10k_final	31	true		
ac-v1-09547	INTLB-b4-309-1	ACP-039003	interleaved_b	T2_medium	100k	32	true		
ac-v1-09548	INTLB-b3t-464-0	ACP-043985	interleaved_b	T2_medium	100k	29	true		
ac-v1-09549	INTLB-b4-1509-0	ACP-044378	interleaved_b	T2_medium	100k	33	true		
ac-v1-09550	INTLB-b4-1026-0	ACP-037328	interleaved_b	T0_warmup	10k_final	23	true		
ac-v1-09551	INTLB-b3t-345-1	ACP-042265	interleaved_b	T1_easy	10k_final	31	true		
ac-v1-09552	INTLB-b4-499-0	ACP-038876	interleaved_b	T2_medium	100k	30	true		
ac-v1-09553	MS-n7-wXYXYxxY	ACP-035152	ms_expanded	T5_moonshot	100k	25	false	open	910
ac-v1-09554	MS-n2-wXXXYxyxyxy	ACP-016802	ms_expanded	T4_frontier	100k	18	true		
ac-v1-09555	INTLB-b3t-80-0	ACP-045642	interleaved_b	T1_easy	10k_final	36	true		
ac-v1-09556	INTLB-b3t-255-1	ACP-043291	interleaved_b	T2_medium	100k	29	true		
ac-v1-09557	INTLB-b3t-524-1	ACP-042070	interleaved_b	T1_easy	10k_final	34	true		
ac-v1-09558	MS-n5-wXXXYxyxyxy	ACP-001257	ms_expanded	T4_frontier	100k	24	true		
ac-v1-09559	INTLB-b4-3925-0	ACP-039621	interleaved_b	T2_medium	100k	30	true		
ac-v1-09560	INTLB-b4-110-1	ACP-044197	interleaved_b	T3_hard_solvable	100k	25	true		
ac-v1-09561	INTLB-b3t-407-0	ACP-046614	interleaved_b	T1_easy	10k_final	21	true		
ac-v1-09562	INTL-b2-117-1	ACP-020700	interleaved	T1_easy	10k_final	31	true		
ac-v1-09563	MS-n3-wXXyyxYxy	ACP-002920	ms_expanded	T4_frontier	100k	18	true		
ac-v1-09564	INTLB-b3t-194-1	ACP-039618	interleaved_b	T1_easy	10k_final	27	true		
ac-v1-09565	MS-n4-wXXXYxxyyxY	ACP-017741	ms_expanded	T4_frontier	100k	22	true		
ac-v1-09566	MS-n8-wXXyyxxY	ACP-019282	ms_expanded	T4_frontier	100k	27	true		
ac-v1-09567	MS-n4-wXYxxYXY	ACP-029132	ms_expanded	T5_moonshot	100k	19	false	open	844
ac-v1-09568	MS-n5-wXXXyxxYxY	ACP-021680	ms_expanded	T4_frontier	100k	23	true		
ac-v1-09569	INTLB-b3t-512-0	ACP-039880	interleaved_b	T1_easy	10k_final	35	true		
ac-v1-09570	INTLB-b4-1852-0	ACP-038017	interleaved_b	T1_easy	10k_final	26	true		
ac-v1-09571	AUTH-15_6-k1-1	ACP-027543	aut_hard	T5_moonshot	100k	16	true		
ac-v1-09572	INTLB-b4-1378-0	ACP-045637	interleaved_b	T1_easy	10k_final	33	true		
ac-v1-09573	MS-n9-wXXYxyyxy	ACP-029201	ms_expanded	T4_frontier	100k	30	true		
ac-v1-09574	INTLB-b4-1583-1	ACP-039273	interleaved_b	T2_medium	100k	28	true		
ac-v1-09575	INTLB-b4-1907-1	ACP-045563	interleaved_b	T3_hard_solvable	100k	29	true		
ac-v1-09576	INTLB-b3t-684-1	ACP-038013	interleaved_b	T1_easy	10k_final	27	true		
ac-v1-09577	INTLB-b3t-140-1	ACP-042875	interleaved_b	T3_hard_solvable	100k	35	true		
ac-v1-09578	INTLB-b4-2150-1	ACP-037865	interleaved_b	T3_hard_solvable	100k	31	true		
ac-v1-09579	AUTH-19_44-k1-0	ACP-035800	aut_hard	T5_moonshot	100k	21	true		
ac-v1-09580	INTLB-b4-449-0	ACP-043501	interleaved_b	T3_hard_solvable	100k	31	true		
ac-v1-09581	INTLB-b4-148-0	ACP-043203	interleaved_b	T1_easy	10k_final	31	true		
ac-v1-09582	INTL-b2-154-1	ACP-003311	interleaved	T1_easy	10k_final	33	true		
ac-v1-09583	INTLB-b3t-548-0	ACP-042645	interleaved_b	T1_easy	10k_final	35	true		
ac-v1-09584	MS-n4-wXXyyxxyy	ACP-000192	ms_expanded	T4_frontier	100k	20	true		
ac-v1-09585	INTLB-b4-3552-1	ACP-046954	interleaved_b	T2_medium	100k	34	true		
ac-v1-09586	INTL-b4-221-1	ACP-003722	interleaved	T1_easy	10k_final	26	true		
ac-v1-09587	MS-n4-wXXXXyxxxxy	ACP-031535	ms_expanded	T4_frontier	100k	22	true		
ac-v1-09588	MS-n6-wXXYYxYxy	ACP-014302	ms_expanded	T4_frontier	100k	24	true		
ac-v1-09589	INTL-b4-158-1	ACP-010145	interleaved	T3_hard_solvable	100k	33	true		
ac-v1-09590	INTLB-b4-1326-1	ACP-038377	interleaved_b	T1_easy	10k_final	27	true		
ac-v1-09591	INTL-b4-95-0	ACP-033015	interleaved	T2_medium	100k	35	true		
ac-v1-09592	MS-n6-wYXYYYxYYYY	ACP-008747	ms_expanded	T1_easy	10k_final	26	true		
ac-v1-09593	INTLB-b4-3026-1	ACP-044064	interleaved_b	T2_medium	100k	29	true		
ac-v1-09594	AUTH-AK(2)-k0-0	ACP-019683	aut_hard	T0_warmup	10k_final	11	true		
ac-v1-09595	MS-n7-wXYYxyyyy	ACP-006636	ms_expanded	T0_warmup	10k_final	26	true		
ac-v1-09596	MS-n5-wXYxY	ACP-024003	ms_expanded	T4_frontier	100k	18	true	open	61
ac-v1-09597	INTLB-b4-2819-0	ACP-042049	interleaved_b	T2_medium	100k	33	true		
ac-v1-09598	INTLB-b4-177-0	ACP-042486	interleaved_b	T1_easy	10k_final	30	true		
ac-v1-09599	INTLB-b3t-561-0	ACP-037672	interleaved_b	T1_easy	10k_final	36	true		
ac-v1-09600	INTLB-b4-1387-0	ACP-037718	interleaved_b	T3_hard_solvable	100k	30	true		
ac-v1-09601	MS-n6-wXyXyxxy	ACP-023782	ms_expanded	T4_frontier	100k	23	true	open	1000
ac-v1-09602	MS-n4-wXYXYxxY	ACP-016827	ms_expanded	T5_moonshot	100k	19	false	open	907
ac-v1-09603	INTLB-b3t-151-1	ACP-037379	interleaved_b	T1_easy	10k_final	32	true		
ac-v1-09604	INTLB-b4-1965-1	ACP-041581	interleaved_b	T1_easy	10k_final	33	true		
ac-v1-09605	MS-n10-wYXYYxy	ACP-014763	ms_expanded	T4_frontier	100k	30	true		
ac-v1-09606	INTLB-b4-3307-1	ACP-041285	interleaved_b	T3_hard_solvable	100k	31	true		
ac-v1-09607	INTLB-b4-2623-0	ACP-041818	interleaved_b	T2_medium	100k	21	true		
ac-v1-09608	INTLB-b4-206-0	ACP-037987	interleaved_b	T1_easy	10k_final	31	true		
ac-v1-09609	INTLB-b4-1665-0	ACP-040725	interleaved_b	T3_hard_solvable	100k	24	true		
ac-v1-09610	INTL-b4-183-1	ACP-019139	interleaved	T1_easy	10k_final	29	true		
ac-v1-09611	INTLB-b4-189-0	ACP-042578	interleaved_b	T1_easy	10k_final	31	true		
ac-v1-09612	MS-n9-wXYYxYYYYY	ACP-006510	ms_expanded	T1_easy	10k_final	31	true		
ac-v1-09613	INTLB-b4-834-1	ACP-045205	interleaved_b	T2_medium	100k	32	true		
ac-v1-09614	INTLB-b4-1082-0	ACP-045079	interleaved_b	T1_easy	10k_final	36	true		
ac-v1-09615	MS-n7-wYXYXYYxyxY	ACP-033901	ms_expanded	T5_moonshot	100k	28	true		
ac-v1-09616	INTLB-b4-1019-0	ACP-044841	interleaved_b	T1_easy	10k_final	31	true		
ac-v1-09617	MS-n9-wYxYXyy	ACP-025518	ms_expanded	T4_frontier	100k	28	true		
ac-v1-09618	INTL-b4-207-1	ACP-031372	interleaved	T1_easy	10k_final	22	true		
ac-v1-09619	INTLB-b4-1347-0	ACP-040280	interleaved_b	T1_easy	10k_final	29	true		
ac-v1-09620	INTLB-b4-397-1	ACP-037573	interleaved_b	T3_hard_solvable	100k	33	true		
ac-v1-09621	MS-n8-wyy	ACP-034095	ms_expanded	T0_warmup	10k_final	22	true		
ac-v1-09622	MS-n6-wXXXYYxxxYY	ACP-003317	ms_expanded	T4_frontier	100k	26	true		
ac-v1-09623	INTLB-b4-505-1	ACP-041609	interleaved_b	T2_medium	100k	27	true		
ac-v1-09624	INTLB-b4-1402-0	ACP-042756	interleaved_b	T3_hard_solvable	100k	33	true		
ac-v1-09625	INTL-b2-291-0	ACP-031646	interleaved	T1_easy	10k_final	31	true		
ac-v1-09626	INTLB-b4-1363-1	ACP-037924	interleaved_b	T1_easy	10k_final	29	true		
ac-v1-09627	MS-n8-wXXXYxyxxy	ACP-004207	ms_expanded	T4_frontier	100k	29	true		
ac-v1-09628	MS-n4-wYYXYYxy	ACP-004930	ms_expanded	T1_easy	10k_final	19	true	uncertified	781
ac-v1-09629	INTLB-b4-3324-0	ACP-046664	interleaved_b	T3_hard_solvable	100k	31	true		
ac-v1-09630	INTLB-b4-3182-0	ACP-039085	interleaved_b	T2_medium	100k	31	true		
ac-v1-09631	INTLB-b4-1148-0	ACP-040207	interleaved_b	T1_easy	10k_final	35	true		
ac-v1-09632	MS-n4-wXYYYxyy	ACP-034203	ms_expanded	T4_frontier	100k	19	true	open	872
ac-v1-09633	MS-n8-wYxyXyy	ACP-020012	ms_expanded	T4_frontier	100k	26	true		
ac-v1-09634	INTLB-b3t-267-1	ACP-040483	interleaved_b	T1_easy	10k_final	33	true		
ac-v1-09635	INTLB-b3t-266-0	ACP-042119	interleaved_b	T1_easy	10k_final	36	true		
ac-v1-09636	INTLB-b3t-77-1	ACP-046357	interleaved_b	T1_easy	10k_final	36	true		
ac-v1-09637	INTLB-b4-857-1	ACP-046304	interleaved_b	T3_hard_solvable	100k	25	true		
ac-v1-09638	INTL-b4-1-0	ACP-012965	interleaved	T2_medium	100k	31	true		
ac-v1-09639	MS-n8-wXXyyxxy	ACP-036474	ms_expanded	T4_frontier	100k	27	true		
ac-v1-09640	INTLB-b4-190-1	ACP-046735	interleaved_b	T1_easy	10k_final	27	true		
ac-v1-09641	INTLB-b4-3148-1	ACP-038181	interleaved_b	T3_hard_solvable	100k	28	true		
ac-v1-09642	INTLB-b3t-776-0	ACP-037873	interleaved_b	T1_easy	10k_final	26	true		
ac-v1-09643	INTLB-b4-1557-0	ACP-042197	interleaved_b	T1_easy	10k_final	29	true		
ac-v1-09644	INTLB-b3t-927-0	ACP-043309	interleaved_b	T1_easy	10k_final	23	true		
ac-v1-09645	INTLB-b4-1388-1	ACP-043618	interleaved_b	T1_easy	10k_final	28	true		
ac-v1-09646	INTLB-b3t-804-1	ACP-039173	interleaved_b	T1_easy	10k_final	32	true		
ac-v1-09647	INTL-b2-70-1	ACP-030867	interleaved	T1_easy	10k_final	30	true		
ac-v1-09648	MS-n7-wXXXYxxYYxY	ACP-005598	ms_expanded	T4_frontier	100k	28	true		
ac-v1-09649	INTLB-b4-127-1	ACP-042747	interleaved_b	T3_hard_solvable	100k	31	true		
ac-v1-09650	INTLB-b4-1855-0	ACP-041697	interleaved_b	T1_easy	10k_final	18	true		
ac-v1-09651	MS-n9-wYXyyyxYYYY	ACP-019024	ms_expanded	T2_medium	100k	32	true		
ac-v1-09652	MS-n6-wXXXYxYxxY	ACP-032135	ms_expanded	T4_frontier	100k	25	true		
ac-v1-09653	INTLB-b4-2212-1	ACP-044524	interleaved_b	T2_medium	100k	29	true		
ac-v1-09654	INTLB-b4-2723-0	ACP-045246	interleaved_b	T2_medium	100k	31	true		
ac-v1-09655	MS-n7-wXXyyxxYY	ACP-014907	ms_expanded	T4_frontier	100k	26	true		
ac-v1-09656	INTLB-b4-2677-1	ACP-045430	interleaved_b	T3_hard_solvable	100k	34	true		
ac-v1-09657	INTLB-b3t-938-1	ACP-043615	interleaved_b	T1_easy	10k_final	27	true		
ac-v1-09658	INTLB-b3t-773-0	ACP-045374	interleaved_b	T1_easy	10k_final	29	true		
ac-v1-09659	INTLB-b4-2260-0	ACP-039258	interleaved_b	T3_hard_solvable	100k	23	true		
ac-v1-09660	MS-n10-wYXyxYY	ACP-012630	ms_expanded	T4_frontier	100k	30	true		
ac-v1-09661	MS-n3-wXXyxyxyy	ACP-036628	ms_expanded	T4_frontier	100k	18	true		
ac-v1-09662	INTLB-b3t-191-1	ACP-040113	interleaved_b	T1_easy	10k_final	31	true		
ac-v1-09663	INTLB-b4-1204-1	ACP-046997	interleaved_b	T1_easy	10k_final	30	true		
ac-v1-09664	INTL-b2-131-0	ACP-005359	interleaved	T1_easy	10k_final	26	true		
ac-v1-09665	AUTH-22_5-k0-0	ACP-000332	aut_hard	T5_moonshot	100k	22	true		
ac-v1-09666	MS-n10-wXXYYYYxxy	ACP-018716	ms_expanded	T4_frontier	100k	33	true		
ac-v1-09667	INTL-b3-140-1	ACP-003046	interleaved	T1_easy	10k_final	29	true		
ac-v1-09668	MS-n7-wXXyxyxY	ACP-036621	ms_expanded	T5_moonshot	100k	25	false	open	532
ac-v1-09669	INTLB-b3t-78-1	ACP-038267	interleaved_b	T1_easy	10k_final	31	true		
ac-v1-09670	INTLB-b4-357-1	ACP-040317	interleaved_b	T2_medium	100k	35	true		
ac-v1-09671	MS-n3-wXXYYxYxYY	ACP-001610	ms_expanded	T4_frontier	100k	19	true		
ac-v1-09672	INTLB-b4-2130-1	ACP-041434	interleaved_b	T1_easy	10k_final	33	true		
ac-v1-09673	MS-n9-wXYYYxy	ACP-017412	ms_expanded	T4_frontier	100k	28	true		
ac-v1-09674	INTLB-b4-265-1	ACP-037742	interleaved_b	T3_hard_solvable	100k	29	true		
ac-v1-09675	AUTH-22_4-k1-2	ACP-017789	aut_hard	T5_moonshot	100k	22	true		
ac-v1-09676	INTLB-b4-2181-0	ACP-043244	interleaved_b	T1_easy	10k_final	29	true		
ac-v1-09677	MS-n7-wXyyxY	ACP-012972	ms_expanded	T4_frontier	100k	23	true	open	161
ac-v1-09678	INTLB-b4-28-1	ACP-042938	interleaved_b	T2_medium	100k	35	true		
ac-v1-09679	INTLB-b3t-224-0	ACP-045042	interleaved_b	T2_medium	100k	34	true		
ac-v1-09680	INTLB-b4-3035-0	ACP-041573	interleaved_b	T2_medium	100k	26	true		
ac-v1-09681	MS-n8-wXXXYxYxxYY	ACP-000280	ms_expanded	T4_frontier	100k	30	true		
ac-v1-09682	INTLB-b4-1196-1	ACP-043751	interleaved_b	T1_easy	10k_final	34	true		
ac-v1-09683	MS-n7-wXyyxYYY	ACP-021275	ms_expanded	T4_frontier	100k	25	true	open	707
ac-v1-09684	MS-n7-wXXYxYYxY	ACP-031585	ms_expanded	T4_frontier	100k	26	true		
ac-v1-09685	INTLB-b4-1674-1	ACP-040831	interleaved_b	T1_easy	10k_final	31	true		
ac-v1-09686	INTLB-b4-2359-0	ACP-046141	interleaved_b	T2_medium	100k	24	true		
ac-v1-09687	MS-n6-wXXYYxxY	ACP-001290	ms_expanded	T4_frontier	100k	23	true	open	573
ac-v1-09688	INTLB-b3t-287-0	ACP-045551	interleaved_b	T1_easy	10k_final	33	true		
ac-v1-09689	MS-n8-wXYxYYY	ACP-003222	ms_expanded	T4_frontier	100k	26	true		
ac-v1-09690	MS-n6-wYxyyyXy	ACP-035187	ms_expanded	T4_frontier	100k	23	false	open	1105
ac-v1-09691	INTLB-b4-152-0	ACP-045094	interleaved_b	T1_easy	10k_final	18	true		
ac-v1-09692	INTLB-b4-123-0	ACP-041557	interleaved_b	T1_easy	10k_final	33	true		
ac-v1-09693	MS-n7-wXXyyyxxy	ACP-033461	ms_expanded	T4_frontier	100k	26	true		
ac-v1-09694	INTLB-b3t-67-1	ACP-038469	interleaved_b	T1_easy	10k_final	31	true		
ac-v1-09695	INTLB-b4-2071-1	ACP-045115	interleaved_b	T1_easy	10k_final	29	true		
ac-v1-09696	INTLB-b3t-845-0	ACP-044242	interleaved_b	T1_easy	10k_final	28	true		
ac-v1-09697	INTLB-b4-281-0	ACP-037536	interleaved_b	T3_hard_solvable	100k	25	true		
ac-v1-09698	INTLB-b4-2347-1	ACP-039929	interleaved_b	T2_medium	100k	34	true		
ac-v1-09699	MS-n10-wXXYYxYxYY	ACP-018973	ms_expanded	T4_frontier	100k	33	true		
ac-v1-09700	INTLB-b4-3995-1	ACP-046675	interleaved_b	T3_hard_solvable	100k	28	true		
ac-v1-09701	INTLB-b4-1769-1	ACP-046921	interleaved_b	T1_easy	10k_final	35	true		
ac-v1-09702	INTLB-b4-2934-0	ACP-043942	interleaved_b	T3_hard_solvable	100k	30	true		
ac-v1-09703	INTLB-b4-1757-1	ACP-045373	interleaved_b	T1_easy	10k_final	27	true		
ac-v1-09704	INTLB-b4-1539-0	ACP-041597	interleaved_b	T2_medium	100k	25	true		
ac-v1-09705	INTLB-b4-1021-1	ACP-038707	interleaved_b	T1_easy	10k_final	31	true		
ac-v1-09706	INTLB-b3t-150-0	ACP-042549	interleaved_b	T1_easy	10k_final	33	true		
ac-v1-09707	INTLB-b4-2607-0	ACP-046133	interleaved_b	T3_hard_solvable	100k	21	true		
ac-v1-09708	MS-n7-wXYxxYXY	ACP-013661	ms_expanded	T5_moonshot	100k	25	false	open	847
ac-v1-09709	INTLB-b4-2162-0	ACP-041504	interleaved_b	T1_easy	10k_final	29	true		
ac-v1-09710	INTLB-b4-3190-1	ACP-043263	interleaved_b	T2_medium	100k	25	true		
ac-v1-09711	INTLB-b4-1125-0	ACP-039596	interleaved_b	T1_easy	10k_final	31	true		
ac-v1-09712	INTLB-b4-54-1	ACP-041887	interleaved_b	T2_medium	100k	33	true		
ac-v1-09713	MS-n7-wyXyxYY	ACP-030003	ms_expanded	T4_frontier	100k	24	true	open	224
ac-v1-09714	MS-n6-wyyXyyxy	ACP-019090	ms_expanded	T4_frontier	100k	23	false	open	678
ac-v1-09715	INTLB-b4-2968-1	ACP-037655	interleaved_b	T3_hard_solvable	100k	29	true		
ac-v1-09716	INTL-b4-5-1	ACP-021814	interleaved	T2_medium	100k	28	true		
ac-v1-09717	MS-n2-wYYYXYxY	ACP-003391	ms_expanded	T1_easy	10k_final	15	true	uncertified	772
ac-v1-09718	INTLB-b4-1513-1	ACP-042240	interleaved_b	T1_easy	10k_final	35	true		
ac-v1-09719	MS-n8-wyXyyyyxy	ACP-012812	ms_expanded	T2_medium	100k	28	true		
ac-v1-09720	INTLB-b3t-156-1	ACP-044551	interleaved_b	T1_easy	10k_final	30	true		
ac-v1-09721	INTLB-b4-613-0	ACP-041576	interleaved_b	T3_hard_solvable	100k	31	true		
ac-v1-09722	MS-n6-wXYYYYYxY	ACP-026934	ms_expanded	T2_medium	100k	24	true		
ac-v1-09723	AUTH-15_6-k1-0	ACP-026286	aut_hard	T5_moonshot	100k	17	true		
ac-v1-09724	INTLB-b3t-573-1	ACP-037650	interleaved_b	T1_easy	10k_final	22	true		
ac-v1-09725	INTLB-b4-2012-0	ACP-044760	interleaved_b	T1_easy	10k_final	29	true		
ac-v1-09726	INTLB-b4-1708-1	ACP-039940	interleaved_b	T2_medium	100k	36	true		
ac-v1-09727	INTL-b4-139-0	ACP-020789	interleaved	T1_easy	10k_final	19	true		
ac-v1-09728	INTLB-b3t-494-0	ACP-039422	interleaved_b	T3_hard_solvable	100k	29	true		
ac-v1-09729	INTLB-b4-1424-1	ACP-043987	interleaved_b	T1_easy	10k_final	35	true		
ac-v1-09730	INTLB-b4-3973-0	ACP-044971	interleaved_b	T3_hard_solvable	100k	29	true		
ac-v1-09731	INTLB-b3t-919-0	ACP-044630	interleaved_b	T1_easy	10k_final	34	true		
ac-v1-09732	MS-n9-wXyyyxYYYY	ACP-032934	ms_expanded	T2_medium	100k	31	true		
ac-v1-09733	INTLB-b3t-226-1	ACP-039217	interleaved_b	T2_medium	100k	21	true		
ac-v1-09734	INTL-b2-101-0	ACP-026930	interleaved	T0_warmup	10k_final	28	true		
ac-v1-09735	INTLB-b4-1744-1	ACP-044711	interleaved_b	T1_easy	10k_final	23	true		
ac-v1-09736	INTLB-b4-1140-1	ACP-043037	interleaved_b	T1_easy	10k_final	29	true		
ac-v1-09737	INTL-b4-240-0	ACP-033449	interleaved	T3_hard_solvable	100k	35	true		
ac-v1-09738	INTLB-b4-825-0	ACP-037447	interleaved_b	T2_medium	100k	24	true		
ac-v1-09739	INTLB-b4-1904-0	ACP-040522	interleaved_b	T2_medium	100k	29	true		
ac-v1-09740	INTLB-b3t-787-1	ACP-037757	interleaved_b	T1_easy	10k_final	31	true		
ac-v1-09741	INTLB-b4-58-0	ACP-040494	interleaved_b	T2_medium	100k	31	true		
ac-v1-09742	MS-n8-wXXXYxxxY	ACP-018730	ms_expanded	T4_frontier	100k	28	true		
ac-v1-09743	INTLB-b4-1644-1	ACP-043721	interleaved_b	T1_easy	10k_final	36	true		
ac-v1-09744	INTLB-b4-1937-0	ACP-038183	interleaved_b	T2_medium	100k	29	true		
ac-v1-09745	INTLB-b3t-892-1	ACP-038525	interleaved_b	T1_easy	10k_final	29	true		
ac-v1-09746	INTL-b4-217-1	ACP-029389	interleaved	T1_easy	10k_final	31	true		
ac-v1-09747	MS-n1-wXXXYYYxxxy	ACP-017296	ms_expanded	T1_easy	10k_final	16	true		
ac-v1-09748	MS-n6-wYYxYXy	ACP-021926	ms_expanded	T4_frontier	100k	22	true	open	293
ac-v1-09749	INTLB-b3t-256-0	ACP-041730	interleaved_b	T1_easy	10k_final	27	true		
ac-v1-09750	MS-n5-wXXYYxYxy	ACP-008879	ms_expanded	T4_frontier	100k	22	true		
ac-v1-09751	MS-n4-wXyyyxy	ACP-016923	ms_expanded	T1_easy	10k_final	18	true	uncertified	382
ac-v1-09752	MS-n3-wXXyxYYxy	ACP-035054	ms_expanded	T4_frontier	100k	18	true		
ac-v1-09753	INTLB-b4-1662-0	ACP-039434	interleaved_b	T1_easy	10k_final	33	true		
ac-v1-09754	INTLB-b4-1751-0	ACP-046081	interleaved_b	T1_easy	10k_final	33	true		
ac-v1-09755	MS-n5-wYxYYYYXy	ACP-029478	ms_expanded	T2_medium	100k	22	true		
ac-v1-09756	INTLB-b3t-560-1	ACP-046482	interleaved_b	T1_easy	10k_final	31	true		
ac-v1-09757	INTLB-b4-1000-0	ACP-039881	interleaved_b	T0_warmup	10k_final	24	true		
ac-v1-09758	MS-n4-wXYYxYYY	ACP-022997	ms_expanded	T1_easy	10k_final	19	true	uncertified	865
ac-v1-09759	INTL-b2-247-0	ACP-022603	interleaved	T1_easy	10k_final	21	true		
ac-v1-09760	INTLB-b4-1289-0	ACP-041479	interleaved_b	T1_easy	10k_final	35	true		
ac-v1-09761	MS-n8-wYYYXyyxYY	ACP-007219	ms_expanded	T1_easy	10k_final	29	true		
ac-v1-09762	MS-n6-wYYXyyxYY	ACP-018685	ms_expanded	T1_easy	10k_final	24	true		
ac-v1-09763	INTL-b4-140-0	ACP-037141	interleaved	T3_hard_solvable	100k	26	true		
ac-v1-09764	INTLB-b4-2003-1	ACP-046315	interleaved_b	T2_medium	100k	31	true		
ac-v1-09765	INTLB-b4-503-0	ACP-043400	interleaved_b	T3_hard_solvable	100k	34	true		
ac-v1-09766	MS-n7-wYxYYXyy	ACP-025546	ms_expanded	T4_frontier	100k	25	true	open	742
ac-v1-09767	INTL-b1-285-0	ACP-028729	interleaved	T1_easy	10k_final	30	true		
ac-v1-09768	INTLB-b3t-80-1	ACP-045372	interleaved_b	T1_easy	10k_final	29	true		
ac-v1-09769	INTLB-b4-2429-1	ACP-038568	interleaved_b	T2_medium	100k	28	true		
ac-v1-09770	MS-n7-wXXYYxxyy	ACP-024206	ms_expanded	T4_frontier	100k	26	true		
ac-v1-09771	INTLB-b3t-162-0	ACP-043980	interleaved_b	T1_easy	10k_final	22	true		
ac-v1-09772	INTLB-b4-3976-0	ACP-038134	interleaved_b	T3_hard_solvable	100k	32	true		
ac-v1-09773	INTLB-b4-1018-1	ACP-039930	interleaved_b	T1_easy	10k_final	27	true		
ac-v1-09774	INTLB-b4-1592-0	ACP-043483	interleaved_b	T1_easy	10k_final	29	true		
ac-v1-09775	INTLB-b4-563-1	ACP-042947	interleaved_b	T3_hard_solvable	100k	29	true		
ac-v1-09776	MS-n1-wXyyXyyxxy	ACP-022798	ms_expanded	T1_easy	10k_final	15	true		
ac-v1-09777	INTLB-b3t-402-0	ACP-046167	interleaved_b	T1_easy	10k_final	21	true		
ac-v1-09778	MS-n7-wXXYYxYYxy	ACP-036338	ms_expanded	T4_frontier	100k	27	true		
ac-v1-09779	INTLB-b4-1091-1	ACP-043056	interleaved_b	T1_easy	10k_final	30	true		
ac-v1-09780	INTLB-b3t-327-0	ACP-041610	interleaved_b	T1_easy	10k_final	36	true		
ac-v1-09781	MS-n6-wYXyyxyyyyy	ACP-004660	ms_expanded	T1_easy	10k_final	26	true		
ac-v1-09782	AUTH-24_1-k1-2	ACP-022510	aut_hard	T5_moonshot	100k	24	true		
ac-v1-09783	INTL-b4-186-1	ACP-030895	interleaved	T3_hard_solvable	100k	29	true		
ac-v1-09784	INTL-b4-162-0	ACP-005311	interleaved	T1_easy	10k_final	21	true		
ac-v1-09785	INTLB-b4-1411-0	ACP-038284	interleaved_b	T2_medium	100k	31	true		
ac-v1-09786	INTLB-b4-669-0	ACP-037438	interleaved_b	T2_medium	100k	31	true		
ac-v1-09787	INTLB-b4-1642-1	ACP-041438	interleaved_b	T2_medium	100k	31	true		
ac-v1-09788	INTLB-b4-2982-0	ACP-044718	interleaved_b	T3_hard_solvable	100k	27	true		
ac-v1-09789	AUTH-17_12-k12-0	ACP-035880	aut_hard	T5_moonshot	100k	39	true		
ac-v1-09790	INTLB-b4-74-0	ACP-041202	interleaved_b	T2_medium	100k	21	true		
ac-v1-09791	INTLB-b4-185-0	ACP-038546	interleaved_b	T2_medium	100k	35	true		
ac-v1-09792	INTLB-b4-3013-0	ACP-038052	interleaved_b	T3_hard_solvable	100k	34	true		
ac-v1-09793	MS-n8-wXyyyyxyy	ACP-021761	ms_expanded	T1_easy	10k_final	28	true		
ac-v1-09794	INTLB-b4-1810-0	ACP-042833	interleaved_b	T1_easy	10k_final	32	true		
ac-v1-09795	INTLB-b4-2997-0	ACP-042556	interleaved_b	T2_medium	100k	31	true		
ac-v1-09796	MS-n10-wXXXYYYxxxy	ACP-006800	ms_expanded	T4_frontier	100k	34	true		
ac-v1-09797	MS-n5-wXXyxxy	ACP-027900	ms_expanded	T5_moonshot	100k	20	true	open	369
ac-v1-09798	INTLB-b4-3318-0	ACP-043164	interleaved_b	T3_hard_solvable	100k	26	true		
ac-v1-09799	INTLB-b3t-648-0	ACP-045224	interleaved_b	T1_easy	10k_final	35	true		
ac-v1-09800	INTLB-b3t-259-0	ACP-039152	interleaved_b	T1_easy	10k_final	32	true		
ac-v1-09801	MS-n4-wXXXYxyxyxY	ACP-021409	ms_expanded	T4_frontier	100k	22	true		
ac-v1-09802	INTLB-b3t-840-0	ACP-046714	interleaved_b	T1_easy	10k_final	34	true		
ac-v1-09803	INTLB-b3t-148-1	ACP-045884	interleaved_b	T1_easy	10k_final	35	true		
ac-v1-09804	MS-n5-wYxYYXyy	ACP-032272	ms_expanded	T4_frontier	100k	21	true	open	740
ac-v1-09805	INTLB-b4-1926-0	ACP-044215	interleaved_b	T1_easy	10k_final	29	true		
ac-v1-09806	MS-n6-wXXYYxxy	ACP-016551	ms_expanded	T5_moonshot	100k	23	true	open	958
ac-v1-09807	INTLB-b4-37-1	ACP-047130	interleaved_b	T2_medium	100k	27	true		
ac-v1-09808	INTLB-b3t-365-1	ACP-039992	interleaved_b	T1_easy	10k_final	29	true		
ac-v1-09809	AUTH-19_3-k1-0	ACP-003509	aut_hard	T5_moonshot	100k	27	true		
ac-v1-09810	MS-n8-wYYYYxYXyy	ACP-013258	ms_expanded	T1_easy	10k_final	29	true		
ac-v1-09811	MS-n4-wXyxyy	ACP-019065	ms_expanded	T4_frontier	100k	17	true	open	172
ac-v1-09812	INTLB-b3t-134-1	ACP-041381	interleaved_b	T1_easy	10k_final	33	true		
ac-v1-09813	INTLB-b3t-715-0	ACP-039236	interleaved_b	T2_medium	100k	29	true		
ac-v1-09814	INTLB-b3t-498-1	ACP-038119	interleaved_b	T1_easy	10k_final	33	true		
ac-v1-09815	INTLB-b4-1008-0	ACP-043533	interleaved_b	T1_easy	10k_final	33	true		
ac-v1-09816	INTLB-b4-635-1	ACP-046453	interleaved_b	T3_hard_solvable	100k	32	true		
ac-v1-09817	INTL-b3-147-1	ACP-010567	interleaved	T1_easy	10k_final	32	true		
ac-v1-09818	INTLB-b4-437-0	ACP-044699	interleaved_b	T3_hard_solvable	100k	28	true		
ac-v1-09819	INTLB-b4-1973-0	ACP-042386	interleaved_b	T1_easy	10k_final	31	true		
ac-v1-09820	INTLB-b3t-632-1	ACP-041875	interleaved_b	T1_easy	10k_final	31	true		
ac-v1-09821	INTLB-b4-1519-1	ACP-037955	interleaved_b	T1_easy	10k_final	32	true		
ac-v1-09822	MS-n2-wXXYYYxyxY	ACP-004427	ms_expanded	T4_frontier	100k	17	true		
ac-v1-09823	INTL-b4-175-0	ACP-026216	interleaved	T1_easy	10k_final	31	true		
ac-v1-09824	INTLB-b4-1467-0	ACP-039352	interleaved_b	T1_easy	10k_final	32	true		
ac-v1-09825	MS-n1-wXXXYxYxxY	ACP-023136	ms_expanded	T0_warmup	10k_final	15	true		
ac-v1-09826	INTLB-b4-1213-1	ACP-041999	interleaved_b	T1_easy	10k_final	28	true		
ac-v1-09827	MS-n2-wXyxxYXy	ACP-033396	ms_expanded	T5_moonshot	100k	15	false	open	1017
ac-v1-09828	INTL-b4-171-1	ACP-016811	interleaved	T1_easy	10k_final	35	true		
ac-v1-09829	MS-n5-wXYYxYYYY	ACP-017578	ms_expanded	T1_easy	10k_final	22	true		
ac-v1-09830	MS-n9-wyXyyxyyyyy	ACP-009212	ms_expanded	T1_easy	10k_final	32	true		
ac-v1-09831	INTLB-b3t-576-1	ACP-044113	interleaved_b	T1_easy	10k_final	29	true		
ac-v1-09832	INTL-b3-113-0	ACP-031437	interleaved	T1_easy	10k_final	21	true		
ac-v1-09833	MS-n4-wYXYxYYYY	ACP-025833	ms_expanded	T1_easy	10k_final	20	true		
ac-v1-09834	INTLB-b3t-209-0	ACP-041212	interleaved_b	T1_easy	10k_final	25	true		
ac-v1-09835	MS-n4-wYYxYYYXy	ACP-016527	ms_expanded	T1_easy	10k_final	20	true		
ac-v1-09836	INTLB-b4-2152-1	ACP-044232	interleaved_b	T1_easy	10k_final	26	true		
ac-v1-09837	INTLB-b4-1604-0	ACP-044885	interleaved_b	T2_medium	100k	34	true		
ac-v1-09838	INTLB-b3t-367-1	ACP-038080	interleaved_b	T1_easy	10k_final	29	true		
ac-v1-09839	INTLB-b3t-10-1	ACP-043334	interleaved_b	T0_warmup	10k_final	29	true		
ac-v1-09840	MS-n6-wYYxyyXyy	ACP-025466	ms_expanded	T1_easy	10k_final	24	true		
ac-v1-09841	INTLB-b4-244-0	ACP-038314	interleaved_b	T2_medium	100k	33	true		
ac-v1-09842	INTLB-b3t-616-0	ACP-037513	interleaved_b	T1_easy	10k_final	29	true		
ac-v1-09843	MS-n9-wXXXYxYxxYY	ACP-032826	ms_expanded	T4_frontier	100k	32	true		
ac-v1-09844	INTLB-b4-2160-1	ACP-042123	interleaved_b	T3_hard_solvable	100k	27	true		
ac-v1-09845	INTLB-b3t-730-1	ACP-039649	interleaved_b	T2_medium	100k	31	true		
ac-v1-09846	MS-n8-wYYYYYYYYY	ACP-007460	ms_expanded	T0_warmup	10k_final	29	true		
ac-v1-09847	INTL-b4-127-1	ACP-006166	interleaved	T2_medium	100k	29	true		
ac-v1-09848	MS-n5-wYYYYxYYXy	ACP-014815	ms_expanded	T2_medium	100k	23	true		
ac-v1-09849	INTLB-b3t-620-0	ACP-046510	interleaved_b	T1_easy	10k_final	33	true		
ac-v1-09850	INTLB-b4-2776-0	ACP-037798	interleaved_b	T2_medium	100k	32	true		
ac-v1-09851	MS-n10-wXXXYYYxxxY	ACP-018729	ms_expanded	T4_frontier	100k	34	true		
ac-v1-09852	MS-n8-wYXYYxyyy	ACP-019869	ms_expanded	T2_medium	100k	28	true		
ac-v1-09853	INTLB-b3t-312-0	ACP-042535	interleaved_b	T1_easy	10k_final	29	true		
ac-v1-09854	INTL-b3-106-0	ACP-033927	interleaved	T1_easy	10k_final	29	true		
ac-v1-09855	INTLB-b4-2038-1	ACP-043935	interleaved_b	T2_medium	100k	34	true		
ac-v1-09856	MS-n8-wXyxxYXy	ACP-023078	ms_expanded	T4_frontier	100k	27	true		
ac-v1-09857	INTLB-b4-1073-1	ACP-039484	interleaved_b	T1_easy	10k_final	24	true		
ac-v1-09858	INTLB-b4-1228-0	ACP-042782	interleaved_b	T1_easy	10k_final	29	true		
ac-v1-09859	INTLB-b4-1930-1	ACP-044108	interleaved_b	T3_hard_solvable	100k	22	true		
ac-v1-09860	AUTH-17_36-k1-0	ACP-033634	aut_hard	T5_moonshot	100k	21	true		
ac-v1-09861	AUTH-16_2-k1-1	ACP-024080	aut_hard	T5_moonshot	100k	19	true		
ac-v1-09862	INTLB-b4-2061-1	ACP-043152	interleaved_b	T1_easy	10k_final	31	true		
ac-v1-09863	AUTH-21_34-k0-0	ACP-005001	aut_hard	T5_moonshot	100k	21	true		
ac-v1-09864	MS-n2-wXXXYxyxxYY	ACP-017924	ms_expanded	T4_frontier	100k	18	true		
ac-v1-09865	AUTH-25_24-k1-0	ACP-032012	aut_hard	T5_moonshot	100k	25	true		
ac-v1-09866	INTLB-b3t-293-1	ACP-040093	interleaved_b	T1_easy	10k_final	31	true		
ac-v1-09867	MS-n7-wXXyxxyyy	ACP-028628	ms_expanded	T4_frontier	100k	26	true		
ac-v1-09868	MS-n2-wXYYYxy	ACP-032828	ms_expanded	T0_warmup	10k_final	14	true	uncertified	401
ac-v1-09869	INTLB-b3t-21-1	ACP-041075	interleaved_b	T1_easy	10k_final	27	true		
ac-v1-09870	MS-n9-wXyyyxYYY	ACP-009890	ms_expanded	T0_warmup	10k_final	30	true		
ac-v1-09871	INTLB-b4-3195-0	ACP-045008	interleaved_b	T2_medium	100k	23	true		
ac-v1-09872	INTLB-b3t-721-1	ACP-042194	interleaved_b	T2_medium	100k	27	true		
ac-v1-09873	INTLB-b4-1760-0	ACP-044403	interleaved_b	T2_medium	100k	25	true		
ac-v1-09874	INTL-b2-129-1	ACP-035275	interleaved	T1_easy	10k_final	21	true		
ac-v1-09875	INTLB-b4-1842-1	ACP-043107	interleaved_b	T3_hard_solvable	100k	31	true		
ac-v1-09876	INTLB-b3t-482-0	ACP-042058	interleaved_b	T1_easy	10k_final	26	true		
ac-v1-09877	INTLB-b4-1946-1	ACP-039225	interleaved_b	T1_easy	10k_final	28	true		
ac-v1-09878	INTLB-b3t-737-0	ACP-039818	interleaved_b	T1_easy	10k_final	32	true		
ac-v1-09879	AUTH-18_4-k0-0	ACP-011885	aut_hard	T5_moonshot	100k	18	true		
ac-v1-09880	MS-n8-wXXXYxxxyyy	ACP-001838	ms_expanded	T4_frontier	100k	30	true		
ac-v1-09881	INTL-b4-19-1	ACP-004696	interleaved	T2_medium	100k	17	true		
ac-v1-09882	INTLB-b4-1359-1	ACP-037930	interleaved_b	T1_easy	10k_final	33	true		
ac-v1-09883	MS-n6-wYYXyyyxyyy	ACP-025049	ms_expanded	T1_easy	10k_final	26	true		
ac-v1-09884	INTLB-b4-1299-0	ACP-039306	interleaved_b	T1_easy	10k_final	35	true		
ac-v1-09885	INTLB-b4-2711-1	ACP-043295	interleaved_b	T2_medium	100k	28	true		
ac-v1-09886	MS-n6-wYYYYYXyxY	ACP-022438	ms_expanded	T2_medium	100k	25	true		
ac-v1-09887	MS-n5-wXXXYxyxYxY	ACP-014878	ms_expanded	T4_frontier	100k	24	true		
ac-v1-09888	INTLB-b4-2128-0	ACP-041445	interleaved_b	T1_easy	10k_final	30	true		
ac-v1-09889	INTLB-b3t-175-1	ACP-039541	interleaved_b	T1_easy	10k_final	26	true		
ac-v1-09890	INTLB-b3t-922-1	ACP-041045	interleaved_b	T1_easy	10k_final	35	true		
ac-v1-09891	INTLB-b4-136-1	ACP-046009	interleaved_b	T1_easy	10k_final	29	true		
ac-v1-09892	MS-n5-wYYXyxYY	ACP-011659	ms_expanded	T2_medium	100k	21	true	uncertified	1090
ac-v1-09893	INTLB-b4-3290-0	ACP-038923	interleaved_b	T3_hard_solvable	100k	20	true		
ac-v1-09894	MS-n6-wXYYYxYYY	ACP-016945	ms_expanded	T1_easy	10k_final	24	true		
ac-v1-09895	INTLB-b4-2086-1	ACP-040735	interleaved_b	T1_easy	10k_final	35	true		
ac-v1-09896	INTLB-b4-1759-0	ACP-042553	interleaved_b	T1_easy	10k_final	34	true		
ac-v1-09897	MS-n9-wXXXYxxyxyy	ACP-018450	ms_expanded	T4_frontier	100k	32	true		
ac-v1-09898	INTLB-b3t-117-1	ACP-037550	interleaved_b	T1_easy	10k_final	33	true		
ac-v1-09899	INTLB-b4-3087-1	ACP-046210	interleaved_b	T2_medium	100k	32	true		
ac-v1-09900	INTLB-b3t-711-0	ACP-044538	interleaved_b	T1_easy	10k_final	35	true		
ac-v1-09901	MS-n10-wXXXYxYxxYY	ACP-019211	ms_expanded	T4_frontier	100k	34	true		
ac-v1-09902	INTLB-b4-1492-1	ACP-040613	interleaved_b	T2_medium	100k	27	true		
ac-v1-09903	MS-n3-wXXXyxxxYY	ACP-019001	ms_expanded	T4_frontier	100k	19	true		
ac-v1-09904	INTLB-b3t-857-0	ACP-041056	interleaved_b	T1_easy	10k_final	27	true		
ac-v1-09905	INTLB-b4-1310-0	ACP-044355	interleaved_b	T1_easy	10k_final	26	true		
ac-v1-09906	MS-n3-wYXyxYYY	ACP-020669	ms_expanded	T5_moonshot	10k_final	17	false	open	1074
ac-v1-09907	MS-n5-wXXyxxyyy	ACP-001066	ms_expanded	T4_frontier	100k	22	true		
ac-v1-09908	INTLB-b3t-518-0	ACP-041401	interleaved_b	T1_easy	10k_final	33	true		
ac-v1-09909	INTLB-b4-2841-1	ACP-039690	interleaved_b	T2_medium	100k	33	true		
ac-v1-09910	MS-n1-wXyXyyyxxy	ACP-024572	ms_expanded	T1_easy	10k_final	15	true		
ac-v1-09911	INTLB-b3t-26-1	ACP-042190	interleaved_b	T1_easy	10k_final	36	true		
ac-v1-09912	INTLB-b4-722-1	ACP-038517	interleaved_b	T2_medium	100k	33	true		
ac-v1-09913	INTLB-b3t-816-1	ACP-037913	interleaved_b	T1_easy	10k_final	31	true		
ac-v1-09914	MS-n2-wXXXYYxxYxY	ACP-025897	ms_expanded	T4_frontier	100k	18	true		
ac-v1-09915	INTL-b3-108-0	ACP-013761	interleaved	T1_easy	10k_final	25	true		
ac-v1-09916	INTLB-b4-1215-0	ACP-037543	interleaved_b	T1_easy	10k_final	25	true		
ac-v1-09917	MS-n4-wXyXYxxY	ACP-029777	ms_expanded	T5_moonshot	100k	19	false	open	1117
ac-v1-09918	INTLB-b3t-104-1	ACP-044037	interleaved_b	T1_easy	10k_final	33	true		
ac-v1-09919	AUTH-15_1-k0-0	ACP-018274	aut_hard	T5_moonshot	100k	15	true		
ac-v1-09920	AUTH-15_15-k1-0	ACP-027038	aut_hard	T5_moonshot	100k	16	true		
ac-v1-09921	MS-n2-wXXYxYYxY	ACP-009473	ms_expanded	T4_frontier	100k	16	true		
ac-v1-09922	INTL-b4-172-0	ACP-007067	interleaved	T1_easy	10k_final	21	true		
ac-v1-09923	INTLB-b4-1615-1	ACP-041346	interleaved_b	T1_easy	10k_final	33	true		
ac-v1-09924	INTLB-b4-3950-1	ACP-040869	interleaved_b	T3_hard_solvable	100k	25	true		
ac-v1-09925	MS-n4-wXyxxyXY	ACP-033759	ms_expanded	T5_moonshot	100k	19	false	open	991
ac-v1-09926	MS-n2-wXXXyxyxxy	ACP-007643	ms_expanded	T4_frontier	100k	17	true		
ac-v1-09927	INTLB-b3t-470-1	ACP-043983	interleaved_b	T1_easy	10k_final	33	true		
ac-v1-09928	INTLB-b4-130-1	ACP-041255	interleaved_b	T1_easy	10k_final	32	true		
ac-v1-09929	MS-n2-wXXYxYYxYYY	ACP-016019	ms_expanded	T1_easy	10k_final	18	true		
ac-v1-09930	INTLB-b4-210-1	ACP-046480	interleaved_b	T1_easy	10k_final	31	true		
ac-v1-09931	INTLB-b4-1359-0	ACP-044123	interleaved_b	T1_easy	10k_final	28	true		
ac-v1-09932	MS-n5-wYYYYxYYXyy	ACP-022194	ms_expanded	T2_medium	100k	24	true		
ac-v1-09933	INTLB-b3t-259-1	ACP-038450	interleaved_b	T2_medium	100k	32	true		
ac-v1-09934	MS-n10-wXYYYYYxyy	ACP-027373	ms_expanded	T1_easy	10k_final	33	true		
ac-v1-09935	INTLB-b4-517-1	ACP-042746	interleaved_b	T2_medium	100k	29	true		
ac-v1-09936	INTLB-b4-1527-1	ACP-046346	interleaved_b	T1_easy	10k_final	25	true		
ac-v1-09937	INTLB-b4-1548-1	ACP-043474	interleaved_b	T2_medium	100k	35	true		
ac-v1-09938	INTLB-b4-2938-0	ACP-042017	interleaved_b	T3_hard_solvable	100k	32	true		
ac-v1-09939	INTLB-b4-841-0	ACP-038298	interleaved_b	T2_medium	100k	29	true		
ac-v1-09940	MS-n9-wXXXYxxxYYY	ACP-027131	ms_expanded	T4_frontier	100k	32	true		
ac-v1-09941	INTLB-b3t-251-0	ACP-046775	interleaved_b	T1_easy	10k_final	29	true		
ac-v1-09942	INTLB-b3t-827-1	ACP-041907	interleaved_b	T1_easy	10k_final	28	true		
ac-v1-09943	INTLB-b3t-933-0	ACP-038511	interleaved_b	T1_easy	10k_final	32	true		
ac-v1-09944	INTLB-b3t-449-1	ACP-045719	interleaved_b	T1_easy	10k_final	30	true		
ac-v1-09945	MS-n5-wYxYYYXy	ACP-002224	ms_expanded	T1_easy	10k_final	21	true	uncertified	1125
ac-v1-09946	INTLB-b4-2168-0	ACP-039909	interleaved_b	T1_easy	10k_final	32	true		
ac-v1-09947	AUTH-17_4-k1-0	ACP-007135	aut_hard	T5_moonshot	100k	21	true		
ac-v1-09948	INTLB-b4-2245-0	ACP-039048	interleaved_b	T1_easy	10k_final	29	true		
ac-v1-09949	AUTH-20_7-k1-0	ACP-026159	aut_hard	T5_moonshot	100k	25	true		
ac-v1-09950	INTLB-b4-2830-1	ACP-038289	interleaved_b	T2_medium	100k	35	true		
ac-v1-09951	MS-n9-wYY	ACP-032938	ms_expanded	T0_warmup	10k_final	24	true		
ac-v1-09952	MS-n7-wXYYxy	ACP-019898	ms_expanded	T4_frontier	100k	23	true	open	210
ac-v1-09953	INTLB-b4-50-0	ACP-043134	interleaved_b	T2_medium	100k	29	true		
ac-v1-09954	INTLB-b4-2683-0	ACP-045248	interleaved_b	T2_medium	100k	29	true		
ac-v1-09955	MS-n6-wXXXyxYxxy	ACP-003088	ms_expanded	T4_frontier	100k	25	true		
ac-v1-09956	INTLB-b4-1719-0	ACP-037980	interleaved_b	T1_easy	10k_final	21	true		
ac-v1-09957	AUTH-14_1-k1-1	ACP-007652	aut_hard	T5_moonshot	10k_final	17	true		
ac-v1-09958	INTLB-b3t-15-0	ACP-038269	interleaved_b	T1_easy	10k_final	29	true		
ac-v1-09959	MS-n3-wYXYYxY	ACP-027863	ms_expanded	T1_easy	10k_final	16	true	uncertified	500
ac-v1-09960	INTLB-b3t-804-0	ACP-038066	interleaved_b	T1_easy	10k_final	25	true		
ac-v1-09961	MS-n2-wXYXYxxy	ACP-024311	ms_expanded	T5_moonshot	10k_final	15	false	open	898
ac-v1-09962	MS-n9-wXXXyxYxxY	ACP-007660	ms_expanded	T4_frontier	100k	31	true		
ac-v1-09963	INTLB-b4-1953-1	ACP-042673	interleaved_b	T1_easy	10k_final	26	true		
ac-v1-09964	INTLB-b3t-678-0	ACP-046639	interleaved_b	T1_easy	10k_final	26	true		
ac-v1-09965	INTLB-b4-2183-0	ACP-045089	interleaved_b	T1_easy	10k_final	27	true		
ac-v1-09966	AUTH-23_10-k0-0	ACP-026535	aut_hard	T5_moonshot	100k	23	true		
ac-v1-09967	INTLB-b4-2541-1	ACP-042788	interleaved_b	T2_medium	100k	35	true		
ac-v1-09968	INTLB-b3t-565-0	ACP-040714	interleaved_b	T1_easy	10k_final	27	true		
ac-v1-09969	AUTH-19_27-k1-0	ACP-008172	aut_hard	T5_moonshot	100k	19	true		
ac-v1-09970	INTLB-b4-662-1	ACP-046959	interleaved_b	T3_hard_solvable	100k	23	true		
ac-v1-09971	INTLB-b4-2175-0	ACP-039319	interleaved_b	T2_medium	100k	35	true		
ac-v1-09972	INTLB-b4-131-0	ACP-043685	interleaved_b	T2_medium	100k	35	true		
ac-v1-09973	MS-n2-wXYYXYYxxY	ACP-023492	ms_expanded	T1_easy	10k_final	17	true		
ac-v1-09974	MS-n5-wXXYxYxyy	ACP-011164	ms_expanded	T4_frontier	100k	22	true		
ac-v1-09975	MS-n3-wXXYYYxYxY	ACP-013005	ms_expanded	T1_easy	10k_final	19	true		
ac-v1-09976	INTLB-b3t-286-0	ACP-040976	interleaved_b	T1_easy	10k_final	29	true		
ac-v1-09977	MS-n6-wXXXYxYxYxY	ACP-024376	ms_expanded	T4_frontier	100k	26	true		
ac-v1-09978	MS-n6-wYxyXyyyyy	ACP-027486	ms_expanded	T2_medium	100k	25	true		
ac-v1-09979	INTL-b4-168-1	ACP-013115	interleaved	T1_easy	10k_final	19	true		
ac-v1-09980	INTLB-b4-159-0	ACP-044160	interleaved_b	T1_easy	10k_final	18	true		
ac-v1-09981	INTLB-b4-2563-1	ACP-040418	interleaved_b	T2_medium	100k	21	true		
ac-v1-09982	INTL-b4-176-1	ACP-016228	interleaved	T1_easy	10k_final	31	true		
ac-v1-09983	INTLB-b4-1520-1	ACP-040699	interleaved_b	T1_easy	10k_final	27	true		
ac-v1-09984	MS-n8-wXXXyxxYxY	ACP-006466	ms_expanded	T4_frontier	100k	29	true		
ac-v1-09985	AUTH-21_6-k1-2	ACP-013342	aut_hard	T5_moonshot	100k	29	true		
ac-v1-09986	MS-n5-wXXXYYxxxY	ACP-001071	ms_expanded	T4_frontier	100k	23	true		
ac-v1-09987	INTLB-b3t-54-1	ACP-039066	interleaved_b	T1_easy	10k_final	31	true		
ac-v1-09988	MS-n4-wXXyyxyxY	ACP-003115	ms_expanded	T4_frontier	100k	20	true		
ac-v1-09989	INTLB-b4-178-1	ACP-038283	interleaved_b	T1_easy	10k_final	27	true		
ac-v1-09990	INTLB-b3t-415-0	ACP-038953	interleaved_b	T1_easy	10k_final	25	true		
ac-v1-09991	MS-n4-wXXYYxxyy	ACP-011922	ms_expanded	T4_frontier	100k	20	true		
ac-v1-09992	INTLB-b3t-361-0	ACP-040213	interleaved_b	T1_easy	10k_final	25	true		
ac-v1-09993	INTLB-b3t-820-1	ACP-038825	interleaved_b	T1_easy	10k_final	27	true		
ac-v1-09994	INTLB-b3t-848-0	ACP-044514	interleaved_b	T1_easy	10k_final	26	true		
ac-v1-09995	INTLB-b4-2681-1	ACP-041533	interleaved_b	T2_medium	100k	28	true		
ac-v1-09996	INTLB-b4-80-0	ACP-040900	interleaved_b	T3_hard_solvable	100k	27	true		
ac-v1-09997	MS-n5-wXyxyyy	ACP-034966	ms_expanded	T1_easy	10k_final	20	true	uncertified	481
ac-v1-09998	INTLB-b3t-842-1	ACP-039238	interleaved_b	T1_easy	10k_final	32	true		
ac-v1-09999	INTLB-b4-2784-0	ACP-039952	interleaved_b	T3_hard_solvable	100k	27	true		
ac-v1-10000	INTLB-b3t-175-0	ACP-039347	interleaved_b	T1_easy	10k_final	33	true		
ac-v1-10001	MS-n7-wYXYYxy	ACP-003342	ms_expanded	T4_frontier	100k	24	true	open	476
ac-v1-10002	MS-n7-wYYXyyxYY	ACP-026091	ms_expanded	T1_easy	10k_final	26	true		
ac-v1-10003	INTLB-b4-2306-1	ACP-043005	interleaved_b	T2_medium	100k	35	true		
ac-v1-10004	MS-n4-wXXXyyxxxY	ACP-028164	ms_expanded	T4_frontier	100k	21	true		
ac-v1-10005	MS-n10-wXYxxYXy	ACP-035791	ms_expanded	T4_frontier	100k	31	true		
ac-v1-10006	INTL-b3-136-0	ACP-017220	interleaved	T1_easy	10k_final	33	true		
ac-v1-10007	INTL-b3-107-1	ACP-022179	interleaved	T1_easy	10k_final	21	true		
ac-v1-10008	INTLB-b4-3185-1	ACP-046324	interleaved_b	T3_hard_solvable	100k	35	true		
ac-v1-10009	INTLB-b4-1448-1	ACP-043422	interleaved_b	T1_easy	10k_final	25	true		
ac-v1-10010	MS-n3-wXXXYxyxxyy	ACP-030837	ms_expanded	T4_frontier	100k	20	true		
ac-v1-10011	INTLB-b4-480-0	ACP-043004	interleaved_b	T2_medium	100k	22	true		
ac-v1-10012	INTLB-b4-2421-1	ACP-038115	interleaved_b	T3_hard_solvable	100k	30	true		
ac-v1-10013	INTLB-b4-2698-0	ACP-042353	interleaved_b	T2_medium	100k	25	true		
ac-v1-10014	INTLB-b3t-163-0	ACP-040071	interleaved_b	T1_easy	10k_final	35	true		
ac-v1-10015	INTLB-b3t-595-0	ACP-037629	interleaved_b	T1_easy	10k_final	22	true		
ac-v1-10016	INTLB-b4-1443-1	ACP-047152	interleaved_b	T1_easy	10k_final	21	true		
ac-v1-10017	INTLB-b3t-122-1	ACP-041148	interleaved_b	T1_easy	10k_final	27	true		
ac-v1-10018	MS-n7-wXXYYYxyxy	ACP-001148	ms_expanded	T4_frontier	100k	27	true		
ac-v1-10019	MS-n7-wXXXyxYxxy	ACP-023093	ms_expanded	T4_frontier	100k	27	true		
ac-v1-10020	INTLB-b4-2158-1	ACP-042734	interleaved_b	T1_easy	10k_final	33	true		
ac-v1-10021	INTLB-b4-2186-1	ACP-046939	interleaved_b	T1_easy	10k_final	33	true		
ac-v1-10022	AUTH-22_3-k1-1	ACP-022165	aut_hard	T5_moonshot	100k	25	true		
ac-v1-10023	AUTH-16_3-k1-1	ACP-025243	aut_hard	T5_moonshot	100k	19	true		
ac-v1-10024	INTL-b4-132-0	ACP-005252	interleaved	T1_easy	10k_final	19	true		
ac-v1-10025	INTLB-b3t-835-0	ACP-047235	interleaved_b	T1_easy	10k_final	32	true		
ac-v1-10026	INTLB-b3t-267-0	ACP-041714	interleaved_b	T1_easy	10k_final	24	true		
ac-v1-10027	MS-n9-wXYxYYYYY	ACP-021644	ms_expanded	T2_medium	100k	30	true		
ac-v1-10028	INTL-b2-239-0	ACP-002548	interleaved	T1_easy	10k_final	25	true		
ac-v1-10029	INTL-b4-143-0	ACP-029762	interleaved	T0_warmup	10k_final	19	true		
ac-v1-10030	INTLB-b4-2240-0	ACP-045264	interleaved_b	T1_easy	10k_final	31	true		
ac-v1-10031	INTLB-b4-1232-1	ACP-038130	interleaved_b	T1_easy	10k_final	35	true		
ac-v1-10032	MS-n5-wXYYYYYYxY	ACP-005261	ms_expanded	T5_moonshot	100k	23	true		
ac-v1-10033	INTLB-b3t-166-1	ACP-044352	interleaved_b	T1_easy	10k_final	33	true		
ac-v1-10034	INTLB-b4-94-0	ACP-045133	interleaved_b	T3_hard_solvable	100k	26	true		
ac-v1-10035	INTLB-b4-3773-0	ACP-039379	interleaved_b	T3_hard_solvable	100k	34	true		
ac-v1-10036	MS-n7-wYxyyyyXy	ACP-036166	ms_expanded	T1_easy	10k_final	26	true		
ac-v1-10037	INTL-b3-115-1	ACP-029189	interleaved	T1_easy	10k_final	36	true		
ac-v1-10038	INTLB-b4-1102-0	ACP-039926	interleaved_b	T1_easy	10k_final	22	true		
ac-v1-10039	INTLB-b4-1287-1	ACP-037265	interleaved_b	T1_easy	10k_final	26	true		
ac-v1-10040	INTLB-b3t-663-1	ACP-040239	interleaved_b	T1_easy	10k_final	33	true		
ac-v1-10041	INTLB-b3t-751-1	ACP-041920	interleaved_b	T1_easy	10k_final	35	true		
ac-v1-10042	INTLB-b4-2166-0	ACP-039172	interleaved_b	T3_hard_solvable	100k	33	true		
ac-v1-10043	MS-n6-wYYXYYYxYY	ACP-032239	ms_expanded	T1_easy	10k_final	25	true		
ac-v1-10044	MS-n10-wyXyxyy	ACP-001091	ms_expanded	T4_frontier	100k	30	true		
ac-v1-10045	INTL-b4-21-0	ACP-024309	interleaved	T1_easy	10k_final	28	true		
ac-v1-10046	INTLB-b3t-572-1	ACP-040776	interleaved_b	T1_easy	10k_final	32	true		
ac-v1-10047	MS-n4-wXXXXYxxxxy	ACP-030524	ms_expanded	T4_frontier	100k	22	true		
ac-v1-10048	INTLB-b4-120-0	ACP-046328	interleaved_b	T1_easy	10k_final	19	true		
ac-v1-10049	INTLB-b4-2201-0	ACP-041111	interleaved_b	T3_hard_solvable	100k	26	true		
ac-v1-10050	INTLB-b4-1106-1	ACP-038223	interleaved_b	T1_easy	10k_final	33	true		
ac-v1-10051	MS-n9-wXYYYxyyyyy	ACP-011945	ms_expanded	T1_easy	10k_final	32	true		
ac-v1-10052	MS-n7-wYXyxy	ACP-017708	ms_expanded	T5_moonshot	10k_final	23	true	open	105
ac-v1-10053	MS-n5-wYYXYxy	ACP-031027	ms_expanded	T1_easy	10k_final	20	true	uncertified	320
ac-v1-10054	INTLB-b4-2066-1	ACP-045164	interleaved_b	T1_easy	10k_final	27	true		
ac-v1-10055	INTLB-b4-2198-1	ACP-039943	interleaved_b	T1_easy	10k_final	35	true		
ac-v1-10056	INTLB-b3t-394-1	ACP-043461	interleaved_b	T1_easy	10k_final	35	true		
ac-v1-10057	MS-n7-wyXyxY	ACP-034635	ms_expanded	T2_medium	100k	23	true	uncertified	126
ac-v1-10058	MS-n9-wXXXYYxxyxy	ACP-009960	ms_expanded	T4_frontier	100k	32	true		
ac-v1-10059	INTL-b4-140-1	ACP-001463	interleaved	T3_hard_solvable	100k	27	true		
ac-v1-10060	MS-n9-wXXYYxxyy	ACP-026505	ms_expanded	T4_frontier	100k	30	true		
ac-v1-10061	MS-n8-wYYxyXy	ACP-022178	ms_expanded	T4_frontier	100k	26	true		
ac-v1-10062	INTLB-b4-2333-0	ACP-041647	interleaved_b	T2_medium	100k	26	true		
ac-v1-10063	INTLB-b4-136-0	ACP-041878	interleaved_b	T1_easy	10k_final	22	true		
ac-v1-10064	MS-n8-wXXyxxYY	ACP-031635	ms_expanded	T4_frontier	100k	27	true		
ac-v1-10065	INTLB-b3t-805-0	ACP-039271	interleaved_b	T1_easy	10k_final	29	true		
ac-v1-10066	MS-n2-wXYxxYXY	ACP-006748	ms_expanded	T5_moonshot	100k	15	false	open	842
ac-v1-10067	MS-n3-wXXXYYxyxxY	ACP-008631	ms_expanded	T4_frontier	100k	20	true		
ac-v1-10068	MS-n9-wXyxYYYY	ACP-036322	ms_expanded	T4_frontier	100k	29	true		
ac-v1-10069	MS-n6-wYXyyxyyyy	ACP-010936	ms_expanded	T2_medium	100k	25	true		
ac-v1-10070	INTLB-b4-677-1	ACP-044491	interleaved_b	T3_hard_solvable	100k	32	true		
ac-v1-10071	INTLB-b4-1045-1	ACP-037925	interleaved_b	T1_easy	10k_final	29	true		
ac-v1-10072	INTLB-b3t-420-1	ACP-042731	interleaved_b	T1_easy	10k_final	26	true		
ac-v1-10073	INTLB-b4-3959-0	ACP-039790	interleaved_b	T2_medium	100k	23	true		
ac-v1-10074	INTLB-b3t-838-1	ACP-044069	interleaved_b	T1_easy	10k_final	29	true		
ac-v1-10075	AUTH-20_8-k12-0	ACP-005625	aut_hard	T5_moonshot	100k	33	true		
ac-v1-10076	MS-n5-wYYxyXy	ACP-035073	ms_expanded	T4_frontier	100k	20	true	open	306
ac-v1-10077	INTLB-b4-122-0	ACP-042055	interleaved_b	T3_hard_solvable	100k	31	true		
ac-v1-10078	INTLB-b4-199-1	ACP-038884	interleaved_b	T1_easy	10k_final	27	true		
ac-v1-10079	INTLB-b4-14-1	ACP-046630	interleaved_b	T1_easy	10k_final	30	true		
ac-v1-10080	INTLB-b3t-393-1	ACP-044598	interleaved_b	T1_easy	10k_final	33	true		
ac-v1-10081	INTLB-b3t-763-0	ACP-037746	interleaved_b	T1_easy	10k_final	33	true		
ac-v1-10082	MS-n3-wXXXYxYxxY	ACP-002510	ms_expanded	T4_frontier	100k	19	true		
ac-v1-10083	INTLB-b3t-420-0	ACP-042127	interleaved_b	T1_easy	10k_final	31	true		
ac-v1-10084	INTLB-b4-2030-1	ACP-044702	interleaved_b	T1_easy	10k_final	34	true		
ac-v1-10085	AUTH-23_24-k12-2	ACP-012429	aut_hard	T5_moonshot	100k	26	true		
ac-v1-10086	MS-n7-wXXyxxy	ACP-010236	ms_expanded	T5_moonshot	100k	24	true	open	371
ac-v1-10087	MS-n4-wXXXYYxxYxY	ACP-025571	ms_expanded	T4_frontier	100k	22	true		
ac-v1-10088	MS-n9-wXXXYxxxyy	ACP-027706	ms_expanded	T4_frontier	100k	31	true		
ac-v1-10089	INTLB-b3t-460-1	ACP-042465	interleaved_b	T1_easy	10k_final	21	true		
ac-v1-10090	INTLB-b4-2261-0	ACP-045649	interleaved_b	T2_medium	100k	30	true		
ac-v1-10091	INTLB-b4-1294-0	ACP-040081	interleaved_b	T1_easy	10k_final	19	true		
ac-v1-10092	INTLB-b3t-698-1	ACP-043167	interleaved_b	T1_easy	10k_final	29	true		
ac-v1-10093	INTLB-b4-153-0	ACP-041785	interleaved_b	T1_easy	10k_final	33	true		
ac-v1-10094	INTLB-b3t-29-0	ACP-044093	interleaved_b	T1_easy	10k_final	34	true		
ac-v1-10095	INTL-b3-174-0	ACP-010071	interleaved	T1_easy	10k_final	15	true		
ac-v1-10096	INTLB-b4-1625-0	ACP-046619	interleaved_b	T3_hard_solvable	100k	25	true		
ac-v1-10097	INTLB-b4-331-0	ACP-044159	interleaved_b	T2_medium	100k	27	true		
ac-v1-10098	INTLB-b4-1600-1	ACP-043552	interleaved_b	T1_easy	10k_final	30	true		
ac-v1-10099	AUTH-19_37-k1-0	ACP-023065	aut_hard	T5_moonshot	100k	16	true		
ac-v1-10100	INTLB-b4-3943-0	ACP-046006	interleaved_b	T3_hard_solvable	100k	22	true		
ac-v1-10101	INTLB-b4-1246-1	ACP-044619	interleaved_b	T1_easy	10k_final	29	true		
ac-v1-10102	INTLB-b4-1081-1	ACP-037683	interleaved_b	T1_easy	10k_final	31	true		
ac-v1-10103	INTLB-b3t-341-0	ACP-038006	interleaved_b	T1_easy	10k_final	33	true		
ac-v1-10104	MS-n5-wXXXyxxyxY	ACP-017713	ms_expanded	T4_frontier	100k	23	true		
ac-v1-10105	MS-n4-wXyxYYY	ACP-018085	ms_expanded	T4_frontier	100k	18	true	open	410
ac-v1-10106	INTLB-b3t-421-0	ACP-047108	interleaved_b	T1_easy	10k_final	19	true		
ac-v1-10107	INTLB-b4-2116-0	ACP-041963	interleaved_b	T1_easy	10k_final	27	true		
ac-v1-10108	MS-n10-wXXXYYxYxxY	ACP-004808	ms_expanded	T4_frontier	100k	34	true		
ac-v1-10109	INTLB-b4-1397-0	ACP-045934	interleaved_b	T1_easy	10k_final	29	true		
ac-v1-10110	INTLB-b4-2221-1	ACP-045766	interleaved_b	T1_easy	10k_final	28	true		
ac-v1-10111	MS-n3-wXXYxyyxy	ACP-018131	ms_expanded	T4_frontier	100k	18	true		
ac-v1-10112	INTLB-b4-1309-0	ACP-041807	interleaved_b	T1_easy	10k_final	33	true		
ac-v1-10113	INTLB-b3t-590-1	ACP-041435	interleaved_b	T1_easy	10k_final	33	true		
ac-v1-10114	INTLB-b4-1585-1	ACP-045009	interleaved_b	T1_easy	10k_final	26	true		
ac-v1-10115	MS-n2-wXXYYxYxY	ACP-017439	ms_expanded	T0_warmup	10k_final	16	true		
